Ticker,Nome,Setor,Preço Atual,P/L (P/E),P/VP (P/B),Div. Yield (%),Market Cap,ROE (%),ROIC (%),Data IPO,Lucro >0 (4A)?,Receita Sobe?
ACBI,Erro ao buscar dados,-,,,,,,,,N/A,N/A,N/A
ACC,Erro ao buscar dados,-,,,,,,,,N/A,N/A,N/A
ACCD,Erro ao buscar dados,-,,,,,,,,N/A,N/A,N/A
ACCO,Erro ao buscar dados,-,,,,,,,,N/A,N/A,N/A
ACEL,Erro ao buscar dados,-,,,,,,,,N/A,N/A,N/A
ACER,Erro ao buscar dados,-,,,,,,,,N/A,N/A,N/A
ACET,Erro ao buscar dados,-,,,,,,,,N/A,N/A,N/A
ACEV,Erro ao buscar dados,-,,,,,,,,N/A,N/A,N/A
ACEVU,Erro ao buscar dados,-,,,,,,,,N/A,N/A,N/A
ACEVW,Erro ao buscar dados,-,,,,,,,,N/A,N/A,N/A
ACGL,Erro ao buscar dados,-,,,,,,,,N/A,N/A,N/A
ACGLO,Erro ao buscar dados,-,,,,,,,,N/A,N/A,N/A
ACGLP,Erro ao buscar dados,-,,,,,,,,N/A,N/A,N/A
ACH,Erro ao buscar dados,-,,,,,,,,N/A,N/A,N/A
ACHC,Erro ao buscar dados,-,,,,,,,,N/A,N/A,N/A
ACHV,Erro ao buscar dados,-,,,,,,,,N/A,N/A,N/A
ACI,Erro ao buscar dados,-,,,,,,,,N/A,N/A,N/A
ACIA,Erro ao buscar dados,-,,,,,,,,N/A,N/A,N/A
ACIC,Erro ao buscar dados,-,,,,,,,,N/A,N/A,N/A
ACIC.U,Erro ao buscar dados,-,,,,,,,,N/A,N/A,N/A
ACIC.WS,Erro ao buscar dados,-,,,,,,,,N/A,N/A,N/A
ACIU,Erro ao buscar dados,-,,,,,,,,N/A,N/A,N/A
ACIW,Erro ao buscar dados,-,,,,,,,,N/A,N/A,N/A
ACKIU,Erro ao buscar dados,-,,,,,,,,N/A,N/A,N/A
ACLS,Erro ao buscar dados,-,,,,,,,,N/A,N/A,N/A
A,Erro ao buscar dados,-,,,,,,,,N/A,N/A,N/A
AA,Erro ao buscar dados,-,,,,,,,,N/A,N/A,N/A
AACG,Erro ao buscar dados,-,,,,,,,,N/A,N/A,N/A
AACQ,Erro ao buscar dados,-,,,,,,,,N/A,N/A,N/A
AACQU,Erro ao buscar dados,-,,,,,,,,N/A,N/A,N/A
AACQW,Erro ao buscar dados,-,,,,,,,,N/A,N/A,N/A
AAIC,Erro ao buscar dados,-,,,,,,,,N/A,N/A,N/A
AAIC^B,Erro ao buscar dados,-,,,,,,,,N/A,N/A,N/A
AAIC^C,Erro ao buscar dados,-,,,,,,,,N/A,N/A,N/A
AAL,Erro ao buscar dados,-,,,,,,,,N/A,N/A,N/A
AAME,Erro ao buscar dados,-,,,,,,,,N/A,N/A,N/A
AAN,Erro ao buscar dados,-,,,,,,,,N/A,N/A,N/A
AAOI,Erro ao buscar dados,-,,,,,,,,N/A,N/A,N/A
AAON,Erro ao buscar dados,-,,,,,,,,N/A,N/A,N/A
AAP,Erro ao buscar dados,-,,,,,,,,N/A,N/A,N/A
AAPL,Erro ao buscar dados,-,,,,,,,,N/A,N/A,N/A
AAT,Erro ao buscar dados,-,,,,,,,,N/A,N/A,N/A
AAWW,Erro ao buscar dados,-,,,,,,,,N/A,N/A,N/A
AAXJ,Erro ao buscar dados,-,,,,,,,,N/A,N/A,N/A
AAXN,Erro ao buscar dados,-,,,,,,,,N/A,N/A,N/A
AB,Erro ao buscar dados,-,,,,,,,,N/A,N/A,N/A
ABB,Erro ao buscar dados,-,,,,,,,,N/A,N/A,N/A
ABBV,Erro ao buscar dados,-,,,,,,,,N/A,N/A,N/A
ABC,Erro ao buscar dados,-,,,,,,,,N/A,N/A,N/A
ABCB,Erro ao buscar dados,-,,,,,,,,N/A,N/A,N/A
ABCL,Erro ao buscar dados,-,,,,,,,,N/A,N/A,N/A
ABCM,Erro ao buscar dados,-,,,,,,,,N/A,N/A,N/A
ABEO,Erro ao buscar dados,-,,,,,,,,N/A,N/A,N/A
ABEV,Erro ao buscar dados,-,,,,,,,,N/A,N/A,N/A
ABEV3.SA,Erro ao buscar dados,-,,,,,,,,N/A,N/A,N/A
ABG,Erro ao buscar dados,-,,,,,,,,N/A,N/A,N/A
ABIO,Erro ao buscar dados,-,,,,,,,,N/A,N/A,N/A
ABM,Erro ao buscar dados,-,,,,,,,,N/A,N/A,N/A
ABMD,Erro ao buscar dados,-,,,,,,,,N/A,N/A,N/A
ABNB,Erro ao buscar dados,-,,,,,,,,N/A,N/A,N/A
ABR,Erro ao buscar dados,-,,,,,,,,N/A,N/A,N/A
ABR^A,Erro ao buscar dados,-,,,,,,,,N/A,N/A,N/A
ABR^B,Erro ao buscar dados,-,,,,,,,,N/A,N/A,N/A
ABR^C,Erro ao buscar dados,-,,,,,,,,N/A,N/A,N/A
ABST,Erro ao buscar dados,-,,,,,,,,N/A,N/A,N/A
ABT,Erro ao buscar dados,-,,,,,,,,N/A,N/A,N/A
ABTX,Erro ao buscar dados,-,,,,,,,,N/A,N/A,N/A
ABUS,Erro ao buscar dados,-,,,,,,,,N/A,N/A,N/A
AC,Erro ao buscar dados,-,,,,,,,,N/A,N/A,N/A
ACA,Erro ao buscar dados,-,,,,,,,,N/A,N/A,N/A
ACAC,Erro ao buscar dados,-,,,,,,,,N/A,N/A,N/A
ACACU,Erro ao buscar dados,-,,,,,,,,N/A,N/A,N/A
ACACW,Erro ao buscar dados,-,,,,,,,,N/A,N/A,N/A
ACAD,Erro ao buscar dados,-,,,,,,,,N/A,N/A,N/A
ACB,Erro ao buscar dados,-,,,,,,,,N/A,N/A,N/A
ADES,Erro ao buscar dados,-,,,,,,,,N/A,N/A,N/A
ADEX.U,Erro ao buscar dados,-,,,,,,,,N/A,N/A,N/A
ADI,Erro ao buscar dados,-,,,,,,,,N/A,N/A,N/A
ADIL,Erro ao buscar dados,-,,,,,,,,N/A,N/A,N/A
ADILW,Erro ao buscar dados,-,,,,,,,,N/A,N/A,N/A
ADM,Erro ao buscar dados,-,,,,,,,,N/A,N/A,N/A
ADMA,Erro ao buscar dados,-,,,,,,,,N/A,N/A,N/A
ADMP,Erro ao buscar dados,-,,,,,,,,N/A,N/A,N/A
ADMS,Erro ao buscar dados,-,,,,,,,,N/A,N/A,N/A
ADNT,Erro ao buscar dados,-,,,,,,,,N/A,N/A,N/A
ADOC,Erro ao buscar dados,-,,,,,,,,N/A,N/A,N/A
ADOCR,Erro ao buscar dados,-,,,,,,,,N/A,N/A,N/A
ADOCW,Erro ao buscar dados,-,,,,,,,,N/A,N/A,N/A
ADP,Erro ao buscar dados,-,,,,,,,,N/A,N/A,N/A
ADPT,Erro ao buscar dados,-,,,,,,,,N/A,N/A,N/A
ADRE,Erro ao buscar dados,-,,,,,,,,N/A,N/A,N/A
ADS,Erro ao buscar dados,-,,,,,,,,N/A,N/A,N/A
ADSK,Erro ao buscar dados,-,,,,,,,,N/A,N/A,N/A
ADT,Erro ao buscar dados,-,,,,,,,,N/A,N/A,N/A
ADTN,Erro ao buscar dados,-,,,,,,,,N/A,N/A,N/A
ADTX,Erro ao buscar dados,-,,,,,,,,N/A,N/A,N/A
ADUS,Erro ao buscar dados,-,,,,,,,,N/A,N/A,N/A
ADV,Erro ao buscar dados,-,,,,,,,,N/A,N/A,N/A
ADVM,Erro ao buscar dados,-,,,,,,,,N/A,N/A,N/A
ADVWW,Erro ao buscar dados,-,,,,,,,,N/A,N/A,N/A
ACM,Erro ao buscar dados,-,,,,,,,,N/A,N/A,N/A
ACMR,Erro ao buscar dados,-,,,,,,,,N/A,N/A,N/A
ACN,Erro ao buscar dados,-,,,,,,,,N/A,N/A,N/A
ACNB,Erro ao buscar dados,-,,,,,,,,N/A,N/A,N/A
ACND,Erro ao buscar dados,-,,,,,,,,N/A,N/A,N/A
ACND.U,Erro ao buscar dados,-,,,,,,,,N/A,N/A,N/A
ACND.WS,Erro ao buscar dados,-,,,,,,,,N/A,N/A,N/A
ACOR,Erro ao buscar dados,-,,,,,,,,N/A,N/A,N/A
ACP,Erro ao buscar dados,-,,,,,,,,N/A,N/A,N/A
ACRE,Erro ao buscar dados,-,,,,,,,,N/A,N/A,N/A
ACRS,Erro ao buscar dados,-,,,,,,,,N/A,N/A,N/A
ACRX,Erro ao buscar dados,-,,,,,,,,N/A,N/A,N/A
ACST,Erro ao buscar dados,-,,,,,,,,N/A,N/A,N/A
ACTC,Erro ao buscar dados,-,,,,,,,,N/A,N/A,N/A
ACTCU,Erro ao buscar dados,-,,,,,,,,N/A,N/A,N/A
ACTCW,Erro ao buscar dados,-,,,,,,,,N/A,N/A,N/A
ACTG,Erro ao buscar dados,-,,,,,,,,N/A,N/A,N/A
ACV,Erro ao buscar dados,-,,,,,,,,N/A,N/A,N/A
ACWI,Erro ao buscar dados,-,,,,,,,,N/A,N/A,N/A
ACWX,Erro ao buscar dados,-,,,,,,,,N/A,N/A,N/A
ADAP,Erro ao buscar dados,-,,,,,,,,N/A,N/A,N/A
ADBE,Erro ao buscar dados,-,,,,,,,,N/A,N/A,N/A
ADC,Erro ao buscar dados,-,,,,,,,,N/A,N/A,N/A
ADCT,Erro ao buscar dados,-,,,,,,,,N/A,N/A,N/A
ADERU,Erro ao buscar dados,-,,,,,,,,N/A,N/A,N/A
AESE,Erro ao buscar dados,-,,,,,,,,N/A,N/A,N/A
AEY,Erro ao buscar dados,-,,,,,,,,N/A,N/A,N/A
AEYE,Erro ao buscar dados,-,,,,,,,,N/A,N/A,N/A
AEZS,Erro ao buscar dados,-,,,,,,,,N/A,N/A,N/A
AFB,Erro ao buscar dados,-,,,,,,,,N/A,N/A,N/A
AFBI,Erro ao buscar dados,-,,,,,,,,N/A,N/A,N/A
AFC,Erro ao buscar dados,-,,,,,,,,N/A,N/A,N/A
AFG,Erro ao buscar dados,-,,,,,,,,N/A,N/A,N/A
AFGB,Erro ao buscar dados,-,,,,,,,,N/A,N/A,N/A
AFGC,Erro ao buscar dados,-,,,,,,,,N/A,N/A,N/A
AFGD,Erro ao buscar dados,-,,,,,,,,N/A,N/A,N/A
AFGE,Erro ao buscar dados,-,,,,,,,,N/A,N/A,N/A
AFI,Erro ao buscar dados,-,,,,,,,,N/A,N/A,N/A
AFIB,Erro ao buscar dados,-,,,,,,,,N/A,N/A,N/A
AFIN,Erro ao buscar dados,-,,,,,,,,N/A,N/A,N/A
AFINO,Erro ao buscar dados,-,,,,,,,,N/A,N/A,N/A
AFINP,Erro ao buscar dados,-,,,,,,,,N/A,N/A,N/A
AFL,Erro ao buscar dados,-,,,,,,,,N/A,N/A,N/A
AFMD,Erro ao buscar dados,-,,,,,,,,N/A,N/A,N/A
AFRM,Erro ao buscar dados,-,,,,,,,,N/A,N/A,N/A
AFT,Erro ao buscar dados,-,,,,,,,,N/A,N/A,N/A
AFYA,Erro ao buscar dados,-,,,,,,,,N/A,N/A,N/A
AG,Erro ao buscar dados,-,,,,,,,,N/A,N/A,N/A
AGBA,Erro ao buscar dados,-,,,,,,,,N/A,N/A,N/A
AGBAR,Erro ao buscar dados,-,,,,,,,,N/A,N/A,N/A
ADX,Erro ao buscar dados,-,,,,,,,,N/A,N/A,N/A
ADXN,Erro ao buscar dados,-,,,,,,,,N/A,N/A,N/A
ADXS,Erro ao buscar dados,-,,,,,,,,N/A,N/A,N/A
AEACU,Erro ao buscar dados,-,,,,,,,,N/A,N/A,N/A
AEB,Erro ao buscar dados,-,,,,,,,,N/A,N/A,N/A
AEE,Erro ao buscar dados,-,,,,,,,,N/A,N/A,N/A
AEFC,Erro ao buscar dados,-,,,,,,,,N/A,N/A,N/A
AEG,Erro ao buscar dados,-,,,,,,,,N/A,N/A,N/A
AEGN,Erro ao buscar dados,-,,,,,,,,N/A,N/A,N/A
AEHL,Erro ao buscar dados,-,,,,,,,,N/A,N/A,N/A
AEHR,Erro ao buscar dados,-,,,,,,,,N/A,N/A,N/A
AEIS,Erro ao buscar dados,-,,,,,,,,N/A,N/A,N/A
AEL,Erro ao buscar dados,-,,,,,,,,N/A,N/A,N/A
AEL^A,Erro ao buscar dados,-,,,,,,,,N/A,N/A,N/A
AEL^B,Erro ao buscar dados,-,,,,,,,,N/A,N/A,N/A
AEM,Erro ao buscar dados,-,,,,,,,,N/A,N/A,N/A
AEMD,Erro ao buscar dados,-,,,,,,,,N/A,N/A,N/A
AENZ,Erro ao buscar dados,-,,,,,,,,N/A,N/A,N/A
AEO,Erro ao buscar dados,-,,,,,,,,N/A,N/A,N/A
AEP,Erro ao buscar dados,-,,,,,,,,N/A,N/A,N/A
AEPPL,Erro ao buscar dados,-,,,,,,,,N/A,N/A,N/A
AEPPZ,Erro ao buscar dados,-,,,,,,,,N/A,N/A,N/A
AER,Erro ao buscar dados,-,,,,,,,,N/A,N/A,N/A
AERI,Erro ao buscar dados,-,,,,,,,,N/A,N/A,N/A
AES,Erro ao buscar dados,-,,,,,,,,N/A,N/A,N/A
AGBAU,Erro ao buscar dados,-,,,,,,,,N/A,N/A,N/A
AGBAW,Erro ao buscar dados,-,,,,,,,,N/A,N/A,N/A
AGC,Erro ao buscar dados,-,,,,,,,,N/A,N/A,N/A
AGCB,Erro ao buscar dados,-,,,,,,,,N/A,N/A,N/A
AGCO,Erro ao buscar dados,-,,,,,,,,N/A,N/A,N/A
AGCUU,Erro ao buscar dados,-,,,,,,,,N/A,N/A,N/A
AGCWW,Erro ao buscar dados,-,,,,,,,,N/A,N/A,N/A
AGD,Erro ao buscar dados,-,,,,,,,,N/A,N/A,N/A
AGEN,Erro ao buscar dados,-,,,,,,,,N/A,N/A,N/A
AGFS,Erro ao buscar dados,-,,,,,,,,N/A,N/A,N/A
AGI,Erro ao buscar dados,-,,,,,,,,N/A,N/A,N/A
AGIO,Erro ao buscar dados,-,,,,,,,,N/A,N/A,N/A
AGLE,Erro ao buscar dados,-,,,,,,,,N/A,N/A,N/A
AGM,Erro ao buscar dados,-,,,,,,,,N/A,N/A,N/A
AGM.A,Erro ao buscar dados,-,,,,,,,,N/A,N/A,N/A
AGMH,Erro ao buscar dados,-,,,,,,,,N/A,N/A,N/A
AGM^C,Erro ao buscar dados,-,,,,,,,,N/A,N/A,N/A
AGM^D,Erro ao buscar dados,-,,,,,,,,N/A,N/A,N/A
AGM^E,Erro ao buscar dados,-,,,,,,,,N/A,N/A,N/A
AGM^F,Erro ao buscar dados,-,,,,,,,,N/A,N/A,N/A
AGNC,Erro ao buscar dados,-,,,,,,,,N/A,N/A,N/A
AGNCM,Erro ao buscar dados,-,,,,,,,,N/A,N/A,N/A
AGNCN,Erro ao buscar dados,-,,,,,,,,N/A,N/A,N/A
AGNCO,Erro ao buscar dados,-,,,,,,,,N/A,N/A,N/A
AGNCP,Erro ao buscar dados,-,,,,,,,,N/A,N/A,N/A
AGO,Erro ao buscar dados,-,,,,,,,,N/A,N/A,N/A
AGO^B,Erro ao buscar dados,-,,,,,,,,N/A,N/A,N/A
AGO^E,Erro ao buscar dados,-,,,,,,,,N/A,N/A,N/A
AGO^F,Erro ao buscar dados,-,,,,,,,,N/A,N/A,N/A
AGR,Erro ao buscar dados,-,,,,,,,,N/A,N/A,N/A
AGRO,Erro ao buscar dados,-,,,,,,,,N/A,N/A,N/A
AGRX,Erro ao buscar dados,-,,,,,,,,N/A,N/A,N/A
AGS,Erro ao buscar dados,-,,,,,,,,N/A,N/A,N/A
AGTC,Erro ao buscar dados,-,,,,,,,,N/A,N/A,N/A
AGX,Erro ao buscar dados,-,,,,,,,,N/A,N/A,N/A
AGYS,Erro ao buscar dados,-,,,,,,,,N/A,N/A,N/A
AGZD,Erro ao buscar dados,-,,,,,,,,N/A,N/A,N/A
AHAC,Erro ao buscar dados,-,,,,,,,,N/A,N/A,N/A
AHACU,Erro ao buscar dados,-,,,,,,,,N/A,N/A,N/A
AHACW,Erro ao buscar dados,-,,,,,,,,N/A,N/A,N/A
AHC,Erro ao buscar dados,-,,,,,,,,N/A,N/A,N/A
AHCO,Erro ao buscar dados,-,,,,,,,,N/A,N/A,N/A
AHH,Erro ao buscar dados,-,,,,,,,,N/A,N/A,N/A
AHH^A,Erro ao buscar dados,-,,,,,,,,N/A,N/A,N/A
AHL^C,Erro ao buscar dados,-,,,,,,,,N/A,N/A,N/A
AHL^D,Erro ao buscar dados,-,,,,,,,,N/A,N/A,N/A
AHL^E,Erro ao buscar dados,-,,,,,,,,N/A,N/A,N/A
AHPI,Erro ao buscar dados,-,,,,,,,,N/A,N/A,N/A
AHT,Erro ao buscar dados,-,,,,,,,,N/A,N/A,N/A
AHT^D,Erro ao buscar dados,-,,,,,,,,N/A,N/A,N/A
AHT^F,Erro ao buscar dados,-,,,,,,,,N/A,N/A,N/A
AHT^G,Erro ao buscar dados,-,,,,,,,,N/A,N/A,N/A
AHT^H,Erro ao buscar dados,-,,,,,,,,N/A,N/A,N/A
AHT^I,Erro ao buscar dados,-,,,,,,,,N/A,N/A,N/A
AI,Erro ao buscar dados,-,,,,,,,,N/A,N/A,N/A
AIA,Erro ao buscar dados,-,,,,,,,,N/A,N/A,N/A
AIC,Erro ao buscar dados,-,,,,,,,,N/A,N/A,N/A
AIF,Erro ao buscar dados,-,,,,,,,,N/A,N/A,N/A
AIG,Erro ao buscar dados,-,,,,,,,,N/A,N/A,N/A
AIG^A,Erro ao buscar dados,-,,,,,,,,N/A,N/A,N/A
AIH,Erro ao buscar dados,-,,,,,,,,N/A,N/A,N/A
AIHS,Erro ao buscar dados,-,,,,,,,,N/A,N/A,N/A
AIKI,Erro ao buscar dados,-,,,,,,,,N/A,N/A,N/A
AIMC,Erro ao buscar dados,-,,,,,,,,N/A,N/A,N/A
AIN,Erro ao buscar dados,-,,,,,,,,N/A,N/A,N/A
AINV,Erro ao buscar dados,-,,,,,,,,N/A,N/A,N/A
AIO,Erro ao buscar dados,-,,,,,,,,N/A,N/A,N/A
AIQ,Erro ao buscar dados,-,,,,,,,,N/A,N/A,N/A
AIR,Erro ao buscar dados,-,,,,,,,,N/A,N/A,N/A
AIRC,Erro ao buscar dados,-,,,,,,,,N/A,N/A,N/A
AIRG,Erro ao buscar dados,-,,,,,,,,N/A,N/A,N/A
AIRR,Erro ao buscar dados,-,,,,,,,,N/A,N/A,N/A
AIRT,Erro ao buscar dados,-,,,,,,,,N/A,N/A,N/A
AIRTP,Erro ao buscar dados,-,,,,,,,,N/A,N/A,N/A
AIRTW,Erro ao buscar dados,-,,,,,,,,N/A,N/A,N/A
AL,Erro ao buscar dados,-,,,,,,,,N/A,N/A,N/A
ALAC,Erro ao buscar dados,-,,,,,,,,N/A,N/A,N/A
ALACR,Erro ao buscar dados,-,,,,,,,,N/A,N/A,N/A
ALACU,Erro ao buscar dados,-,,,,,,,,N/A,N/A,N/A
ALACW,Erro ao buscar dados,-,,,,,,,,N/A,N/A,N/A
ALB,Erro ao buscar dados,-,,,,,,,,N/A,N/A,N/A
ALBO,Erro ao buscar dados,-,,,,,,,,N/A,N/A,N/A
ALC,Erro ao buscar dados,-,,,,,,,,N/A,N/A,N/A
ALCO,Erro ao buscar dados,-,,,,,,,,N/A,N/A,N/A
ALDX,Erro ao buscar dados,-,,,,,,,,N/A,N/A,N/A
ALE,Erro ao buscar dados,-,,,,,,,,N/A,N/A,N/A
ALEC,Erro ao buscar dados,-,,,,,,,,N/A,N/A,N/A
ALEX,Erro ao buscar dados,-,,,,,,,,N/A,N/A,N/A
ALG,Erro ao buscar dados,-,,,,,,,,N/A,N/A,N/A
ALGM,Erro ao buscar dados,-,,,,,,,,N/A,N/A,N/A
ALGN,Erro ao buscar dados,-,,,,,,,,N/A,N/A,N/A
ALGS,Erro ao buscar dados,-,,,,,,,,N/A,N/A,N/A
ALGT,Erro ao buscar dados,-,,,,,,,,N/A,N/A,N/A
ALIM,Erro ao buscar dados,-,,,,,,,,N/A,N/A,N/A
ALIN^A,Erro ao buscar dados,-,,,,,,,,N/A,N/A,N/A
ALIN^B,Erro ao buscar dados,-,,,,,,,,N/A,N/A,N/A
ALIN^E,Erro ao buscar dados,-,,,,,,,,N/A,N/A,N/A
ALJJ,Erro ao buscar dados,-,,,,,,,,N/A,N/A,N/A
ALK,Erro ao buscar dados,-,,,,,,,,N/A,N/A,N/A
ALKS,Erro ao buscar dados,-,,,,,,,,N/A,N/A,N/A
AIT,Erro ao buscar dados,-,,,,,,,,N/A,N/A,N/A
AIV,Erro ao buscar dados,-,,,,,,,,N/A,N/A,N/A
AIW,Erro ao buscar dados,-,,,,,,,,N/A,N/A,N/A
AIZ,Erro ao buscar dados,-,,,,,,,,N/A,N/A,N/A
AIZN,Erro ao buscar dados,-,,,,,,,,N/A,N/A,N/A
AIZP,Erro ao buscar dados,-,,,,,,,,N/A,N/A,N/A
AJAX,Erro ao buscar dados,-,,,,,,,,N/A,N/A,N/A
AJAX.U,Erro ao buscar dados,-,,,,,,,,N/A,N/A,N/A
AJAX.WS,Erro ao buscar dados,-,,,,,,,,N/A,N/A,N/A
AJG,Erro ao buscar dados,-,,,,,,,,N/A,N/A,N/A
AJRD,Erro ao buscar dados,-,,,,,,,,N/A,N/A,N/A
AJX,Erro ao buscar dados,-,,,,,,,,N/A,N/A,N/A
AJXA,Erro ao buscar dados,-,,,,,,,,N/A,N/A,N/A
AKAM,Erro ao buscar dados,-,,,,,,,,N/A,N/A,N/A
AKBA,Erro ao buscar dados,-,,,,,,,,N/A,N/A,N/A
AKER,Erro ao buscar dados,-,,,,,,,,N/A,N/A,N/A
AKICU,Erro ao buscar dados,-,,,,,,,,N/A,N/A,N/A
AKO.A,Erro ao buscar dados,-,,,,,,,,N/A,N/A,N/A
AKO.B,Erro ao buscar dados,-,,,,,,,,N/A,N/A,N/A
AKR,Erro ao buscar dados,-,,,,,,,,N/A,N/A,N/A
AKRO,Erro ao buscar dados,-,,,,,,,,N/A,N/A,N/A
AKTS,Erro ao buscar dados,-,,,,,,,,N/A,N/A,N/A
AKTX,Erro ao buscar dados,-,,,,,,,,N/A,N/A,N/A
AKU,Erro ao buscar dados,-,,,,,,,,N/A,N/A,N/A
AKUS,Erro ao buscar dados,-,,,,,,,,N/A,N/A,N/A
ALL,Erro ao buscar dados,-,,,,,,,,N/A,N/A,N/A
ALLE,Erro ao buscar dados,-,,,,,,,,N/A,N/A,N/A
ALLK,Erro ao buscar dados,-,,,,,,,,N/A,N/A,N/A
ALLO,Erro ao buscar dados,-,,,,,,,,N/A,N/A,N/A
ALLT,Erro ao buscar dados,-,,,,,,,,N/A,N/A,N/A
ALLY,Erro ao buscar dados,-,,,,,,,,N/A,N/A,N/A
ALLY^A,Erro ao buscar dados,-,,,,,,,,N/A,N/A,N/A
ALL^B,Erro ao buscar dados,-,,,,,,,,N/A,N/A,N/A
ALL^G,Erro ao buscar dados,-,,,,,,,,N/A,N/A,N/A
ALL^H,Erro ao buscar dados,-,,,,,,,,N/A,N/A,N/A
ALL^I,Erro ao buscar dados,-,,,,,,,,N/A,N/A,N/A
ALNA,Erro ao buscar dados,-,,,,,,,,N/A,N/A,N/A
ALNY,Erro ao buscar dados,-,,,,,,,,N/A,N/A,N/A
ALOS3.SA,Erro ao buscar dados,-,,,,,,,,N/A,N/A,N/A
ALOT,Erro ao buscar dados,-,,,,,,,,N/A,N/A,N/A
ALPA3.SA,Erro ao buscar dados,-,,,,,,,,N/A,N/A,N/A
ALPN,Erro ao buscar dados,-,,,,,,,,N/A,N/A,N/A
ALP^Q,Erro ao buscar dados,-,,,,,,,,N/A,N/A,N/A
ALRM,Erro ao buscar dados,-,,,,,,,,N/A,N/A,N/A
ALRN,Erro ao buscar dados,-,,,,,,,,N/A,N/A,N/A
ALRS,Erro ao buscar dados,-,,,,,,,,N/A,N/A,N/A
ALSK,Erro ao buscar dados,-,,,,,,,,N/A,N/A,N/A
ALSN,Erro ao buscar dados,-,,,,,,,,N/A,N/A,N/A
ALT,Erro ao buscar dados,-,,,,,,,,N/A,N/A,N/A
ALTA,Erro ao buscar dados,-,,,,,,,,N/A,N/A,N/A
ALTG,Erro ao buscar dados,-,,,,,,,,N/A,N/A,N/A
ALTG.WS,Erro ao buscar dados,-,,,,,,,,N/A,N/A,N/A
ALTM,Erro ao buscar dados,-,,,,,,,,N/A,N/A,N/A
ALTR,Erro ao buscar dados,-,,,,,,,,N/A,N/A,N/A
ALTUU,Erro ao buscar dados,-,,,,,,,,N/A,N/A,N/A
ALTY,Erro ao buscar dados,-,,,,,,,,N/A,N/A,N/A
ALUS,Erro ao buscar dados,-,,,,,,,,N/A,N/A,N/A
ALUS.U,Erro ao buscar dados,-,,,,,,,,N/A,N/A,N/A
ALUS.WS,Erro ao buscar dados,-,,,,,,,,N/A,N/A,N/A
ALV,Erro ao buscar dados,-,,,,,,,,N/A,N/A,N/A
ALVR,Erro ao buscar dados,-,,,,,,,,N/A,N/A,N/A
ALX,Erro ao buscar dados,-,,,,,,,,N/A,N/A,N/A
ALXN,Erro ao buscar dados,-,,,,,,,,N/A,N/A,N/A
ALXO,Erro ao buscar dados,-,,,,,,,,N/A,N/A,N/A
ALYA,Erro ao buscar dados,-,,,,,,,,N/A,N/A,N/A
AL^A,Erro ao buscar dados,-,,,,,,,,N/A,N/A,N/A
AM,Erro ao buscar dados,-,,,,,,,,N/A,N/A,N/A
AMAL,Erro ao buscar dados,-,,,,,,,,N/A,N/A,N/A
AMAT,Erro ao buscar dados,-,,,,,,,,N/A,N/A,N/A
AMBA,Erro ao buscar dados,-,,,,,,,,N/A,N/A,N/A
AMBC,Erro ao buscar dados,-,,,,,,,,N/A,N/A,N/A
AMBC.WS,Erro ao buscar dados,-,,,,,,,,N/A,N/A,N/A
AMC,Erro ao buscar dados,-,,,,,,,,N/A,N/A,N/A
AMCA,Erro ao buscar dados,-,,,,,,,,N/A,N/A,N/A
AMCI,Erro ao buscar dados,-,,,,,,,,N/A,N/A,N/A
AMCIU,Erro ao buscar dados,-,,,,,,,,N/A,N/A,N/A
AMCIW,Erro ao buscar dados,-,,,,,,,,N/A,N/A,N/A
AMCR,Erro ao buscar dados,-,,,,,,,,N/A,N/A,N/A
AMCX,Erro ao buscar dados,-,,,,,,,,N/A,N/A,N/A
AMD,Erro ao buscar dados,-,,,,,,,,N/A,N/A,N/A
AME,Erro ao buscar dados,-,,,,,,,,N/A,N/A,N/A
AMED,Erro ao buscar dados,-,,,,,,,,N/A,N/A,N/A
AMEH,Erro ao buscar dados,-,,,,,,,,N/A,N/A,N/A
AMG,Erro ao buscar dados,-,,,,,,,,N/A,N/A,N/A
AMGN,Erro ao buscar dados,-,,,,,,,,N/A,N/A,N/A
AMH,Erro ao buscar dados,-,,,,,,,,N/A,N/A,N/A
AMHC,Erro ao buscar dados,-,,,,,,,,N/A,N/A,N/A
AMHCU,Erro ao buscar dados,-,,,,,,,,N/A,N/A,N/A
AMHCW,Erro ao buscar dados,-,,,,,,,,N/A,N/A,N/A
AMH^D,Erro ao buscar dados,-,,,,,,,,N/A,N/A,N/A
AMH^E,Erro ao buscar dados,-,,,,,,,,N/A,N/A,N/A
AMH^F,Erro ao buscar dados,-,,,,,,,,N/A,N/A,N/A
AMH^G,Erro ao buscar dados,-,,,,,,,,N/A,N/A,N/A
AMH^H,Erro ao buscar dados,-,,,,,,,,N/A,N/A,N/A
AMK,Erro ao buscar dados,-,,,,,,,,N/A,N/A,N/A
AMKR,Erro ao buscar dados,-,,,,,,,,N/A,N/A,N/A
AMN,Erro ao buscar dados,-,,,,,,,,N/A,N/A,N/A
AMNB,Erro ao buscar dados,-,,,,,,,,N/A,N/A,N/A
AMOT,Erro ao buscar dados,-,,,,,,,,N/A,N/A,N/A
AMOV,Erro ao buscar dados,-,,,,,,,,N/A,N/A,N/A
AMP,Erro ao buscar dados,-,,,,,,,,N/A,N/A,N/A
AMPH,Erro ao buscar dados,-,,,,,,,,N/A,N/A,N/A
AMPY,Erro ao buscar dados,-,,,,,,,,N/A,N/A,N/A
AMRB,Erro ao buscar dados,-,,,,,,,,N/A,N/A,N/A
AMRC,Erro ao buscar dados,-,,,,,,,,N/A,N/A,N/A
AMRK,Erro ao buscar dados,-,,,,,,,,N/A,N/A,N/A
AMRN,Erro ao buscar dados,-,,,,,,,,N/A,N/A,N/A
AMRS,Erro ao buscar dados,-,,,,,,,,N/A,N/A,N/A
AMRX,Erro ao buscar dados,-,,,,,,,,N/A,N/A,N/A
AMSC,Erro ao buscar dados,-,,,,,,,,N/A,N/A,N/A
AMSF,Erro ao buscar dados,-,,,,,,,,N/A,N/A,N/A
AMST,Erro ao buscar dados,-,,,,,,,,N/A,N/A,N/A
AMSWA,Erro ao buscar dados,-,,,,,,,,N/A,N/A,N/A
AMT,Erro ao buscar dados,-,,,,,,,,N/A,N/A,N/A
AMTB,Erro ao buscar dados,-,,,,,,,,N/A,N/A,N/A
AMTBB,Erro ao buscar dados,-,,,,,,,,N/A,N/A,N/A
AMTI,Erro ao buscar dados,-,,,,,,,,N/A,N/A,N/A
AMTX,Erro ao buscar dados,-,,,,,,,,N/A,N/A,N/A
AMWD,Erro ao buscar dados,-,,,,,,,,N/A,N/A,N/A
AMWL,Erro ao buscar dados,-,,,,,,,,N/A,N/A,N/A
AMX,Erro ao buscar dados,-,,,,,,,,N/A,N/A,N/A
AMYT,Erro ao buscar dados,-,,,,,,,,N/A,N/A,N/A
AMZN,Erro ao buscar dados,-,,,,,,,,N/A,N/A,N/A
AN,Erro ao buscar dados,-,,,,,,,,N/A,N/A,N/A
ANAB,Erro ao buscar dados,-,,,,,,,,N/A,N/A,N/A
AOD,Erro ao buscar dados,-,,,,,,,,N/A,N/A,N/A
AON,Erro ao buscar dados,-,,,,,,,,N/A,N/A,N/A
AONE,Erro ao buscar dados,-,,,,,,,,N/A,N/A,N/A
AONE.U,Erro ao buscar dados,-,,,,,,,,N/A,N/A,N/A
AONE.WS,Erro ao buscar dados,-,,,,,,,,N/A,N/A,N/A
AOS,Erro ao buscar dados,-,,,,,,,,N/A,N/A,N/A
AOSL,Erro ao buscar dados,-,,,,,,,,N/A,N/A,N/A
AOUT,Erro ao buscar dados,-,,,,,,,,N/A,N/A,N/A
AP,Erro ao buscar dados,-,,,,,,,,N/A,N/A,N/A
APA,Erro ao buscar dados,-,,,,,,,,N/A,N/A,N/A
APAM,Erro ao buscar dados,-,,,,,,,,N/A,N/A,N/A
APD,Erro ao buscar dados,-,,,,,,,,N/A,N/A,N/A
APDN,Erro ao buscar dados,-,,,,,,,,N/A,N/A,N/A
APEI,Erro ao buscar dados,-,,,,,,,,N/A,N/A,N/A
APEN,Erro ao buscar dados,-,,,,,,,,N/A,N/A,N/A
APG,Erro ao buscar dados,-,,,,,,,,N/A,N/A,N/A
APH,Erro ao buscar dados,-,,,,,,,,N/A,N/A,N/A
APHA,Erro ao buscar dados,-,,,,,,,,N/A,N/A,N/A
API,Erro ao buscar dados,-,,,,,,,,N/A,N/A,N/A
APLE,Erro ao buscar dados,-,,,,,,,,N/A,N/A,N/A
APLS,Erro ao buscar dados,-,,,,,,,,N/A,N/A,N/A
APLT,Erro ao buscar dados,-,,,,,,,,N/A,N/A,N/A
APM,Erro ao buscar dados,-,,,,,,,,N/A,N/A,N/A
APO,Erro ao buscar dados,-,,,,,,,,N/A,N/A,N/A
APOG,Erro ao buscar dados,-,,,,,,,,N/A,N/A,N/A
ANAT,Erro ao buscar dados,-,,,,,,,,N/A,N/A,N/A
ANCN,Erro ao buscar dados,-,,,,,,,,N/A,N/A,N/A
ANDA,Erro ao buscar dados,-,,,,,,,,N/A,N/A,N/A
ANDAR,Erro ao buscar dados,-,,,,,,,,N/A,N/A,N/A
ANDAU,Erro ao buscar dados,-,,,,,,,,N/A,N/A,N/A
ANDAW,Erro ao buscar dados,-,,,,,,,,N/A,N/A,N/A
ANDE,Erro ao buscar dados,-,,,,,,,,N/A,N/A,N/A
ANET,Erro ao buscar dados,-,,,,,,,,N/A,N/A,N/A
ANF,Erro ao buscar dados,-,,,,,,,,N/A,N/A,N/A
ANGI,Erro ao buscar dados,-,,,,,,,,N/A,N/A,N/A
ANGL,Erro ao buscar dados,-,,,,,,,,N/A,N/A,N/A
ANGO,Erro ao buscar dados,-,,,,,,,,N/A,N/A,N/A
ANH,Erro ao buscar dados,-,,,,,,,,N/A,N/A,N/A
ANH^A,Erro ao buscar dados,-,,,,,,,,N/A,N/A,N/A
ANH^B,Erro ao buscar dados,-,,,,,,,,N/A,N/A,N/A
ANH^C,Erro ao buscar dados,-,,,,,,,,N/A,N/A,N/A
ANIK,Erro ao buscar dados,-,,,,,,,,N/A,N/A,N/A
ANIP,Erro ao buscar dados,-,,,,,,,,N/A,N/A,N/A
ANIX,Erro ao buscar dados,-,,,,,,,,N/A,N/A,N/A
ANNX,Erro ao buscar dados,-,,,,,,,,N/A,N/A,N/A
ANPC,Erro ao buscar dados,-,,,,,,,,N/A,N/A,N/A
ANSS,Erro ao buscar dados,-,,,,,,,,N/A,N/A,N/A
ANTE,Erro ao buscar dados,-,,,,,,,,N/A,N/A,N/A
ANTM,Erro ao buscar dados,-,,,,,,,,N/A,N/A,N/A
ANY,Erro ao buscar dados,-,,,,,,,,N/A,N/A,N/A
APOP,Erro ao buscar dados,-,,,,,,,,N/A,N/A,N/A
APOPW,Erro ao buscar dados,-,,,,,,,,N/A,N/A,N/A
APO^A,Erro ao buscar dados,-,,,,,,,,N/A,N/A,N/A
APO^B,Erro ao buscar dados,-,,,,,,,,N/A,N/A,N/A
APPF,Erro ao buscar dados,-,,,,,,,,N/A,N/A,N/A
APPN,Erro ao buscar dados,-,,,,,,,,N/A,N/A,N/A
APPS,Erro ao buscar dados,-,,,,,,,,N/A,N/A,N/A
APRE,Erro ao buscar dados,-,,,,,,,,N/A,N/A,N/A
APRN,Erro ao buscar dados,-,,,,,,,,N/A,N/A,N/A
APSG,Erro ao buscar dados,-,,,,,,,,N/A,N/A,N/A
APSG.U,Erro ao buscar dados,-,,,,,,,,N/A,N/A,N/A
APSG.WS,Erro ao buscar dados,-,,,,,,,,N/A,N/A,N/A
APTO,Erro ao buscar dados,-,,,,,,,,N/A,N/A,N/A
APTS,Erro ao buscar dados,-,,,,,,,,N/A,N/A,N/A
APTV,Erro ao buscar dados,-,,,,,,,,N/A,N/A,N/A
APTV^A,Erro ao buscar dados,-,,,,,,,,N/A,N/A,N/A
APTX,Erro ao buscar dados,-,,,,,,,,N/A,N/A,N/A
APVO,Erro ao buscar dados,-,,,,,,,,N/A,N/A,N/A
APWC,Erro ao buscar dados,-,,,,,,,,N/A,N/A,N/A
APXT,Erro ao buscar dados,-,,,,,,,,N/A,N/A,N/A
APXTU,Erro ao buscar dados,-,,,,,,,,N/A,N/A,N/A
APXTW,Erro ao buscar dados,-,,,,,,,,N/A,N/A,N/A
APYX,Erro ao buscar dados,-,,,,,,,,N/A,N/A,N/A
AQB,Erro ao buscar dados,-,,,,,,,,N/A,N/A,N/A
AQMS,Erro ao buscar dados,-,,,,,,,,N/A,N/A,N/A
AQN,Erro ao buscar dados,-,,,,,,,,N/A,N/A,N/A
AQNA,Erro ao buscar dados,-,,,,,,,,N/A,N/A,N/A
AQNB,Erro ao buscar dados,-,,,,,,,,N/A,N/A,N/A
AQST,Erro ao buscar dados,-,,,,,,,,N/A,N/A,N/A
AQUA,Erro ao buscar dados,-,,,,,,,,N/A,N/A,N/A
AR,Erro ao buscar dados,-,,,,,,,,N/A,N/A,N/A
ARA,Erro ao buscar dados,-,,,,,,,,N/A,N/A,N/A
ARAV,Erro ao buscar dados,-,,,,,,,,N/A,N/A,N/A
ARAY,Erro ao buscar dados,-,,,,,,,,N/A,N/A,N/A
ARBG,Erro ao buscar dados,-,,,,,,,,N/A,N/A,N/A
ARBGU,Erro ao buscar dados,-,,,,,,,,N/A,N/A,N/A
ARBGW,Erro ao buscar dados,-,,,,,,,,N/A,N/A,N/A
ARC,Erro ao buscar dados,-,,,,,,,,N/A,N/A,N/A
ARCB,Erro ao buscar dados,-,,,,,,,,N/A,N/A,N/A
ARCC,Erro ao buscar dados,-,,,,,,,,N/A,N/A,N/A
ARCE,Erro ao buscar dados,-,,,,,,,,N/A,N/A,N/A
ARCH,Erro ao buscar dados,-,,,,,,,,N/A,N/A,N/A
ARCO,Erro ao buscar dados,-,,,,,,,,N/A,N/A,N/A
ARCT,Erro ao buscar dados,-,,,,,,,,N/A,N/A,N/A
ARD,Erro ao buscar dados,-,,,,,,,,N/A,N/A,N/A
ARDC,Erro ao buscar dados,-,,,,,,,,N/A,N/A,N/A
ARDS,Erro ao buscar dados,-,,,,,,,,N/A,N/A,N/A
ARDX,Erro ao buscar dados,-,,,,,,,,N/A,N/A,N/A
ARE,Erro ao buscar dados,-,,,,,,,,N/A,N/A,N/A
AREC,Erro ao buscar dados,-,,,,,,,,N/A,N/A,N/A
ARES,Erro ao buscar dados,-,,,,,,,,N/A,N/A,N/A
ARES^A,Erro ao buscar dados,-,,,,,,,,N/A,N/A,N/A
ARGD,Erro ao buscar dados,-,,,,,,,,N/A,N/A,N/A
ARGO,Erro ao buscar dados,-,,,,,,,,N/A,N/A,N/A
ARGO^A,Erro ao buscar dados,-,,,,,,,,N/A,N/A,N/A
ARGX,Erro ao buscar dados,-,,,,,,,,N/A,N/A,N/A
ARI,Erro ao buscar dados,-,,,,,,,,N/A,N/A,N/A
ARKO,Erro ao buscar dados,-,,,,,,,,N/A,N/A,N/A
ARKOW,Erro ao buscar dados,-,,,,,,,,N/A,N/A,N/A
ARKR,Erro ao buscar dados,-,,,,,,,,N/A,N/A,N/A
ARL,Erro ao buscar dados,-,,,,,,,,N/A,N/A,N/A
ARLO,Erro ao buscar dados,-,,,,,,,,N/A,N/A,N/A
ARLP,Erro ao buscar dados,-,,,,,,,,N/A,N/A,N/A
ARMK,Erro ao buscar dados,-,,,,,,,,N/A,N/A,N/A
ARNA,Erro ao buscar dados,-,,,,,,,,N/A,N/A,N/A
ARNC,Erro ao buscar dados,-,,,,,,,,N/A,N/A,N/A
AROC,Erro ao buscar dados,-,,,,,,,,N/A,N/A,N/A
AROW,Erro ao buscar dados,-,,,,,,,,N/A,N/A,N/A
ARPO,Erro ao buscar dados,-,,,,,,,,N/A,N/A,N/A
ARQT,Erro ao buscar dados,-,,,,,,,,N/A,N/A,N/A
ARR,Erro ao buscar dados,-,,,,,,,,N/A,N/A,N/A
ARRY,Erro ao buscar dados,-,,,,,,,,N/A,N/A,N/A
ARR^C,Erro ao buscar dados,-,,,,,,,,N/A,N/A,N/A
ARTL,Erro ao buscar dados,-,,,,,,,,N/A,N/A,N/A
ARTLW,Erro ao buscar dados,-,,,,,,,,N/A,N/A,N/A
ARTNA,Erro ao buscar dados,-,,,,,,,,N/A,N/A,N/A
ARTW,Erro ao buscar dados,-,,,,,,,,N/A,N/A,N/A
ARVN,Erro ao buscar dados,-,,,,,,,,N/A,N/A,N/A
ARW,Erro ao buscar dados,-,,,,,,,,N/A,N/A,N/A
ARWR,Erro ao buscar dados,-,,,,,,,,N/A,N/A,N/A
ARYA,Erro ao buscar dados,-,,,,,,,,N/A,N/A,N/A
ARZZ3.SA,Erro ao buscar dados,-,,,,,,,,N/A,N/A,N/A
ASA,Erro ao buscar dados,-,,,,,,,,N/A,N/A,N/A
ASAI3.SA,Erro ao buscar dados,-,,,,,,,,N/A,N/A,N/A
ASAN,Erro ao buscar dados,-,,,,,,,,N/A,N/A,N/A
ASAQ,Erro ao buscar dados,-,,,,,,,,N/A,N/A,N/A
ASAQ.U,Erro ao buscar dados,-,,,,,,,,N/A,N/A,N/A
ASAQ.WS,Erro ao buscar dados,-,,,,,,,,N/A,N/A,N/A
ASB,Erro ao buscar dados,-,,,,,,,,N/A,N/A,N/A
ASB^C,Erro ao buscar dados,-,,,,,,,,N/A,N/A,N/A
ASB^D,Erro ao buscar dados,-,,,,,,,,N/A,N/A,N/A
ASB^E,Erro ao buscar dados,-,,,,,,,,N/A,N/A,N/A
ASB^F,Erro ao buscar dados,-,,,,,,,,N/A,N/A,N/A
ASC,Erro ao buscar dados,-,,,,,,,,N/A,N/A,N/A
ASET,Erro ao buscar dados,-,,,,,,,,N/A,N/A,N/A
ASG,Erro ao buscar dados,-,,,,,,,,N/A,N/A,N/A
ASGI,Erro ao buscar dados,-,,,,,,,,N/A,N/A,N/A
ASGN,Erro ao buscar dados,-,,,,,,,,N/A,N/A,N/A
ASH,Erro ao buscar dados,-,,,,,,,,N/A,N/A,N/A
ASIX,Erro ao buscar dados,-,,,,,,,,N/A,N/A,N/A
ASLE,Erro ao buscar dados,-,,,,,,,,N/A,N/A,N/A
ASLEW,Erro ao buscar dados,-,,,,,,,,N/A,N/A,N/A
ASLN,Erro ao buscar dados,-,,,,,,,,N/A,N/A,N/A
ASMB,Erro ao buscar dados,-,,,,,,,,N/A,N/A,N/A
ASML,Erro ao buscar dados,-,,,,,,,,N/A,N/A,N/A
ASND,Erro ao buscar dados,-,,,,,,,,N/A,N/A,N/A
ASO,Erro ao buscar dados,-,,,,,,,,N/A,N/A,N/A
ASPL,Erro ao buscar dados,-,,,,,,,,N/A,N/A,N/A
ASPL.U,Erro ao buscar dados,-,,,,,,,,N/A,N/A,N/A
ASPL.WS,Erro ao buscar dados,-,,,,,,,,N/A,N/A,N/A
ASPN,Erro ao buscar dados,-,,,,,,,,N/A,N/A,N/A
ASPS,Erro ao buscar dados,-,,,,,,,,N/A,N/A,N/A
ASPU,Erro ao buscar dados,-,,,,,,,,N/A,N/A,N/A
ASR,Erro ao buscar dados,-,,,,,,,,N/A,N/A,N/A
ASRT,Erro ao buscar dados,-,,,,,,,,N/A,N/A,N/A
ASRV,Erro ao buscar dados,-,,,,,,,,N/A,N/A,N/A
ASRVP,Erro ao buscar dados,-,,,,,,,,N/A,N/A,N/A
ASTC,Erro ao buscar dados,-,,,,,,,,N/A,N/A,N/A
ASTE,Erro ao buscar dados,-,,,,,,,,N/A,N/A,N/A
ASUR,Erro ao buscar dados,-,,,,,,,,N/A,N/A,N/A
ASX,Erro ao buscar dados,-,,,,,,,,N/A,N/A,N/A
ASYS,Erro ao buscar dados,-,,,,,,,,N/A,N/A,N/A
AT,Erro ao buscar dados,-,,,,,,,,N/A,N/A,N/A
ATA.U,Erro ao buscar dados,-,,,,,,,,N/A,N/A,N/A
ATAC,Erro ao buscar dados,-,,,,,,,,N/A,N/A,N/A
ATAC.U,Erro ao buscar dados,-,,,,,,,,N/A,N/A,N/A
ATAC.WS,Erro ao buscar dados,-,,,,,,,,N/A,N/A,N/A
ATAX,Erro ao buscar dados,-,,,,,,,,N/A,N/A,N/A
ATCO,Erro ao buscar dados,-,,,,,,,,N/A,N/A,N/A
ATCO^D,Erro ao buscar dados,-,,,,,,,,N/A,N/A,N/A
ATCO^E,Erro ao buscar dados,-,,,,,,,,N/A,N/A,N/A
ATCO^G,Erro ao buscar dados,-,,,,,,,,N/A,N/A,N/A
ATCO^H,Erro ao buscar dados,-,,,,,,,,N/A,N/A,N/A
ATCO^I,Erro ao buscar dados,-,,,,,,,,N/A,N/A,N/A
ATCX,Erro ao buscar dados,-,,,,,,,,N/A,N/A,N/A
ATEC,Erro ao buscar dados,-,,,,,,,,N/A,N/A,N/A
ATEN,Erro ao buscar dados,-,,,,,,,,N/A,N/A,N/A
ATEX,Erro ao buscar dados,-,,,,,,,,N/A,N/A,N/A
ATGE,Erro ao buscar dados,-,,,,,,,,N/A,N/A,N/A
ATH,Erro ao buscar dados,-,,,,,,,,N/A,N/A,N/A
ATHA,Erro ao buscar dados,-,,,,,,,,N/A,N/A,N/A
ATHE,Erro ao buscar dados,-,,,,,,,,N/A,N/A,N/A
ATHM,Erro ao buscar dados,-,,,,,,,,N/A,N/A,N/A
ATHX,Erro ao buscar dados,-,,,,,,,,N/A,N/A,N/A
ATH^A,Erro ao buscar dados,-,,,,,,,,N/A,N/A,N/A
ATH^B,Erro ao buscar dados,-,,,,,,,,N/A,N/A,N/A
ATH^C,Erro ao buscar dados,-,,,,,,,,N/A,N/A,N/A
ATH^D,Erro ao buscar dados,-,,,,,,,,N/A,N/A,N/A
ATI,Erro ao buscar dados,-,,,,,,,,N/A,N/A,N/A
ATIF,Erro ao buscar dados,-,,,,,,,,N/A,N/A,N/A
ATKR,Erro ao buscar dados,-,,,,,,,,N/A,N/A,N/A
ATLC,Erro ao buscar dados,-,,,,,,,,N/A,N/A,N/A
ATLO,Erro ao buscar dados,-,,,,,,,,N/A,N/A,N/A
ATNF,Erro ao buscar dados,-,,,,,,,,N/A,N/A,N/A
ATNFW,Erro ao buscar dados,-,,,,,,,,N/A,N/A,N/A
ATNI,Erro ao buscar dados,-,,,,,,,,N/A,N/A,N/A
ATNX,Erro ao buscar dados,-,,,,,,,,N/A,N/A,N/A
ATO,Erro ao buscar dados,-,,,,,,,,N/A,N/A,N/A
ATOM,Erro ao buscar dados,-,,,,,,,,N/A,N/A,N/A
ATOS,Erro ao buscar dados,-,,,,,,,,N/A,N/A,N/A
ATR,Erro ao buscar dados,-,,,,,,,,N/A,N/A,N/A
ATRA,Erro ao buscar dados,-,,,,,,,,N/A,N/A,N/A
ATRC,Erro ao buscar dados,-,,,,,,,,N/A,N/A,N/A
ATRI,Erro ao buscar dados,-,,,,,,,,N/A,N/A,N/A
ATRO,Erro ao buscar dados,-,,,,,,,,N/A,N/A,N/A
ATRS,Erro ao buscar dados,-,,,,,,,,N/A,N/A,N/A
ATSG,Erro ao buscar dados,-,,,,,,,,N/A,N/A,N/A
ATTO,Erro ao buscar dados,-,,,,,,,,N/A,N/A,N/A
ATUS,Erro ao buscar dados,-,,,,,,,,N/A,N/A,N/A
ATV,Erro ao buscar dados,-,,,,,,,,N/A,N/A,N/A
ATVI,Erro ao buscar dados,-,,,,,,,,N/A,N/A,N/A
ATXI,Erro ao buscar dados,-,,,,,,,,N/A,N/A,N/A
AU,Erro ao buscar dados,-,,,,,,,,N/A,N/A,N/A
AUB,Erro ao buscar dados,-,,,,,,,,N/A,N/A,N/A
AUBAP,Erro ao buscar dados,-,,,,,,,,N/A,N/A,N/A
AUBN,Erro ao buscar dados,-,,,,,,,,N/A,N/A,N/A
AUDC,Erro ao buscar dados,-,,,,,,,,N/A,N/A,N/A
AUPH,Erro ao buscar dados,-,,,,,,,,N/A,N/A,N/A
AUTL,Erro ao buscar dados,-,,,,,,,,N/A,N/A,N/A
AUTO,Erro ao buscar dados,-,,,,,,,,N/A,N/A,N/A
AUUD,Erro ao buscar dados,-,,,,,,,,N/A,N/A,N/A
AUUDW,Erro ao buscar dados,-,,,,,,,,N/A,N/A,N/A
AUVI,Erro ao buscar dados,-,,,,,,,,N/A,N/A,N/A
AUY,Erro ao buscar dados,-,,,,,,,,N/A,N/A,N/A
AVA,Erro ao buscar dados,-,,,,,,,,N/A,N/A,N/A
AVAL,Erro ao buscar dados,-,,,,,,,,N/A,N/A,N/A
AVAN,Erro ao buscar dados,-,,,,,,,,N/A,N/A,N/A
AVAN.U,Erro ao buscar dados,-,,,,,,,,N/A,N/A,N/A
AVAN.WS,Erro ao buscar dados,-,,,,,,,,N/A,N/A,N/A
AVAV,Erro ao buscar dados,-,,,,,,,,N/A,N/A,N/A
AVB,Erro ao buscar dados,-,,,,,,,,N/A,N/A,N/A
AVCO,Erro ao buscar dados,-,,,,,,,,N/A,N/A,N/A
AVCT,Erro ao buscar dados,-,,,,,,,,N/A,N/A,N/A
AVCTW,Erro ao buscar dados,-,,,,,,,,N/A,N/A,N/A
AVD,Erro ao buscar dados,-,,,,,,,,N/A,N/A,N/A
AVDL,Erro ao buscar dados,-,,,,,,,,N/A,N/A,N/A
AVEO,Erro ao buscar dados,-,,,,,,,,N/A,N/A,N/A
AVGO,Erro ao buscar dados,-,,,,,,,,N/A,N/A,N/A
AVGOP,Erro ao buscar dados,-,,,,,,,,N/A,N/A,N/A
AVGR,Erro ao buscar dados,-,,,,,,,,N/A,N/A,N/A
AVID,Erro ao buscar dados,-,,,,,,,,N/A,N/A,N/A
AVIR,Erro ao buscar dados,-,,,,,,,,N/A,N/A,N/A
AVK,Erro ao buscar dados,-,,,,,,,,N/A,N/A,N/A
AVLR,Erro ao buscar dados,-,,,,,,,,N/A,N/A,N/A
AVNS,Erro ao buscar dados,-,,,,,,,,N/A,N/A,N/A
AVNT,Erro ao buscar dados,-,,,,,,,,N/A,N/A,N/A
AVNW,Erro ao buscar dados,-,,,,,,,,N/A,N/A,N/A
AVO,Erro ao buscar dados,-,,,,,,,,N/A,N/A,N/A
AVRO,Erro ao buscar dados,-,,,,,,,,N/A,N/A,N/A
AVT,Erro ao buscar dados,-,,,,,,,,N/A,N/A,N/A
AVTR,Erro ao buscar dados,-,,,,,,,,N/A,N/A,N/A
AVTR^A,Erro ao buscar dados,-,,,,,,,,N/A,N/A,N/A
AVXL,Erro ao buscar dados,-,,,,,,,,N/A,N/A,N/A
AVY,Erro ao buscar dados,-,,,,,,,,N/A,N/A,N/A
AVYA,Erro ao buscar dados,-,,,,,,,,N/A,N/A,N/A
AWF,Erro ao buscar dados,-,,,,,,,,N/A,N/A,N/A
AWH,Erro ao buscar dados,-,,,,,,,,N/A,N/A,N/A
AWI,Erro ao buscar dados,-,,,,,,,,N/A,N/A,N/A
AWK,Erro ao buscar dados,-,,,,,,,,N/A,N/A,N/A
AWP,Erro ao buscar dados,-,,,,,,,,N/A,N/A,N/A
AWR,Erro ao buscar dados,-,,,,,,,,N/A,N/A,N/A
AWRE,Erro ao buscar dados,-,,,,,,,,N/A,N/A,N/A
AX,Erro ao buscar dados,-,,,,,,,,N/A,N/A,N/A
AXAS,Erro ao buscar dados,-,,,,,,,,N/A,N/A,N/A
AXDX,Erro ao buscar dados,-,,,,,,,,N/A,N/A,N/A
AXGN,Erro ao buscar dados,-,,,,,,,,N/A,N/A,N/A
AXL,Erro ao buscar dados,-,,,,,,,,N/A,N/A,N/A
AXLA,Erro ao buscar dados,-,,,,,,,,N/A,N/A,N/A
AXNX,Erro ao buscar dados,-,,,,,,,,N/A,N/A,N/A
AXO,Erro ao buscar dados,-,,,,,,,,N/A,N/A,N/A
AXP,Erro ao buscar dados,-,,,,,,,,N/A,N/A,N/A
AXR,Erro ao buscar dados,-,,,,,,,,N/A,N/A,N/A
AXS,Erro ao buscar dados,-,,,,,,,,N/A,N/A,N/A
AXSM,Erro ao buscar dados,-,,,,,,,,N/A,N/A,N/A
AXS^E,Erro ao buscar dados,-,,,,,,,,N/A,N/A,N/A
AXTA,Erro ao buscar dados,-,,,,,,,,N/A,N/A,N/A
AXTI,Erro ao buscar dados,-,,,,,,,,N/A,N/A,N/A
AY,Erro ao buscar dados,-,,,,,,,,N/A,N/A,N/A
AYI,Erro ao buscar dados,-,,,,,,,,N/A,N/A,N/A
AYLA,Erro ao buscar dados,-,,,,,,,,N/A,N/A,N/A
AYRO,Erro ao buscar dados,-,,,,,,,,N/A,N/A,N/A
AYTU,Erro ao buscar dados,-,,,,,,,,N/A,N/A,N/A
AYX,Erro ao buscar dados,-,,,,,,,,N/A,N/A,N/A
AZEK,Erro ao buscar dados,-,,,,,,,,N/A,N/A,N/A
AZN,Erro ao buscar dados,-,,,,,,,,N/A,N/A,N/A
AZO,Erro ao buscar dados,-,,,,,,,,N/A,N/A,N/A
AZPN,Erro ao buscar dados,-,,,,,,,,N/A,N/A,N/A
AZRE,Erro ao buscar dados,-,,,,,,,,N/A,N/A,N/A
AZRX,Erro ao buscar dados,-,,,,,,,,N/A,N/A,N/A
AZUL,Erro ao buscar dados,-,,,,,,,,N/A,N/A,N/A
AZUL4.SA,Erro ao buscar dados,-,,,,,,,,N/A,N/A,N/A
AZYO,Erro ao buscar dados,-,,,,,,,,N/A,N/A,N/A
AZZ,Erro ao buscar dados,-,,,,,,,,N/A,N/A,N/A
B,Erro ao buscar dados,-,,,,,,,,N/A,N/A,N/A
B3SA3.SA,Erro ao buscar dados,-,,,,,,,,N/A,N/A,N/A
BA,Erro ao buscar dados,-,,,,,,,,N/A,N/A,N/A
BABA,Erro ao buscar dados,-,,,,,,,,N/A,N/A,N/A
BAC,Erro ao buscar dados,-,,,,,,,,N/A,N/A,N/A
BAC^A,Erro ao buscar dados,-,,,,,,,,N/A,N/A,N/A
BAC^B,Erro ao buscar dados,-,,,,,,,,N/A,N/A,N/A
BAC^C,Erro ao buscar dados,-,,,,,,,,N/A,N/A,N/A
BAC^E,Erro ao buscar dados,-,,,,,,,,N/A,N/A,N/A
BAC^K,Erro ao buscar dados,-,,,,,,,,N/A,N/A,N/A
BAC^L,Erro ao buscar dados,-,,,,,,,,N/A,N/A,N/A
BAC^M,Erro ao buscar dados,-,,,,,,,,N/A,N/A,N/A
BAC^N,Erro ao buscar dados,-,,,,,,,,N/A,N/A,N/A
BAC^O,Erro ao buscar dados,-,,,,,,,,N/A,N/A,N/A
BAF,Erro ao buscar dados,-,,,,,,,,N/A,N/A,N/A
BAH,Erro ao buscar dados,-,,,,,,,,N/A,N/A,N/A
BAK,Erro ao buscar dados,-,,,,,,,,N/A,N/A,N/A
BALY,Erro ao buscar dados,-,,,,,,,,N/A,N/A,N/A
BAM,Erro ao buscar dados,-,,,,,,,,N/A,N/A,N/A
BAMH,Erro ao buscar dados,-,,,,,,,,N/A,N/A,N/A
BAMI,Erro ao buscar dados,-,,,,,,,,N/A,N/A,N/A
BANC,Erro ao buscar dados,-,,,,,,,,N/A,N/A,N/A
BANC^D,Erro ao buscar dados,-,,,,,,,,N/A,N/A,N/A
BANC^E,Erro ao buscar dados,-,,,,,,,,N/A,N/A,N/A
BAND,Erro ao buscar dados,-,,,,,,,,N/A,N/A,N/A
BANF,Erro ao buscar dados,-,,,,,,,,N/A,N/A,N/A
BANFP,Erro ao buscar dados,-,,,,,,,,N/A,N/A,N/A
BANR,Erro ao buscar dados,-,,,,,,,,N/A,N/A,N/A
BANX,Erro ao buscar dados,-,,,,,,,,N/A,N/A,N/A
BAP,Erro ao buscar dados,-,,,,,,,,N/A,N/A,N/A
BASI,Erro ao buscar dados,-,,,,,,,,N/A,N/A,N/A
BATRA,Erro ao buscar dados,-,,,,,,,,N/A,N/A,N/A
BATRK,Erro ao buscar dados,-,,,,,,,,N/A,N/A,N/A
BAX,Erro ao buscar dados,-,,,,,,,,N/A,N/A,N/A
BB,Erro ao buscar dados,-,,,,,,,,N/A,N/A,N/A
BBAR,Erro ao buscar dados,-,,,,,,,,N/A,N/A,N/A
BBAS3.SA,Erro ao buscar dados,-,,,,,,,,N/A,N/A,N/A
BBBY,Erro ao buscar dados,-,,,,,,,,N/A,N/A,N/A
BBC,Erro ao buscar dados,-,,,,,,,,N/A,N/A,N/A
BBCP,Erro ao buscar dados,-,,,,,,,,N/A,N/A,N/A
BBD,Erro ao buscar dados,-,,,,,,,,N/A,N/A,N/A
BBDC,Erro ao buscar dados,-,,,,,,,,N/A,N/A,N/A
BBDC3.SA,Erro ao buscar dados,-,,,,,,,,N/A,N/A,N/A
BBDC4.SA,Erro ao buscar dados,-,,,,,,,,N/A,N/A,N/A
BBDO,Erro ao buscar dados,-,,,,,,,,N/A,N/A,N/A
BBF,Erro ao buscar dados,-,,,,,,,,N/A,N/A,N/A
BBGI,Erro ao buscar dados,-,,,,,,,,N/A,N/A,N/A
BBH,Erro ao buscar dados,-,,,,,,,,N/A,N/A,N/A
BBI,Erro ao buscar dados,-,,,,,,,,N/A,N/A,N/A
BBIG,Erro ao buscar dados,-,,,,,,,,N/A,N/A,N/A
BBIO,Erro ao buscar dados,-,,,,,,,,N/A,N/A,N/A
BBK,Erro ao buscar dados,-,,,,,,,,N/A,N/A,N/A
BBL,Erro ao buscar dados,-,,,,,,,,N/A,N/A,N/A
BBN,Erro ao buscar dados,-,,,,,,,,N/A,N/A,N/A
BBP,Erro ao buscar dados,-,,,,,,,,N/A,N/A,N/A
BBQ,Erro ao buscar dados,-,,,,,,,,N/A,N/A,N/A
BBSE3.SA,Erro ao buscar dados,-,,,,,,,,N/A,N/A,N/A
BBSI,Erro ao buscar dados,-,,,,,,,,N/A,N/A,N/A
BBU,Erro ao buscar dados,-,,,,,,,,N/A,N/A,N/A
BBVA,Erro ao buscar dados,-,,,,,,,,N/A,N/A,N/A
BBW,Erro ao buscar dados,-,,,,,,,,N/A,N/A,N/A
BBY,Erro ao buscar dados,-,,,,,,,,N/A,N/A,N/A
BC,Erro ao buscar dados,-,,,,,,,,N/A,N/A,N/A
BCAB,Erro ao buscar dados,-,,,,,,,,N/A,N/A,N/A
BCACU,Erro ao buscar dados,-,,,,,,,,N/A,N/A,N/A
BCAT,Erro ao buscar dados,-,,,,,,,,N/A,N/A,N/A
BCBP,Erro ao buscar dados,-,,,,,,,,N/A,N/A,N/A
BCC,Erro ao buscar dados,-,,,,,,,,N/A,N/A,N/A
BCDA,Erro ao buscar dados,-,,,,,,,,N/A,N/A,N/A
BCDAW,Erro ao buscar dados,-,,,,,,,,N/A,N/A,N/A
BCE,Erro ao buscar dados,-,,,,,,,,N/A,N/A,N/A
BCEI,Erro ao buscar dados,-,,,,,,,,N/A,N/A,N/A
BDTX,Erro ao buscar dados,-,,,,,,,,N/A,N/A,N/A
BDX,Erro ao buscar dados,-,,,,,,,,N/A,N/A,N/A
BDXB,Erro ao buscar dados,-,,,,,,,,N/A,N/A,N/A
BE,Erro ao buscar dados,-,,,,,,,,N/A,N/A,N/A
BEAM,Erro ao buscar dados,-,,,,,,,,N/A,N/A,N/A
BEAT,Erro ao buscar dados,-,,,,,,,,N/A,N/A,N/A
BECN,Erro ao buscar dados,-,,,,,,,,N/A,N/A,N/A
BEDU,Erro ao buscar dados,-,,,,,,,,N/A,N/A,N/A
BEEF3.SA,Erro ao buscar dados,-,,,,,,,,N/A,N/A,N/A
BEEM,Erro ao buscar dados,-,,,,,,,,N/A,N/A,N/A
BEEMW,Erro ao buscar dados,-,,,,,,,,N/A,N/A,N/A
BEKE,Erro ao buscar dados,-,,,,,,,,N/A,N/A,N/A
BELFA,Erro ao buscar dados,-,,,,,,,,N/A,N/A,N/A
BELFB,Erro ao buscar dados,-,,,,,,,,N/A,N/A,N/A
BEN,Erro ao buscar dados,-,,,,,,,,N/A,N/A,N/A
BENEU,Erro ao buscar dados,-,,,,,,,,N/A,N/A,N/A
BEP,Erro ao buscar dados,-,,,,,,,,N/A,N/A,N/A
BEPC,Erro ao buscar dados,-,,,,,,,,N/A,N/A,N/A
BEP^A,Erro ao buscar dados,-,,,,,,,,N/A,N/A,N/A
BERY,Erro ao buscar dados,-,,,,,,,,N/A,N/A,N/A
BEST,Erro ao buscar dados,-,,,,,,,,N/A,N/A,N/A
BF.A,Erro ao buscar dados,-,,,,,,,,N/A,N/A,N/A
BF.B,Erro ao buscar dados,-,,,,,,,,N/A,N/A,N/A
BFAM,Erro ao buscar dados,-,,,,,,,,N/A,N/A,N/A
BFC,Erro ao buscar dados,-,,,,,,,,N/A,N/A,N/A
BCEL,Erro ao buscar dados,-,,,,,,,,N/A,N/A,N/A
BCH,Erro ao buscar dados,-,,,,,,,,N/A,N/A,N/A
BCLI,Erro ao buscar dados,-,,,,,,,,N/A,N/A,N/A
BCML,Erro ao buscar dados,-,,,,,,,,N/A,N/A,N/A
BCO,Erro ao buscar dados,-,,,,,,,,N/A,N/A,N/A
BCOR,Erro ao buscar dados,-,,,,,,,,N/A,N/A,N/A
BCOV,Erro ao buscar dados,-,,,,,,,,N/A,N/A,N/A
BCOW,Erro ao buscar dados,-,,,,,,,,N/A,N/A,N/A
BCPC,Erro ao buscar dados,-,,,,,,,,N/A,N/A,N/A
BCRX,Erro ao buscar dados,-,,,,,,,,N/A,N/A,N/A
BCS,Erro ao buscar dados,-,,,,,,,,N/A,N/A,N/A
BCSF,Erro ao buscar dados,-,,,,,,,,N/A,N/A,N/A
BCTG,Erro ao buscar dados,-,,,,,,,,N/A,N/A,N/A
BCX,Erro ao buscar dados,-,,,,,,,,N/A,N/A,N/A
BCYC,Erro ao buscar dados,-,,,,,,,,N/A,N/A,N/A
BCYPU,Erro ao buscar dados,-,,,,,,,,N/A,N/A,N/A
BC^A,Erro ao buscar dados,-,,,,,,,,N/A,N/A,N/A
BC^B,Erro ao buscar dados,-,,,,,,,,N/A,N/A,N/A
BC^C,Erro ao buscar dados,-,,,,,,,,N/A,N/A,N/A
BDC,Erro ao buscar dados,-,,,,,,,,N/A,N/A,N/A
BDGE,Erro ao buscar dados,-,,,,,,,,N/A,N/A,N/A
BDJ,Erro ao buscar dados,-,,,,,,,,N/A,N/A,N/A
BDN,Erro ao buscar dados,-,,,,,,,,N/A,N/A,N/A
BDSI,Erro ao buscar dados,-,,,,,,,,N/A,N/A,N/A
BDSX,Erro ao buscar dados,-,,,,,,,,N/A,N/A,N/A
BFI,Erro ao buscar dados,-,,,,,,,,N/A,N/A,N/A
BFIIW,Erro ao buscar dados,-,,,,,,,,N/A,N/A,N/A
BFIN,Erro ao buscar dados,-,,,,,,,,N/A,N/A,N/A
BFIT,Erro ao buscar dados,-,,,,,,,,N/A,N/A,N/A
BFK,Erro ao buscar dados,-,,,,,,,,N/A,N/A,N/A
BFRA,Erro ao buscar dados,-,,,,,,,,N/A,N/A,N/A
BFS,Erro ao buscar dados,-,,,,,,,,N/A,N/A,N/A
BFST,Erro ao buscar dados,-,,,,,,,,N/A,N/A,N/A
BFS^D,Erro ao buscar dados,-,,,,,,,,N/A,N/A,N/A
BFS^E,Erro ao buscar dados,-,,,,,,,,N/A,N/A,N/A
BFT,Erro ao buscar dados,-,,,,,,,,N/A,N/A,N/A
BFT.U,Erro ao buscar dados,-,,,,,,,,N/A,N/A,N/A
BFT.WS,Erro ao buscar dados,-,,,,,,,,N/A,N/A,N/A
BFY,Erro ao buscar dados,-,,,,,,,,N/A,N/A,N/A
BFZ,Erro ao buscar dados,-,,,,,,,,N/A,N/A,N/A
BG,Erro ao buscar dados,-,,,,,,,,N/A,N/A,N/A
BGB,Erro ao buscar dados,-,,,,,,,,N/A,N/A,N/A
BGCP,Erro ao buscar dados,-,,,,,,,,N/A,N/A,N/A
BGFV,Erro ao buscar dados,-,,,,,,,,N/A,N/A,N/A
BGH,Erro ao buscar dados,-,,,,,,,,N/A,N/A,N/A
BGIO,Erro ao buscar dados,-,,,,,,,,N/A,N/A,N/A
BGNE,Erro ao buscar dados,-,,,,,,,,N/A,N/A,N/A
BGR,Erro ao buscar dados,-,,,,,,,,N/A,N/A,N/A
BGRN,Erro ao buscar dados,-,,,,,,,,N/A,N/A,N/A
BGS,Erro ao buscar dados,-,,,,,,,,N/A,N/A,N/A
BGSF,Erro ao buscar dados,-,,,,,,,,N/A,N/A,N/A
BGT,Erro ao buscar dados,-,,,,,,,,N/A,N/A,N/A
BGX,Erro ao buscar dados,-,,,,,,,,N/A,N/A,N/A
BGY,Erro ao buscar dados,-,,,,,,,,N/A,N/A,N/A
BH,Erro ao buscar dados,-,,,,,,,,N/A,N/A,N/A
BH.A,Erro ao buscar dados,-,,,,,,,,N/A,N/A,N/A
BHAT,Erro ao buscar dados,-,,,,,,,,N/A,N/A,N/A
BHC,Erro ao buscar dados,-,,,,,,,,N/A,N/A,N/A
BHE,Erro ao buscar dados,-,,,,,,,,N/A,N/A,N/A
BHF,Erro ao buscar dados,-,,,,,,,,N/A,N/A,N/A
BHFAL,Erro ao buscar dados,-,,,,,,,,N/A,N/A,N/A
BHFAN,Erro ao buscar dados,-,,,,,,,,N/A,N/A,N/A
BHFAO,Erro ao buscar dados,-,,,,,,,,N/A,N/A,N/A
BHFAP,Erro ao buscar dados,-,,,,,,,,N/A,N/A,N/A
BHK,Erro ao buscar dados,-,,,,,,,,N/A,N/A,N/A
BHLB,Erro ao buscar dados,-,,,,,,,,N/A,N/A,N/A
BHP,Erro ao buscar dados,-,,,,,,,,N/A,N/A,N/A
BHR,Erro ao buscar dados,-,,,,,,,,N/A,N/A,N/A
BHR^B,Erro ao buscar dados,-,,,,,,,,N/A,N/A,N/A
BHR^D,Erro ao buscar dados,-,,,,,,,,N/A,N/A,N/A
BHSE,Erro ao buscar dados,-,,,,,,,,N/A,N/A,N/A
BHSEU,Erro ao buscar dados,-,,,,,,,,N/A,N/A,N/A
BHSEW,Erro ao buscar dados,-,,,,,,,,N/A,N/A,N/A
BHTG,Erro ao buscar dados,-,,,,,,,,N/A,N/A,N/A
BHV,Erro ao buscar dados,-,,,,,,,,N/A,N/A,N/A
BHVN,Erro ao buscar dados,-,,,,,,,,N/A,N/A,N/A
BIB,Erro ao buscar dados,-,,,,,,,,N/A,N/A,N/A
BICK,Erro ao buscar dados,-,,,,,,,,N/A,N/A,N/A
BIDU,Erro ao buscar dados,-,,,,,,,,N/A,N/A,N/A
BIF,Erro ao buscar dados,-,,,,,,,,N/A,N/A,N/A
BIG,Erro ao buscar dados,-,,,,,,,,N/A,N/A,N/A
BIGC,Erro ao buscar dados,-,,,,,,,,N/A,N/A,N/A
BIIB,Erro ao buscar dados,-,,,,,,,,N/A,N/A,N/A
BILI,Erro ao buscar dados,-,,,,,,,,N/A,N/A,N/A
BILL,Erro ao buscar dados,-,,,,,,,,N/A,N/A,N/A
BIMI,Erro ao buscar dados,-,,,,,,,,N/A,N/A,N/A
BIO,Erro ao buscar dados,-,,,,,,,,N/A,N/A,N/A
BIO.B,Erro ao buscar dados,-,,,,,,,,N/A,N/A,N/A
BIOC,Erro ao buscar dados,-,,,,,,,,N/A,N/A,N/A
BIOL,Erro ao buscar dados,-,,,,,,,,N/A,N/A,N/A
BIOTU,Erro ao buscar dados,-,,,,,,,,N/A,N/A,N/A
BIP,Erro ao buscar dados,-,,,,,,,,N/A,N/A,N/A
BIPC,Erro ao buscar dados,-,,,,,,,,N/A,N/A,N/A
BIP^A,Erro ao buscar dados,-,,,,,,,,N/A,N/A,N/A
BIS,Erro ao buscar dados,-,,,,,,,,N/A,N/A,N/A
BIT,Erro ao buscar dados,-,,,,,,,,N/A,N/A,N/A
BIVI,Erro ao buscar dados,-,,,,,,,,N/A,N/A,N/A
BJ,Erro ao buscar dados,-,,,,,,,,N/A,N/A,N/A
BJK,Erro ao buscar dados,-,,,,,,,,N/A,N/A,N/A
BJRI,Erro ao buscar dados,-,,,,,,,,N/A,N/A,N/A
BK,Erro ao buscar dados,-,,,,,,,,N/A,N/A,N/A
BKCC,Erro ao buscar dados,-,,,,,,,,N/A,N/A,N/A
BKD,Erro ao buscar dados,-,,,,,,,,N/A,N/A,N/A
BKE,Erro ao buscar dados,-,,,,,,,,N/A,N/A,N/A
BKEP,Erro ao buscar dados,-,,,,,,,,N/A,N/A,N/A
BKEPP,Erro ao buscar dados,-,,,,,,,,N/A,N/A,N/A
BKH,Erro ao buscar dados,-,,,,,,,,N/A,N/A,N/A
BKI,Erro ao buscar dados,-,,,,,,,,N/A,N/A,N/A
BKN,Erro ao buscar dados,-,,,,,,,,N/A,N/A,N/A
BKNG,Erro ao buscar dados,-,,,,,,,,N/A,N/A,N/A
BKR,Erro ao buscar dados,-,,,,,,,,N/A,N/A,N/A
BKSC,Erro ao buscar dados,-,,,,,,,,N/A,N/A,N/A
BKT,Erro ao buscar dados,-,,,,,,,,N/A,N/A,N/A
BKU,Erro ao buscar dados,-,,,,,,,,N/A,N/A,N/A
BKYI,Erro ao buscar dados,-,,,,,,,,N/A,N/A,N/A
BL,Erro ao buscar dados,-,,,,,,,,N/A,N/A,N/A
BLBD,Erro ao buscar dados,-,,,,,,,,N/A,N/A,N/A
BLCM,Erro ao buscar dados,-,,,,,,,,N/A,N/A,N/A
BLCN,Erro ao buscar dados,-,,,,,,,,N/A,N/A,N/A
BLCT,Erro ao buscar dados,-,,,,,,,,N/A,N/A,N/A
BLD,Erro ao buscar dados,-,,,,,,,,N/A,N/A,N/A
BLDP,Erro ao buscar dados,-,,,,,,,,N/A,N/A,N/A
BLDR,Erro ao buscar dados,-,,,,,,,,N/A,N/A,N/A
BLE,Erro ao buscar dados,-,,,,,,,,N/A,N/A,N/A
BLFS,Erro ao buscar dados,-,,,,,,,,N/A,N/A,N/A
BLI,Erro ao buscar dados,-,,,,,,,,N/A,N/A,N/A
BLIN,Erro ao buscar dados,-,,,,,,,,N/A,N/A,N/A
BLK,Erro ao buscar dados,-,,,,,,,,N/A,N/A,N/A
BLKB,Erro ao buscar dados,-,,,,,,,,N/A,N/A,N/A
BLL,Erro ao buscar dados,-,,,,,,,,N/A,N/A,N/A
BLMN,Erro ao buscar dados,-,,,,,,,,N/A,N/A,N/A
BLNK,Erro ao buscar dados,-,,,,,,,,N/A,N/A,N/A
BLNKW,Erro ao buscar dados,-,,,,,,,,N/A,N/A,N/A
BLPH,Erro ao buscar dados,-,,,,,,,,N/A,N/A,N/A
BLRX,Erro ao buscar dados,-,,,,,,,,N/A,N/A,N/A
BLSA,Erro ao buscar dados,-,,,,,,,,N/A,N/A,N/A
BLTSU,Erro ao buscar dados,-,,,,,,,,N/A,N/A,N/A
BLU,Erro ao buscar dados,-,,,,,,,,N/A,N/A,N/A
BLUE,Erro ao buscar dados,-,,,,,,,,N/A,N/A,N/A
BLUWU,Erro ao buscar dados,-,,,,,,,,N/A,N/A,N/A
BLW,Erro ao buscar dados,-,,,,,,,,N/A,N/A,N/A
BLX,Erro ao buscar dados,-,,,,,,,,N/A,N/A,N/A
BMA,Erro ao buscar dados,-,,,,,,,,N/A,N/A,N/A
BME,Erro ao buscar dados,-,,,,,,,,N/A,N/A,N/A
BMEZ,Erro ao buscar dados,-,,,,,,,,N/A,N/A,N/A
BMI,Erro ao buscar dados,-,,,,,,,,N/A,N/A,N/A
BMLP,Erro ao buscar dados,-,,,,,,,,N/A,N/A,N/A
BML^G,Erro ao buscar dados,-,,,,,,,,N/A,N/A,N/A
BML^H,Erro ao buscar dados,-,,,,,,,,N/A,N/A,N/A
BML^J,Erro ao buscar dados,-,,,,,,,,N/A,N/A,N/A
BML^L,Erro ao buscar dados,-,,,,,,,,N/A,N/A,N/A
BMO,Erro ao buscar dados,-,,,,,,,,N/A,N/A,N/A
BMRA,Erro ao buscar dados,-,,,,,,,,N/A,N/A,N/A
BMRC,Erro ao buscar dados,-,,,,,,,,N/A,N/A,N/A
BMRN,Erro ao buscar dados,-,,,,,,,,N/A,N/A,N/A
BMTC,Erro ao buscar dados,-,,,,,,,,N/A,N/A,N/A
BMY,Erro ao buscar dados,-,,,,,,,,N/A,N/A,N/A
BND,Erro ao buscar dados,-,,,,,,,,N/A,N/A,N/A
BNDW,Erro ao buscar dados,-,,,,,,,,N/A,N/A,N/A
BNDX,Erro ao buscar dados,-,,,,,,,,N/A,N/A,N/A
BNED,Erro ao buscar dados,-,,,,,,,,N/A,N/A,N/A
BNFT,Erro ao buscar dados,-,,,,,,,,N/A,N/A,N/A
BNGO,Erro ao buscar dados,-,,,,,,,,N/A,N/A,N/A
BNGOW,Erro ao buscar dados,-,,,,,,,,N/A,N/A,N/A
BNL,Erro ao buscar dados,-,,,,,,,,N/A,N/A,N/A
BNR,Erro ao buscar dados,-,,,,,,,,N/A,N/A,N/A
BNS,Erro ao buscar dados,-,,,,,,,,N/A,N/A,N/A
BNSO,Erro ao buscar dados,-,,,,,,,,N/A,N/A,N/A
BNTC,Erro ao buscar dados,-,,,,,,,,N/A,N/A,N/A
BNTX,Erro ao buscar dados,-,,,,,,,,N/A,N/A,N/A
BNY,Erro ao buscar dados,-,,,,,,,,N/A,N/A,N/A
BOAC,Erro ao buscar dados,-,,,,,,,,N/A,N/A,N/A
BOAC.U,Erro ao buscar dados,-,,,,,,,,N/A,N/A,N/A
BOAC.WS,Erro ao buscar dados,-,,,,,,,,N/A,N/A,N/A
BOCH,Erro ao buscar dados,-,,,,,,,,N/A,N/A,N/A
BPT,Erro ao buscar dados,-,,,,,,,,N/A,N/A,N/A
BPTH,Erro ao buscar dados,-,,,,,,,,N/A,N/A,N/A
BPY,Erro ao buscar dados,-,,,,,,,,N/A,N/A,N/A
BPYPN,Erro ao buscar dados,-,,,,,,,,N/A,N/A,N/A
BPYPO,Erro ao buscar dados,-,,,,,,,,N/A,N/A,N/A
BPYPP,Erro ao buscar dados,-,,,,,,,,N/A,N/A,N/A
BPYU,Erro ao buscar dados,-,,,,,,,,N/A,N/A,N/A
BPYUP,Erro ao buscar dados,-,,,,,,,,N/A,N/A,N/A
BQ,Erro ao buscar dados,-,,,,,,,,N/A,N/A,N/A
BR,Erro ao buscar dados,-,,,,,,,,N/A,N/A,N/A
BRAP4.SA,Erro ao buscar dados,-,,,,,,,,N/A,N/A,N/A
BRBR,Erro ao buscar dados,-,,,,,,,,N/A,N/A,N/A
BRC,Erro ao buscar dados,-,,,,,,,,N/A,N/A,N/A
BREZ,Erro ao buscar dados,-,,,,,,,,N/A,N/A,N/A
BREZR,Erro ao buscar dados,-,,,,,,,,N/A,N/A,N/A
BREZW,Erro ao buscar dados,-,,,,,,,,N/A,N/A,N/A
BRFS,Erro ao buscar dados,-,,,,,,,,N/A,N/A,N/A
BRFS3.SA,Erro ao buscar dados,-,,,,,,,,N/A,N/A,N/A
BRID,Erro ao buscar dados,-,,,,,,,,N/A,N/A,N/A
BRK.A,Erro ao buscar dados,-,,,,,,,,N/A,N/A,N/A
BRK.B,Erro ao buscar dados,-,,,,,,,,N/A,N/A,N/A
BRKL,Erro ao buscar dados,-,,,,,,,,N/A,N/A,N/A
BRKM5.SA,Erro ao buscar dados,-,,,,,,,,N/A,N/A,N/A
BRKR,Erro ao buscar dados,-,,,,,,,,N/A,N/A,N/A
BRKS,Erro ao buscar dados,-,,,,,,,,N/A,N/A,N/A
BOE,Erro ao buscar dados,-,,,,,,,,N/A,N/A,N/A
BOH,Erro ao buscar dados,-,,,,,,,,N/A,N/A,N/A
BOKF,Erro ao buscar dados,-,,,,,,,,N/A,N/A,N/A
BOKFL,Erro ao buscar dados,-,,,,,,,,N/A,N/A,N/A
BOMN,Erro ao buscar dados,-,,,,,,,,N/A,N/A,N/A
BOOM,Erro ao buscar dados,-,,,,,,,,N/A,N/A,N/A
BOOT,Erro ao buscar dados,-,,,,,,,,N/A,N/A,N/A
BORR,Erro ao buscar dados,-,,,,,,,,N/A,N/A,N/A
BOSC,Erro ao buscar dados,-,,,,,,,,N/A,N/A,N/A
BOTJ,Erro ao buscar dados,-,,,,,,,,N/A,N/A,N/A
BOTZ,Erro ao buscar dados,-,,,,,,,,N/A,N/A,N/A
BOWX,Erro ao buscar dados,-,,,,,,,,N/A,N/A,N/A
BOWXU,Erro ao buscar dados,-,,,,,,,,N/A,N/A,N/A
BOWXW,Erro ao buscar dados,-,,,,,,,,N/A,N/A,N/A
BOX,Erro ao buscar dados,-,,,,,,,,N/A,N/A,N/A
BOXL,Erro ao buscar dados,-,,,,,,,,N/A,N/A,N/A
BP,Erro ao buscar dados,-,,,,,,,,N/A,N/A,N/A
BPAC11.SA,Erro ao buscar dados,-,,,,,,,,N/A,N/A,N/A
BPFH,Erro ao buscar dados,-,,,,,,,,N/A,N/A,N/A
BPMC,Erro ao buscar dados,-,,,,,,,,N/A,N/A,N/A
BPMP,Erro ao buscar dados,-,,,,,,,,N/A,N/A,N/A
BPOP,Erro ao buscar dados,-,,,,,,,,N/A,N/A,N/A
BPOPM,Erro ao buscar dados,-,,,,,,,,N/A,N/A,N/A
BPOPN,Erro ao buscar dados,-,,,,,,,,N/A,N/A,N/A
BPRN,Erro ao buscar dados,-,,,,,,,,N/A,N/A,N/A
BRLI,Erro ao buscar dados,-,,,,,,,,N/A,N/A,N/A
BRLIR,Erro ao buscar dados,-,,,,,,,,N/A,N/A,N/A
BRLIU,Erro ao buscar dados,-,,,,,,,,N/A,N/A,N/A
BRLIW,Erro ao buscar dados,-,,,,,,,,N/A,N/A,N/A
BRMK,Erro ao buscar dados,-,,,,,,,,N/A,N/A,N/A
BRO,Erro ao buscar dados,-,,,,,,,,N/A,N/A,N/A
BROG,Erro ao buscar dados,-,,,,,,,,N/A,N/A,N/A
BROGW,Erro ao buscar dados,-,,,,,,,,N/A,N/A,N/A
BRP,Erro ao buscar dados,-,,,,,,,,N/A,N/A,N/A
BRPA,Erro ao buscar dados,-,,,,,,,,N/A,N/A,N/A
BRPAR,Erro ao buscar dados,-,,,,,,,,N/A,N/A,N/A
BRPAU,Erro ao buscar dados,-,,,,,,,,N/A,N/A,N/A
BRPAW,Erro ao buscar dados,-,,,,,,,,N/A,N/A,N/A
BRQS,Erro ao buscar dados,-,,,,,,,,N/A,N/A,N/A
BRT,Erro ao buscar dados,-,,,,,,,,N/A,N/A,N/A
BRX,Erro ao buscar dados,-,,,,,,,,N/A,N/A,N/A
BRY,Erro ao buscar dados,-,,,,,,,,N/A,N/A,N/A
BSA,Erro ao buscar dados,-,,,,,,,,N/A,N/A,N/A
BSAC,Erro ao buscar dados,-,,,,,,,,N/A,N/A,N/A
BSAE,Erro ao buscar dados,-,,,,,,,,N/A,N/A,N/A
BSBE,Erro ao buscar dados,-,,,,,,,,N/A,N/A,N/A
BSBK,Erro ao buscar dados,-,,,,,,,,N/A,N/A,N/A
BSBR,Erro ao buscar dados,-,,,,,,,,N/A,N/A,N/A
BSCE,Erro ao buscar dados,-,,,,,,,,N/A,N/A,N/A
BSCL,Erro ao buscar dados,-,,,,,,,,N/A,N/A,N/A
BSCM,Erro ao buscar dados,-,,,,,,,,N/A,N/A,N/A
BSCN,Erro ao buscar dados,-,,,,,,,,N/A,N/A,N/A
BSCO,Erro ao buscar dados,-,,,,,,,,N/A,N/A,N/A
BSCP,Erro ao buscar dados,-,,,,,,,,N/A,N/A,N/A
BSCQ,Erro ao buscar dados,-,,,,,,,,N/A,N/A,N/A
BSCR,Erro ao buscar dados,-,,,,,,,,N/A,N/A,N/A
BSCS,Erro ao buscar dados,-,,,,,,,,N/A,N/A,N/A
BSCT,Erro ao buscar dados,-,,,,,,,,N/A,N/A,N/A
BSCU,Erro ao buscar dados,-,,,,,,,,N/A,N/A,N/A
BSD,Erro ao buscar dados,-,,,,,,,,N/A,N/A,N/A
BSDE,Erro ao buscar dados,-,,,,,,,,N/A,N/A,N/A
BSE,Erro ao buscar dados,-,,,,,,,,N/A,N/A,N/A
BSET,Erro ao buscar dados,-,,,,,,,,N/A,N/A,N/A
BSGM,Erro ao buscar dados,-,,,,,,,,N/A,N/A,N/A
BSIG,Erro ao buscar dados,-,,,,,,,,N/A,N/A,N/A
BSJL,Erro ao buscar dados,-,,,,,,,,N/A,N/A,N/A
BSJM,Erro ao buscar dados,-,,,,,,,,N/A,N/A,N/A
BSJN,Erro ao buscar dados,-,,,,,,,,N/A,N/A,N/A
BSJO,Erro ao buscar dados,-,,,,,,,,N/A,N/A,N/A
BSJP,Erro ao buscar dados,-,,,,,,,,N/A,N/A,N/A
BSJQ,Erro ao buscar dados,-,,,,,,,,N/A,N/A,N/A
BSJR,Erro ao buscar dados,-,,,,,,,,N/A,N/A,N/A
BSJS,Erro ao buscar dados,-,,,,,,,,N/A,N/A,N/A
BSL,Erro ao buscar dados,-,,,,,,,,N/A,N/A,N/A
BSM,Erro ao buscar dados,-,,,,,,,,N/A,N/A,N/A
BSML,Erro ao buscar dados,-,,,,,,,,N/A,N/A,N/A
BSMM,Erro ao buscar dados,-,,,,,,,,N/A,N/A,N/A
BSMN,Erro ao buscar dados,-,,,,,,,,N/A,N/A,N/A
BSMO,Erro ao buscar dados,-,,,,,,,,N/A,N/A,N/A
BSMP,Erro ao buscar dados,-,,,,,,,,N/A,N/A,N/A
BSMQ,Erro ao buscar dados,-,,,,,,,,N/A,N/A,N/A
BSMR,Erro ao buscar dados,-,,,,,,,,N/A,N/A,N/A
BSMS,Erro ao buscar dados,-,,,,,,,,N/A,N/A,N/A
BSMT,Erro ao buscar dados,-,,,,,,,,N/A,N/A,N/A
BSMU,Erro ao buscar dados,-,,,,,,,,N/A,N/A,N/A
BSMX,Erro ao buscar dados,-,,,,,,,,N/A,N/A,N/A
BSN,Erro ao buscar dados,-,,,,,,,,N/A,N/A,N/A
BSN.U,Erro ao buscar dados,-,,,,,,,,N/A,N/A,N/A
BSN.WS,Erro ao buscar dados,-,,,,,,,,N/A,N/A,N/A
BSQR,Erro ao buscar dados,-,,,,,,,,N/A,N/A,N/A
BSRR,Erro ao buscar dados,-,,,,,,,,N/A,N/A,N/A
BST,Erro ao buscar dados,-,,,,,,,,N/A,N/A,N/A
BSTZ,Erro ao buscar dados,-,,,,,,,,N/A,N/A,N/A
BSVN,Erro ao buscar dados,-,,,,,,,,N/A,N/A,N/A
BSX,Erro ao buscar dados,-,,,,,,,,N/A,N/A,N/A
BSX^A,Erro ao buscar dados,-,,,,,,,,N/A,N/A,N/A
BSY,Erro ao buscar dados,-,,,,,,,,N/A,N/A,N/A
BTA,Erro ao buscar dados,-,,,,,,,,N/A,N/A,N/A
BTAI,Erro ao buscar dados,-,,,,,,,,N/A,N/A,N/A
BTAQ,Erro ao buscar dados,-,,,,,,,,N/A,N/A,N/A
BTAQU,Erro ao buscar dados,-,,,,,,,,N/A,N/A,N/A
BTAQW,Erro ao buscar dados,-,,,,,,,,N/A,N/A,N/A
BTBT,Erro ao buscar dados,-,,,,,,,,N/A,N/A,N/A
BTEC,Erro ao buscar dados,-,,,,,,,,N/A,N/A,N/A
BTI,Erro ao buscar dados,-,,,,,,,,N/A,N/A,N/A
BTNB,Erro ao buscar dados,-,,,,,,,,N/A,N/A,N/A
BTO,Erro ao buscar dados,-,,,,,,,,N/A,N/A,N/A
BTRS,Erro ao buscar dados,-,,,,,,,,N/A,N/A,N/A
BTRSW,Erro ao buscar dados,-,,,,,,,,N/A,N/A,N/A
BTT,Erro ao buscar dados,-,,,,,,,,N/A,N/A,N/A
BTU,Erro ao buscar dados,-,,,,,,,,N/A,N/A,N/A
BTWN,Erro ao buscar dados,-,,,,,,,,N/A,N/A,N/A
BTWNU,Erro ao buscar dados,-,,,,,,,,N/A,N/A,N/A
BTWNW,Erro ao buscar dados,-,,,,,,,,N/A,N/A,N/A
BTZ,Erro ao buscar dados,-,,,,,,,,N/A,N/A,N/A
BUD,Erro ao buscar dados,-,,,,,,,,N/A,N/A,N/A
BUG,Erro ao buscar dados,-,,,,,,,,N/A,N/A,N/A
BUI,Erro ao buscar dados,-,,,,,,,,N/A,N/A,N/A
BUR,Erro ao buscar dados,-,,,,,,,,N/A,N/A,N/A
BURL,Erro ao buscar dados,-,,,,,,,,N/A,N/A,N/A
BUSE,Erro ao buscar dados,-,,,,,,,,N/A,N/A,N/A
BV,Erro ao buscar dados,-,,,,,,,,N/A,N/A,N/A
BVH,Erro ao buscar dados,-,,,,,,,,N/A,N/A,N/A
BVN,Erro ao buscar dados,-,,,,,,,,N/A,N/A,N/A
BVXV,Erro ao buscar dados,-,,,,,,,,N/A,N/A,N/A
BW,Erro ao buscar dados,-,,,,,,,,N/A,N/A,N/A
BWA,Erro ao buscar dados,-,,,,,,,,N/A,N/A,N/A
BWAC,Erro ao buscar dados,-,,,,,,,,N/A,N/A,N/A
BWACU,Erro ao buscar dados,-,,,,,,,,N/A,N/A,N/A
BWACW,Erro ao buscar dados,-,,,,,,,,N/A,N/A,N/A
BWAY,Erro ao buscar dados,-,,,,,,,,N/A,N/A,N/A
BWB,Erro ao buscar dados,-,,,,,,,,N/A,N/A,N/A
BWEN,Erro ao buscar dados,-,,,,,,,,N/A,N/A,N/A
BWFG,Erro ao buscar dados,-,,,,,,,,N/A,N/A,N/A
BWG,Erro ao buscar dados,-,,,,,,,,N/A,N/A,N/A
BWMX,Erro ao buscar dados,-,,,,,,,,N/A,N/A,N/A
BWXT,Erro ao buscar dados,-,,,,,,,,N/A,N/A,N/A
BX,Erro ao buscar dados,-,,,,,,,,N/A,N/A,N/A
BXC,Erro ao buscar dados,-,,,,,,,,N/A,N/A,N/A
BXG,Erro ao buscar dados,-,,,,,,,,N/A,N/A,N/A
BXMT,Erro ao buscar dados,-,,,,,,,,N/A,N/A,N/A
BXMX,Erro ao buscar dados,-,,,,,,,,N/A,N/A,N/A
BXP,Erro ao buscar dados,-,,,,,,,,N/A,N/A,N/A
BXP^B,Erro ao buscar dados,-,,,,,,,,N/A,N/A,N/A
BXRX,Erro ao buscar dados,-,,,,,,,,N/A,N/A,N/A
BXS,Erro ao buscar dados,-,,,,,,,,N/A,N/A,N/A
BXS^A,Erro ao buscar dados,-,,,,,,,,N/A,N/A,N/A
BY,Erro ao buscar dados,-,,,,,,,,N/A,N/A,N/A
BYD,Erro ao buscar dados,-,,,,,,,,N/A,N/A,N/A
BYFC,Erro ao buscar dados,-,,,,,,,,N/A,N/A,N/A
BYM,Erro ao buscar dados,-,,,,,,,,N/A,N/A,N/A
BYND,Erro ao buscar dados,-,,,,,,,,N/A,N/A,N/A
BYSI,Erro ao buscar dados,-,,,,,,,,N/A,N/A,N/A
BZH,Erro ao buscar dados,-,,,,,,,,N/A,N/A,N/A
BZM,Erro ao buscar dados,-,,,,,,,,N/A,N/A,N/A
BZUN,Erro ao buscar dados,-,,,,,,,,N/A,N/A,N/A
C,Erro ao buscar dados,-,,,,,,,,N/A,N/A,N/A
CAAP,Erro ao buscar dados,-,,,,,,,,N/A,N/A,N/A
CAAS,Erro ao buscar dados,-,,,,,,,,N/A,N/A,N/A
CABA,Erro ao buscar dados,-,,,,,,,,N/A,N/A,N/A
CABO,Erro ao buscar dados,-,,,,,,,,N/A,N/A,N/A
CAC,Erro ao buscar dados,-,,,,,,,,N/A,N/A,N/A
CACC,Erro ao buscar dados,-,,,,,,,,N/A,N/A,N/A
CACG,Erro ao buscar dados,-,,,,,,,,N/A,N/A,N/A
CACI,Erro ao buscar dados,-,,,,,,,,N/A,N/A,N/A
CADE,Erro ao buscar dados,-,,,,,,,,N/A,N/A,N/A
CAE,Erro ao buscar dados,-,,,,,,,,N/A,N/A,N/A
CAF,Erro ao buscar dados,-,,,,,,,,N/A,N/A,N/A
CAG,Erro ao buscar dados,-,,,,,,,,N/A,N/A,N/A
CAH,Erro ao buscar dados,-,,,,,,,,N/A,N/A,N/A
CAI,Erro ao buscar dados,-,,,,,,,,N/A,N/A,N/A
CAI^A,Erro ao buscar dados,-,,,,,,,,N/A,N/A,N/A
CAI^B,Erro ao buscar dados,-,,,,,,,,N/A,N/A,N/A
CAJ,Erro ao buscar dados,-,,,,,,,,N/A,N/A,N/A
CAKE,Erro ao buscar dados,-,,,,,,,,N/A,N/A,N/A
CAL,Erro ao buscar dados,-,,,,,,,,N/A,N/A,N/A
CALA,Erro ao buscar dados,-,,,,,,,,N/A,N/A,N/A
CALB,Erro ao buscar dados,-,,,,,,,,N/A,N/A,N/A
CALM,Erro ao buscar dados,-,,,,,,,,N/A,N/A,N/A
CALT,Erro ao buscar dados,-,,,,,,,,N/A,N/A,N/A
CALX,Erro ao buscar dados,-,,,,,,,,N/A,N/A,N/A
CAMP,Erro ao buscar dados,-,,,,,,,,N/A,N/A,N/A
CAMT,Erro ao buscar dados,-,,,,,,,,N/A,N/A,N/A
CAN,Erro ao buscar dados,-,,,,,,,,N/A,N/A,N/A
CANG,Erro ao buscar dados,-,,,,,,,,N/A,N/A,N/A
CAP.U,Erro ao buscar dados,-,,,,,,,,N/A,N/A,N/A
CAPA,Erro ao buscar dados,-,,,,,,,,N/A,N/A,N/A
CAPAU,Erro ao buscar dados,-,,,,,,,,N/A,N/A,N/A
CAPAW,Erro ao buscar dados,-,,,,,,,,N/A,N/A,N/A
CAPL,Erro ao buscar dados,-,,,,,,,,N/A,N/A,N/A
CAPR,Erro ao buscar dados,-,,,,,,,,N/A,N/A,N/A
CAR,Erro ao buscar dados,-,,,,,,,,N/A,N/A,N/A
CARA,Erro ao buscar dados,-,,,,,,,,N/A,N/A,N/A
CARE,Erro ao buscar dados,-,,,,,,,,N/A,N/A,N/A
CARG,Erro ao buscar dados,-,,,,,,,,N/A,N/A,N/A
CARR,Erro ao buscar dados,-,,,,,,,,N/A,N/A,N/A
CARS,Erro ao buscar dados,-,,,,,,,,N/A,N/A,N/A
CARV,Erro ao buscar dados,-,,,,,,,,N/A,N/A,N/A
CARZ,Erro ao buscar dados,-,,,,,,,,N/A,N/A,N/A
CAS,Erro ao buscar dados,-,,,,,,,,N/A,N/A,N/A
CBIO,Erro ao buscar dados,-,,,,,,,,N/A,N/A,N/A
CBLI,Erro ao buscar dados,-,,,,,,,,N/A,N/A,N/A
CBMB,Erro ao buscar dados,-,,,,,,,,N/A,N/A,N/A
CBMG,Erro ao buscar dados,-,,,,,,,,N/A,N/A,N/A
CBNK,Erro ao buscar dados,-,,,,,,,,N/A,N/A,N/A
CBO,Erro ao buscar dados,-,,,,,,,,N/A,N/A,N/A
CBOE,Erro ao buscar dados,-,,,,,,,,N/A,N/A,N/A
CBPO,Erro ao buscar dados,-,,,,,,,,N/A,N/A,N/A
CBRE,Erro ao buscar dados,-,,,,,,,,N/A,N/A,N/A
CBRL,Erro ao buscar dados,-,,,,,,,,N/A,N/A,N/A
CBSH,Erro ao buscar dados,-,,,,,,,,N/A,N/A,N/A
CBT,Erro ao buscar dados,-,,,,,,,,N/A,N/A,N/A
CBTX,Erro ao buscar dados,-,,,,,,,,N/A,N/A,N/A
CBU,Erro ao buscar dados,-,,,,,,,,N/A,N/A,N/A
CBX,Erro ao buscar dados,-,,,,,,,,N/A,N/A,N/A
CBZ,Erro ao buscar dados,-,,,,,,,,N/A,N/A,N/A
CC,Erro ao buscar dados,-,,,,,,,,N/A,N/A,N/A
CCAC,Erro ao buscar dados,-,,,,,,,,N/A,N/A,N/A
CCAC.U,Erro ao buscar dados,-,,,,,,,,N/A,N/A,N/A
CCAC.WS,Erro ao buscar dados,-,,,,,,,,N/A,N/A,N/A
CCAP,Erro ao buscar dados,-,,,,,,,,N/A,N/A,N/A
CCB,Erro ao buscar dados,-,,,,,,,,N/A,N/A,N/A
CCBG,Erro ao buscar dados,-,,,,,,,,N/A,N/A,N/A
CCC,Erro ao buscar dados,-,,,,,,,,N/A,N/A,N/A
CCCC,Erro ao buscar dados,-,,,,,,,,N/A,N/A,N/A
CCD,Erro ao buscar dados,-,,,,,,,,N/A,N/A,N/A
CCEP,Erro ao buscar dados,-,,,,,,,,N/A,N/A,N/A
CCI,Erro ao buscar dados,-,,,,,,,,N/A,N/A,N/A
CCIV,Erro ao buscar dados,-,,,,,,,,N/A,N/A,N/A
CCIV.U,Erro ao buscar dados,-,,,,,,,,N/A,N/A,N/A
CCIV.WS,Erro ao buscar dados,-,,,,,,,,N/A,N/A,N/A
CCJ,Erro ao buscar dados,-,,,,,,,,N/A,N/A,N/A
CCK,Erro ao buscar dados,-,,,,,,,,N/A,N/A,N/A
CCL,Erro ao buscar dados,-,,,,,,,,N/A,N/A,N/A
CCLP,Erro ao buscar dados,-,,,,,,,,N/A,N/A,N/A
CCM,Erro ao buscar dados,-,,,,,,,,N/A,N/A,N/A
CCMP,Erro ao buscar dados,-,,,,,,,,N/A,N/A,N/A
CCNC,Erro ao buscar dados,-,,,,,,,,N/A,N/A,N/A
CCNE,Erro ao buscar dados,-,,,,,,,,N/A,N/A,N/A
CCNEP,Erro ao buscar dados,-,,,,,,,,N/A,N/A,N/A
CCO,Erro ao buscar dados,-,,,,,,,,N/A,N/A,N/A
CCOI,Erro ao buscar dados,-,,,,,,,,N/A,N/A,N/A
CCRC,Erro ao buscar dados,-,,,,,,,,N/A,N/A,N/A
CCRN,Erro ao buscar dados,-,,,,,,,,N/A,N/A,N/A
CCRO3.SA,Erro ao buscar dados,-,,,,,,,,N/A,N/A,N/A
CCS,Erro ao buscar dados,-,,,,,,,,N/A,N/A,N/A
CCU,Erro ao buscar dados,-,,,,,,,,N/A,N/A,N/A
CCV.U,Erro ao buscar dados,-,,,,,,,,N/A,N/A,N/A
CCX,Erro ao buscar dados,-,,,,,,,,N/A,N/A,N/A
CCX.U,Erro ao buscar dados,-,,,,,,,,N/A,N/A,N/A
CAS.U,Erro ao buscar dados,-,,,,,,,,N/A,N/A,N/A
CAS.WS,Erro ao buscar dados,-,,,,,,,,N/A,N/A,N/A
CASA,Erro ao buscar dados,-,,,,,,,,N/A,N/A,N/A
CASH,Erro ao buscar dados,-,,,,,,,,N/A,N/A,N/A
CASH3.SA,Erro ao buscar dados,-,,,,,,,,N/A,N/A,N/A
CASI,Erro ao buscar dados,-,,,,,,,,N/A,N/A,N/A
CASS,Erro ao buscar dados,-,,,,,,,,N/A,N/A,N/A
CASY,Erro ao buscar dados,-,,,,,,,,N/A,N/A,N/A
CAT,Erro ao buscar dados,-,,,,,,,,N/A,N/A,N/A
CATB,Erro ao buscar dados,-,,,,,,,,N/A,N/A,N/A
CATC,Erro ao buscar dados,-,,,,,,,,N/A,N/A,N/A
CATH,Erro ao buscar dados,-,,,,,,,,N/A,N/A,N/A
CATM,Erro ao buscar dados,-,,,,,,,,N/A,N/A,N/A
CATO,Erro ao buscar dados,-,,,,,,,,N/A,N/A,N/A
CATY,Erro ao buscar dados,-,,,,,,,,N/A,N/A,N/A
CB,Erro ao buscar dados,-,,,,,,,,N/A,N/A,N/A
CBAH.U,Erro ao buscar dados,-,,,,,,,,N/A,N/A,N/A
CBAN,Erro ao buscar dados,-,,,,,,,,N/A,N/A,N/A
CBAT,Erro ao buscar dados,-,,,,,,,,N/A,N/A,N/A
CBAY,Erro ao buscar dados,-,,,,,,,,N/A,N/A,N/A
CBB,Erro ao buscar dados,-,,,,,,,,N/A,N/A,N/A
CBB^B,Erro ao buscar dados,-,,,,,,,,N/A,N/A,N/A
CBD,Erro ao buscar dados,-,,,,,,,,N/A,N/A,N/A
CBFV,Erro ao buscar dados,-,,,,,,,,N/A,N/A,N/A
CBH,Erro ao buscar dados,-,,,,,,,,N/A,N/A,N/A
CE,Erro ao buscar dados,-,,,,,,,,N/A,N/A,N/A
CEA,Erro ao buscar dados,-,,,,,,,,N/A,N/A,N/A
CECE,Erro ao buscar dados,-,,,,,,,,N/A,N/A,N/A
CEE,Erro ao buscar dados,-,,,,,,,,N/A,N/A,N/A
CEFA,Erro ao buscar dados,-,,,,,,,,N/A,N/A,N/A
CEIX,Erro ao buscar dados,-,,,,,,,,N/A,N/A,N/A
CEL,Erro ao buscar dados,-,,,,,,,,N/A,N/A,N/A
CELC,Erro ao buscar dados,-,,,,,,,,N/A,N/A,N/A
CELG~,Erro ao buscar dados,-,,,,,,,,N/A,N/A,N/A
CELH,Erro ao buscar dados,-,,,,,,,,N/A,N/A,N/A
CELP,Erro ao buscar dados,-,,,,,,,,N/A,N/A,N/A
CEM,Erro ao buscar dados,-,,,,,,,,N/A,N/A,N/A
CEMI,Erro ao buscar dados,-,,,,,,,,N/A,N/A,N/A
CEN,Erro ao buscar dados,-,,,,,,,,N/A,N/A,N/A
CENT,Erro ao buscar dados,-,,,,,,,,N/A,N/A,N/A
CENTA,Erro ao buscar dados,-,,,,,,,,N/A,N/A,N/A
CENX,Erro ao buscar dados,-,,,,,,,,N/A,N/A,N/A
CEO,Erro ao buscar dados,-,,,,,,,,N/A,N/A,N/A
CEPU,Erro ao buscar dados,-,,,,,,,,N/A,N/A,N/A
CEQP,Erro ao buscar dados,-,,,,,,,,N/A,N/A,N/A
CEQP^,Erro ao buscar dados,-,,,,,,,,N/A,N/A,N/A
CERC,Erro ao buscar dados,-,,,,,,,,N/A,N/A,N/A
CERE,Erro ao buscar dados,-,,,,,,,,N/A,N/A,N/A
CEREW,Erro ao buscar dados,-,,,,,,,,N/A,N/A,N/A
CERN,Erro ao buscar dados,-,,,,,,,,N/A,N/A,N/A
CCX.WS,Erro ao buscar dados,-,,,,,,,,N/A,N/A,N/A
CCXI,Erro ao buscar dados,-,,,,,,,,N/A,N/A,N/A
CCZ,Erro ao buscar dados,-,,,,,,,,N/A,N/A,N/A
CD,Erro ao buscar dados,-,,,,,,,,N/A,N/A,N/A
CDAK,Erro ao buscar dados,-,,,,,,,,N/A,N/A,N/A
CDAY,Erro ao buscar dados,-,,,,,,,,N/A,N/A,N/A
CDC,Erro ao buscar dados,-,,,,,,,,N/A,N/A,N/A
CDE,Erro ao buscar dados,-,,,,,,,,N/A,N/A,N/A
CDEV,Erro ao buscar dados,-,,,,,,,,N/A,N/A,N/A
CDK,Erro ao buscar dados,-,,,,,,,,N/A,N/A,N/A
CDL,Erro ao buscar dados,-,,,,,,,,N/A,N/A,N/A
CDLX,Erro ao buscar dados,-,,,,,,,,N/A,N/A,N/A
CDMO,Erro ao buscar dados,-,,,,,,,,N/A,N/A,N/A
CDMOP,Erro ao buscar dados,-,,,,,,,,N/A,N/A,N/A
CDNA,Erro ao buscar dados,-,,,,,,,,N/A,N/A,N/A
CDNS,Erro ao buscar dados,-,,,,,,,,N/A,N/A,N/A
CDOR,Erro ao buscar dados,-,,,,,,,,N/A,N/A,N/A
CDR,Erro ao buscar dados,-,,,,,,,,N/A,N/A,N/A
CDR^B,Erro ao buscar dados,-,,,,,,,,N/A,N/A,N/A
CDR^C,Erro ao buscar dados,-,,,,,,,,N/A,N/A,N/A
CDTX,Erro ao buscar dados,-,,,,,,,,N/A,N/A,N/A
CDW,Erro ao buscar dados,-,,,,,,,,N/A,N/A,N/A
CDXC,Erro ao buscar dados,-,,,,,,,,N/A,N/A,N/A
CDXS,Erro ao buscar dados,-,,,,,,,,N/A,N/A,N/A
CDZI,Erro ao buscar dados,-,,,,,,,,N/A,N/A,N/A
CERS,Erro ao buscar dados,-,,,,,,,,N/A,N/A,N/A
CERT,Erro ao buscar dados,-,,,,,,,,N/A,N/A,N/A
CETX,Erro ao buscar dados,-,,,,,,,,N/A,N/A,N/A
CETXP,Erro ao buscar dados,-,,,,,,,,N/A,N/A,N/A
CETXW,Erro ao buscar dados,-,,,,,,,,N/A,N/A,N/A
CEVA,Erro ao buscar dados,-,,,,,,,,N/A,N/A,N/A
CEY,Erro ao buscar dados,-,,,,,,,,N/A,N/A,N/A
CEZ,Erro ao buscar dados,-,,,,,,,,N/A,N/A,N/A
CF,Erro ao buscar dados,-,,,,,,,,N/A,N/A,N/A
CFA,Erro ao buscar dados,-,,,,,,,,N/A,N/A,N/A
CFAC,Erro ao buscar dados,-,,,,,,,,N/A,N/A,N/A
CFACU,Erro ao buscar dados,-,,,,,,,,N/A,N/A,N/A
CFACW,Erro ao buscar dados,-,,,,,,,,N/A,N/A,N/A
CFB,Erro ao buscar dados,-,,,,,,,,N/A,N/A,N/A
CFBK,Erro ao buscar dados,-,,,,,,,,N/A,N/A,N/A
CFFI,Erro ao buscar dados,-,,,,,,,,N/A,N/A,N/A
CFFN,Erro ao buscar dados,-,,,,,,,,N/A,N/A,N/A
CFG,Erro ao buscar dados,-,,,,,,,,N/A,N/A,N/A
CFG^D,Erro ao buscar dados,-,,,,,,,,N/A,N/A,N/A
CFG^E,Erro ao buscar dados,-,,,,,,,,N/A,N/A,N/A
CFII,Erro ao buscar dados,-,,,,,,,,N/A,N/A,N/A
CFIIU,Erro ao buscar dados,-,,,,,,,,N/A,N/A,N/A
CFIIW,Erro ao buscar dados,-,,,,,,,,N/A,N/A,N/A
CFIVU,Erro ao buscar dados,-,,,,,,,,N/A,N/A,N/A
CFMS,Erro ao buscar dados,-,,,,,,,,N/A,N/A,N/A
CFO,Erro ao buscar dados,-,,,,,,,,N/A,N/A,N/A
CFR,Erro ao buscar dados,-,,,,,,,,N/A,N/A,N/A
CFRX,Erro ao buscar dados,-,,,,,,,,N/A,N/A,N/A
CFR^B,Erro ao buscar dados,-,,,,,,,,N/A,N/A,N/A
CFX,Erro ao buscar dados,-,,,,,,,,N/A,N/A,N/A
CFXA,Erro ao buscar dados,-,,,,,,,,N/A,N/A,N/A
CG,Erro ao buscar dados,-,,,,,,,,N/A,N/A,N/A
CGA,Erro ao buscar dados,-,,,,,,,,N/A,N/A,N/A
CGBD,Erro ao buscar dados,-,,,,,,,,N/A,N/A,N/A
CGC,Erro ao buscar dados,-,,,,,,,,N/A,N/A,N/A
CGEM,Erro ao buscar dados,-,,,,,,,,N/A,N/A,N/A
CGEN,Erro ao buscar dados,-,,,,,,,,N/A,N/A,N/A
CGIX,Erro ao buscar dados,-,,,,,,,,N/A,N/A,N/A
CGNX,Erro ao buscar dados,-,,,,,,,,N/A,N/A,N/A
CGO,Erro ao buscar dados,-,,,,,,,,N/A,N/A,N/A
CGRO,Erro ao buscar dados,-,,,,,,,,N/A,N/A,N/A
CGROU,Erro ao buscar dados,-,,,,,,,,N/A,N/A,N/A
CGROW,Erro ao buscar dados,-,,,,,,,,N/A,N/A,N/A
CHB,Erro ao buscar dados,-,,,,,,,,N/A,N/A,N/A
CHCI,Erro ao buscar dados,-,,,,,,,,N/A,N/A,N/A
CHCO,Erro ao buscar dados,-,,,,,,,,N/A,N/A,N/A
CHCT,Erro ao buscar dados,-,,,,,,,,N/A,N/A,N/A
CHD,Erro ao buscar dados,-,,,,,,,,N/A,N/A,N/A
CHDN,Erro ao buscar dados,-,,,,,,,,N/A,N/A,N/A
CHE,Erro ao buscar dados,-,,,,,,,,N/A,N/A,N/A
CHEF,Erro ao buscar dados,-,,,,,,,,N/A,N/A,N/A
CHEK,Erro ao buscar dados,-,,,,,,,,N/A,N/A,N/A
CHEKZ,Erro ao buscar dados,-,,,,,,,,N/A,N/A,N/A
CHFS,Erro ao buscar dados,-,,,,,,,,N/A,N/A,N/A
CHGG,Erro ao buscar dados,-,,,,,,,,N/A,N/A,N/A
CHH,Erro ao buscar dados,-,,,,,,,,N/A,N/A,N/A
CHI,Erro ao buscar dados,-,,,,,,,,N/A,N/A,N/A
CHIC,Erro ao buscar dados,-,,,,,,,,N/A,N/A,N/A
CHKP,Erro ao buscar dados,-,,,,,,,,N/A,N/A,N/A
CHMA,Erro ao buscar dados,-,,,,,,,,N/A,N/A,N/A
CHMG,Erro ao buscar dados,-,,,,,,,,N/A,N/A,N/A
CHMI,Erro ao buscar dados,-,,,,,,,,N/A,N/A,N/A
CHMI^A,Erro ao buscar dados,-,,,,,,,,N/A,N/A,N/A
CHMI^B,Erro ao buscar dados,-,,,,,,,,N/A,N/A,N/A
CHN,Erro ao buscar dados,-,,,,,,,,N/A,N/A,N/A
CHNA,Erro ao buscar dados,-,,,,,,,,N/A,N/A,N/A
CHNG,Erro ao buscar dados,-,,,,,,,,N/A,N/A,N/A
CHNGU,Erro ao buscar dados,-,,,,,,,,N/A,N/A,N/A
CHNR,Erro ao buscar dados,-,,,,,,,,N/A,N/A,N/A
CHPM,Erro ao buscar dados,-,,,,,,,,N/A,N/A,N/A
CHPMU,Erro ao buscar dados,-,,,,,,,,N/A,N/A,N/A
CHPMW,Erro ao buscar dados,-,,,,,,,,N/A,N/A,N/A
CHRA,Erro ao buscar dados,-,,,,,,,,N/A,N/A,N/A
CHRS,Erro ao buscar dados,-,,,,,,,,N/A,N/A,N/A
CHRW,Erro ao buscar dados,-,,,,,,,,N/A,N/A,N/A
CHS,Erro ao buscar dados,-,,,,,,,,N/A,N/A,N/A
CHSCL,Erro ao buscar dados,-,,,,,,,,N/A,N/A,N/A
CHSCM,Erro ao buscar dados,-,,,,,,,,N/A,N/A,N/A
CHSCN,Erro ao buscar dados,-,,,,,,,,N/A,N/A,N/A
CHSCO,Erro ao buscar dados,-,,,,,,,,N/A,N/A,N/A
CHSCP,Erro ao buscar dados,-,,,,,,,,N/A,N/A,N/A
CHT,Erro ao buscar dados,-,,,,,,,,N/A,N/A,N/A
CHTR,Erro ao buscar dados,-,,,,,,,,N/A,N/A,N/A
CHUY,Erro ao buscar dados,-,,,,,,,,N/A,N/A,N/A
CHW,Erro ao buscar dados,-,,,,,,,,N/A,N/A,N/A
CHWY,Erro ao buscar dados,-,,,,,,,,N/A,N/A,N/A
CHX,Erro ao buscar dados,-,,,,,,,,N/A,N/A,N/A
CHY,Erro ao buscar dados,-,,,,,,,,N/A,N/A,N/A
CI,Erro ao buscar dados,-,,,,,,,,N/A,N/A,N/A
CIA,Erro ao buscar dados,-,,,,,,,,N/A,N/A,N/A
CIB,Erro ao buscar dados,-,,,,,,,,N/A,N/A,N/A
CIBR,Erro ao buscar dados,-,,,,,,,,N/A,N/A,N/A
CID,Erro ao buscar dados,-,,,,,,,,N/A,N/A,N/A
CIDM,Erro ao buscar dados,-,,,,,,,,N/A,N/A,N/A
CIEL3.SA,Erro ao buscar dados,-,,,,,,,,N/A,N/A,N/A
CIEN,Erro ao buscar dados,-,,,,,,,,N/A,N/A,N/A
CIF,Erro ao buscar dados,-,,,,,,,,N/A,N/A,N/A
CIG,Erro ao buscar dados,-,,,,,,,,N/A,N/A,N/A
CIG.C,Erro ao buscar dados,-,,,,,,,,N/A,N/A,N/A
CIGI,Erro ao buscar dados,-,,,,,,,,N/A,N/A,N/A
CIH,Erro ao buscar dados,-,,,,,,,,N/A,N/A,N/A
CII,Erro ao buscar dados,-,,,,,,,,N/A,N/A,N/A
CIIC,Erro ao buscar dados,-,,,,,,,,N/A,N/A,N/A
CIICU,Erro ao buscar dados,-,,,,,,,,N/A,N/A,N/A
CIICW,Erro ao buscar dados,-,,,,,,,,N/A,N/A,N/A
CIL,Erro ao buscar dados,-,,,,,,,,N/A,N/A,N/A
CIM,Erro ao buscar dados,-,,,,,,,,N/A,N/A,N/A
CIM^A,Erro ao buscar dados,-,,,,,,,,N/A,N/A,N/A
CIM^B,Erro ao buscar dados,-,,,,,,,,N/A,N/A,N/A
CIM^C,Erro ao buscar dados,-,,,,,,,,N/A,N/A,N/A
CIM^D,Erro ao buscar dados,-,,,,,,,,N/A,N/A,N/A
CINF,Erro ao buscar dados,-,,,,,,,,N/A,N/A,N/A
CINR,Erro ao buscar dados,-,,,,,,,,N/A,N/A,N/A
CIO,Erro ao buscar dados,-,,,,,,,,N/A,N/A,N/A
CIO^A,Erro ao buscar dados,-,,,,,,,,N/A,N/A,N/A
CIR,Erro ao buscar dados,-,,,,,,,,N/A,N/A,N/A
CIT,Erro ao buscar dados,-,,,,,,,,N/A,N/A,N/A
CIT^B,Erro ao buscar dados,-,,,,,,,,N/A,N/A,N/A
CIVB,Erro ao buscar dados,-,,,,,,,,N/A,N/A,N/A
CIXX,Erro ao buscar dados,-,,,,,,,,N/A,N/A,N/A
CIZ,Erro ao buscar dados,-,,,,,,,,N/A,N/A,N/A
CIZN,Erro ao buscar dados,-,,,,,,,,N/A,N/A,N/A
CJJD,Erro ao buscar dados,-,,,,,,,,N/A,N/A,N/A
CKH,Erro ao buscar dados,-,,,,,,,,N/A,N/A,N/A
CKPT,Erro ao buscar dados,-,,,,,,,,N/A,N/A,N/A
CL,Erro ao buscar dados,-,,,,,,,,N/A,N/A,N/A
CLA,Erro ao buscar dados,-,,,,,,,,N/A,N/A,N/A
CLA.U,Erro ao buscar dados,-,,,,,,,,N/A,N/A,N/A
CLA.WS,Erro ao buscar dados,-,,,,,,,,N/A,N/A,N/A
CLAR,Erro ao buscar dados,-,,,,,,,,N/A,N/A,N/A
CLAS.U,Erro ao buscar dados,-,,,,,,,,N/A,N/A,N/A
CLB,Erro ao buscar dados,-,,,,,,,,N/A,N/A,N/A
CLBK,Erro ao buscar dados,-,,,,,,,,N/A,N/A,N/A
CLBS,Erro ao buscar dados,-,,,,,,,,N/A,N/A,N/A
CLCT,Erro ao buscar dados,-,,,,,,,,N/A,N/A,N/A
CLDB,Erro ao buscar dados,-,,,,,,,,N/A,N/A,N/A
CLDR,Erro ao buscar dados,-,,,,,,,,N/A,N/A,N/A
CLDT,Erro ao buscar dados,-,,,,,,,,N/A,N/A,N/A
CLDX,Erro ao buscar dados,-,,,,,,,,N/A,N/A,N/A
CLEU,Erro ao buscar dados,-,,,,,,,,N/A,N/A,N/A
CLF,Erro ao buscar dados,-,,,,,,,,N/A,N/A,N/A
CLFD,Erro ao buscar dados,-,,,,,,,,N/A,N/A,N/A
CLGN,Erro ao buscar dados,-,,,,,,,,N/A,N/A,N/A
CLGX,Erro ao buscar dados,-,,,,,,,,N/A,N/A,N/A
CLH,Erro ao buscar dados,-,,,,,,,,N/A,N/A,N/A
CLI,Erro ao buscar dados,-,,,,,,,,N/A,N/A,N/A
CLII,Erro ao buscar dados,-,,,,,,,,N/A,N/A,N/A
CLII.U,Erro ao buscar dados,-,,,,,,,,N/A,N/A,N/A
CLII.WS,Erro ao buscar dados,-,,,,,,,,N/A,N/A,N/A
CLIR,Erro ao buscar dados,-,,,,,,,,N/A,N/A,N/A
CLLS,Erro ao buscar dados,-,,,,,,,,N/A,N/A,N/A
CLMT,Erro ao buscar dados,-,,,,,,,,N/A,N/A,N/A
CLNC,Erro ao buscar dados,-,,,,,,,,N/A,N/A,N/A
CLNE,Erro ao buscar dados,-,,,,,,,,N/A,N/A,N/A
CLNN,Erro ao buscar dados,-,,,,,,,,N/A,N/A,N/A
CLNNW,Erro ao buscar dados,-,,,,,,,,N/A,N/A,N/A
CLNY,Erro ao buscar dados,-,,,,,,,,N/A,N/A,N/A
CLNY^G,Erro ao buscar dados,-,,,,,,,,N/A,N/A,N/A
CLNY^H,Erro ao buscar dados,-,,,,,,,,N/A,N/A,N/A
CLNY^I,Erro ao buscar dados,-,,,,,,,,N/A,N/A,N/A
CLNY^J,Erro ao buscar dados,-,,,,,,,,N/A,N/A,N/A
CLOU,Erro ao buscar dados,-,,,,,,,,N/A,N/A,N/A
CLOV,Erro ao buscar dados,-,,,,,,,,N/A,N/A,N/A
CLOVW,Erro ao buscar dados,-,,,,,,,,N/A,N/A,N/A
CLPR,Erro ao buscar dados,-,,,,,,,,N/A,N/A,N/A
CLPS,Erro ao buscar dados,-,,,,,,,,N/A,N/A,N/A
CLPT,Erro ao buscar dados,-,,,,,,,,N/A,N/A,N/A
CLR,Erro ao buscar dados,-,,,,,,,,N/A,N/A,N/A
CLRB,Erro ao buscar dados,-,,,,,,,,N/A,N/A,N/A
CLRBZ,Erro ao buscar dados,-,,,,,,,,N/A,N/A,N/A
CLRG,Erro ao buscar dados,-,,,,,,,,N/A,N/A,N/A
CLRO,Erro ao buscar dados,-,,,,,,,,N/A,N/A,N/A
CLS,Erro ao buscar dados,-,,,,,,,,N/A,N/A,N/A
CLSD,Erro ao buscar dados,-,,,,,,,,N/A,N/A,N/A
CLSK,Erro ao buscar dados,-,,,,,,,,N/A,N/A,N/A
CLSN,Erro ao buscar dados,-,,,,,,,,N/A,N/A,N/A
CLVR,Erro ao buscar dados,-,,,,,,,,N/A,N/A,N/A
CLVRW,Erro ao buscar dados,-,,,,,,,,N/A,N/A,N/A
CLVS,Erro ao buscar dados,-,,,,,,,,N/A,N/A,N/A
CLW,Erro ao buscar dados,-,,,,,,,,N/A,N/A,N/A
CLWT,Erro ao buscar dados,-,,,,,,,,N/A,N/A,N/A
CLX,Erro ao buscar dados,-,,,,,,,,N/A,N/A,N/A
CLXT,Erro ao buscar dados,-,,,,,,,,N/A,N/A,N/A
CM,Erro ao buscar dados,-,,,,,,,,N/A,N/A,N/A
CMA,Erro ao buscar dados,-,,,,,,,,N/A,N/A,N/A
CMBM,Erro ao buscar dados,-,,,,,,,,N/A,N/A,N/A
CMC,Erro ao buscar dados,-,,,,,,,,N/A,N/A,N/A
CMCM,Erro ao buscar dados,-,,,,,,,,N/A,N/A,N/A
CMCO,Erro ao buscar dados,-,,,,,,,,N/A,N/A,N/A
CMCSA,Erro ao buscar dados,-,,,,,,,,N/A,N/A,N/A
CMCT,Erro ao buscar dados,-,,,,,,,,N/A,N/A,N/A
CMCTP,Erro ao buscar dados,-,,,,,,,,N/A,N/A,N/A
CMD,Erro ao buscar dados,-,,,,,,,,N/A,N/A,N/A
CME,Erro ao buscar dados,-,,,,,,,,N/A,N/A,N/A
CMFNL,Erro ao buscar dados,-,,,,,,,,N/A,N/A,N/A
CMG,Erro ao buscar dados,-,,,,,,,,N/A,N/A,N/A
CMI,Erro ao buscar dados,-,,,,,,,,N/A,N/A,N/A
CMIG4.SA,Erro ao buscar dados,-,,,,,,,,N/A,N/A,N/A
CMIN3.SA,Erro ao buscar dados,-,,,,,,,,N/A,N/A,N/A
CMLF,Erro ao buscar dados,-,,,,,,,,N/A,N/A,N/A
CNCE,Erro ao buscar dados,-,,,,,,,,N/A,N/A,N/A
CNCR,Erro ao buscar dados,-,,,,,,,,N/A,N/A,N/A
CND.U,Erro ao buscar dados,-,,,,,,,,N/A,N/A,N/A
CNDT,Erro ao buscar dados,-,,,,,,,,N/A,N/A,N/A
CNET,Erro ao buscar dados,-,,,,,,,,N/A,N/A,N/A
CNF,Erro ao buscar dados,-,,,,,,,,N/A,N/A,N/A
CNFR,Erro ao buscar dados,-,,,,,,,,N/A,N/A,N/A
CNFRL,Erro ao buscar dados,-,,,,,,,,N/A,N/A,N/A
CNHI,Erro ao buscar dados,-,,,,,,,,N/A,N/A,N/A
CNI,Erro ao buscar dados,-,,,,,,,,N/A,N/A,N/A
CNK,Erro ao buscar dados,-,,,,,,,,N/A,N/A,N/A
CNMD,Erro ao buscar dados,-,,,,,,,,N/A,N/A,N/A
CNNB,Erro ao buscar dados,-,,,,,,,,N/A,N/A,N/A
CNNE,Erro ao buscar dados,-,,,,,,,,N/A,N/A,N/A
CNO,Erro ao buscar dados,-,,,,,,,,N/A,N/A,N/A
CNOB,Erro ao buscar dados,-,,,,,,,,N/A,N/A,N/A
CNO^A,Erro ao buscar dados,-,,,,,,,,N/A,N/A,N/A
CNP,Erro ao buscar dados,-,,,,,,,,N/A,N/A,N/A
CNP^B,Erro ao buscar dados,-,,,,,,,,N/A,N/A,N/A
CNQ,Erro ao buscar dados,-,,,,,,,,N/A,N/A,N/A
CNR,Erro ao buscar dados,-,,,,,,,,N/A,N/A,N/A
CNS,Erro ao buscar dados,-,,,,,,,,N/A,N/A,N/A
CNSL,Erro ao buscar dados,-,,,,,,,,N/A,N/A,N/A
CNSP,Erro ao buscar dados,-,,,,,,,,N/A,N/A,N/A
CNST,Erro ao buscar dados,-,,,,,,,,N/A,N/A,N/A
CMLFU,Erro ao buscar dados,-,,,,,,,,N/A,N/A,N/A
CMLFW,Erro ao buscar dados,-,,,,,,,,N/A,N/A,N/A
CMLS,Erro ao buscar dados,-,,,,,,,,N/A,N/A,N/A
CMO,Erro ao buscar dados,-,,,,,,,,N/A,N/A,N/A
CMO^E,Erro ao buscar dados,-,,,,,,,,N/A,N/A,N/A
CMP,Erro ao buscar dados,-,,,,,,,,N/A,N/A,N/A
CMPI,Erro ao buscar dados,-,,,,,,,,N/A,N/A,N/A
CMPR,Erro ao buscar dados,-,,,,,,,,N/A,N/A,N/A
CMPS,Erro ao buscar dados,-,,,,,,,,N/A,N/A,N/A
CMRE,Erro ao buscar dados,-,,,,,,,,N/A,N/A,N/A
CMRE^B,Erro ao buscar dados,-,,,,,,,,N/A,N/A,N/A
CMRE^C,Erro ao buscar dados,-,,,,,,,,N/A,N/A,N/A
CMRE^D,Erro ao buscar dados,-,,,,,,,,N/A,N/A,N/A
CMRE^E,Erro ao buscar dados,-,,,,,,,,N/A,N/A,N/A
CMRX,Erro ao buscar dados,-,,,,,,,,N/A,N/A,N/A
CMS,Erro ao buscar dados,-,,,,,,,,N/A,N/A,N/A
CMSA,Erro ao buscar dados,-,,,,,,,,N/A,N/A,N/A
CMSC,Erro ao buscar dados,-,,,,,,,,N/A,N/A,N/A
CMSD,Erro ao buscar dados,-,,,,,,,,N/A,N/A,N/A
CMS^B,Erro ao buscar dados,-,,,,,,,,N/A,N/A,N/A
CMTL,Erro ao buscar dados,-,,,,,,,,N/A,N/A,N/A
CMU,Erro ao buscar dados,-,,,,,,,,N/A,N/A,N/A
CNA,Erro ao buscar dados,-,,,,,,,,N/A,N/A,N/A
CNBKA,Erro ao buscar dados,-,,,,,,,,N/A,N/A,N/A
CNC,Erro ao buscar dados,-,,,,,,,,N/A,N/A,N/A
CNTG,Erro ao buscar dados,-,,,,,,,,N/A,N/A,N/A
CNTY,Erro ao buscar dados,-,,,,,,,,N/A,N/A,N/A
CNX,Erro ao buscar dados,-,,,,,,,,N/A,N/A,N/A
CNXC,Erro ao buscar dados,-,,,,,,,,N/A,N/A,N/A
CNXN,Erro ao buscar dados,-,,,,,,,,N/A,N/A,N/A
CO,Erro ao buscar dados,-,,,,,,,,N/A,N/A,N/A
COCP,Erro ao buscar dados,-,,,,,,,,N/A,N/A,N/A
CODA,Erro ao buscar dados,-,,,,,,,,N/A,N/A,N/A
CODI,Erro ao buscar dados,-,,,,,,,,N/A,N/A,N/A
CODI^A,Erro ao buscar dados,-,,,,,,,,N/A,N/A,N/A
CODI^B,Erro ao buscar dados,-,,,,,,,,N/A,N/A,N/A
CODI^C,Erro ao buscar dados,-,,,,,,,,N/A,N/A,N/A
CODX,Erro ao buscar dados,-,,,,,,,,N/A,N/A,N/A
COE,Erro ao buscar dados,-,,,,,,,,N/A,N/A,N/A
COF,Erro ao buscar dados,-,,,,,,,,N/A,N/A,N/A
COFS,Erro ao buscar dados,-,,,,,,,,N/A,N/A,N/A
COF^G,Erro ao buscar dados,-,,,,,,,,N/A,N/A,N/A
COF^H,Erro ao buscar dados,-,,,,,,,,N/A,N/A,N/A
COF^I,Erro ao buscar dados,-,,,,,,,,N/A,N/A,N/A
COF^J,Erro ao buscar dados,-,,,,,,,,N/A,N/A,N/A
COF^K,Erro ao buscar dados,-,,,,,,,,N/A,N/A,N/A
COG,Erro ao buscar dados,-,,,,,,,,N/A,N/A,N/A
COGN3.SA,Erro ao buscar dados,-,,,,,,,,N/A,N/A,N/A
COGT,Erro ao buscar dados,-,,,,,,,,N/A,N/A,N/A
COHR,Erro ao buscar dados,-,,,,,,,,N/A,N/A,N/A
COHU,Erro ao buscar dados,-,,,,,,,,N/A,N/A,N/A
COKE,Erro ao buscar dados,-,,,,,,,,N/A,N/A,N/A
COLB,Erro ao buscar dados,-,,,,,,,,N/A,N/A,N/A
COLD,Erro ao buscar dados,-,,,,,,,,N/A,N/A,N/A
COLL,Erro ao buscar dados,-,,,,,,,,N/A,N/A,N/A
COLM,Erro ao buscar dados,-,,,,,,,,N/A,N/A,N/A
COMM,Erro ao buscar dados,-,,,,,,,,N/A,N/A,N/A
COMS,Erro ao buscar dados,-,,,,,,,,N/A,N/A,N/A
COMSW,Erro ao buscar dados,-,,,,,,,,N/A,N/A,N/A
COMT,Erro ao buscar dados,-,,,,,,,,N/A,N/A,N/A
CONE,Erro ao buscar dados,-,,,,,,,,N/A,N/A,N/A
CONN,Erro ao buscar dados,-,,,,,,,,N/A,N/A,N/A
CONX,Erro ao buscar dados,-,,,,,,,,N/A,N/A,N/A
CONXU,Erro ao buscar dados,-,,,,,,,,N/A,N/A,N/A
CONXW,Erro ao buscar dados,-,,,,,,,,N/A,N/A,N/A
COO,Erro ao buscar dados,-,,,,,,,,N/A,N/A,N/A
COOLU,Erro ao buscar dados,-,,,,,,,,N/A,N/A,N/A
COOP,Erro ao buscar dados,-,,,,,,,,N/A,N/A,N/A
COP,Erro ao buscar dados,-,,,,,,,,N/A,N/A,N/A
COR,Erro ao buscar dados,-,,,,,,,,N/A,N/A,N/A
CORE,Erro ao buscar dados,-,,,,,,,,N/A,N/A,N/A
CORR,Erro ao buscar dados,-,,,,,,,,N/A,N/A,N/A
CORR^A,Erro ao buscar dados,-,,,,,,,,N/A,N/A,N/A
CORT,Erro ao buscar dados,-,,,,,,,,N/A,N/A,N/A
COST,Erro ao buscar dados,-,,,,,,,,N/A,N/A,N/A
COTY,Erro ao buscar dados,-,,,,,,,,N/A,N/A,N/A
COUP,Erro ao buscar dados,-,,,,,,,,N/A,N/A,N/A
COWN,Erro ao buscar dados,-,,,,,,,,N/A,N/A,N/A
COWNL,Erro ao buscar dados,-,,,,,,,,N/A,N/A,N/A
COWNZ,Erro ao buscar dados,-,,,,,,,,N/A,N/A,N/A
CP,Erro ao buscar dados,-,,,,,,,,N/A,N/A,N/A
CPA,Erro ao buscar dados,-,,,,,,,,N/A,N/A,N/A
CPAC,Erro ao buscar dados,-,,,,,,,,N/A,N/A,N/A
CPAH,Erro ao buscar dados,-,,,,,,,,N/A,N/A,N/A
CPB,Erro ao buscar dados,-,,,,,,,,N/A,N/A,N/A
CPE,Erro ao buscar dados,-,,,,,,,,N/A,N/A,N/A
CPF,Erro ao buscar dados,-,,,,,,,,N/A,N/A,N/A
CPFE6.SA,Erro ao buscar dados,-,,,,,,,,N/A,N/A,N/A
CPG,Erro ao buscar dados,-,,,,,,,,N/A,N/A,N/A
CPHC,Erro ao buscar dados,-,,,,,,,,N/A,N/A,N/A
CPIX,Erro ao buscar dados,-,,,,,,,,N/A,N/A,N/A
CPK,Erro ao buscar dados,-,,,,,,,,N/A,N/A,N/A
CPLE6.SA,Erro ao buscar dados,-,,,,,,,,N/A,N/A,N/A
CPLG,Erro ao buscar dados,-,,,,,,,,N/A,N/A,N/A
CPLP,Erro ao buscar dados,-,,,,,,,,N/A,N/A,N/A
CPNG,Erro ao buscar dados,-,,,,,,,,N/A,N/A,N/A
CPRI,Erro ao buscar dados,-,,,,,,,,N/A,N/A,N/A
CPRT,Erro ao buscar dados,-,,,,,,,,N/A,N/A,N/A
CPRX,Erro ao buscar dados,-,,,,,,,,N/A,N/A,N/A
CPS,Erro ao buscar dados,-,,,,,,,,N/A,N/A,N/A
CPSH,Erro ao buscar dados,-,,,,,,,,N/A,N/A,N/A
CPSI,Erro ao buscar dados,-,,,,,,,,N/A,N/A,N/A
CPSR,Erro ao buscar dados,-,,,,,,,,N/A,N/A,N/A
CPSR.U,Erro ao buscar dados,-,,,,,,,,N/A,N/A,N/A
CPSR.WS,Erro ao buscar dados,-,,,,,,,,N/A,N/A,N/A
CPSS,Erro ao buscar dados,-,,,,,,,,N/A,N/A,N/A
CPST,Erro ao buscar dados,-,,,,,,,,N/A,N/A,N/A
CPT,Erro ao buscar dados,-,,,,,,,,N/A,N/A,N/A
CPTA,Erro ao buscar dados,-,,,,,,,,N/A,N/A,N/A
CPTAG,Erro ao buscar dados,-,,,,,,,,N/A,N/A,N/A
CPTAL,Erro ao buscar dados,-,,,,,,,,N/A,N/A,N/A
CPZ,Erro ao buscar dados,-,,,,,,,,N/A,N/A,N/A
CR,Erro ao buscar dados,-,,,,,,,,N/A,N/A,N/A
CRAI,Erro ao buscar dados,-,,,,,,,,N/A,N/A,N/A
CRBP,Erro ao buscar dados,-,,,,,,,,N/A,N/A,N/A
CRC,Erro ao buscar dados,-,,,,,,,,N/A,N/A,N/A
CRD.A,Erro ao buscar dados,-,,,,,,,,N/A,N/A,N/A
CRD.B,Erro ao buscar dados,-,,,,,,,,N/A,N/A,N/A
CRDF,Erro ao buscar dados,-,,,,,,,,N/A,N/A,N/A
CREE,Erro ao buscar dados,-,,,,,,,,N/A,N/A,N/A
CREG,Erro ao buscar dados,-,,,,,,,,N/A,N/A,N/A
CRESY,Erro ao buscar dados,-,,,,,,,,N/A,N/A,N/A
CREX,Erro ao buscar dados,-,,,,,,,,N/A,N/A,N/A
CREXW,Erro ao buscar dados,-,,,,,,,,N/A,N/A,N/A
CRFB3.SA,Erro ao buscar dados,-,,,,,,,,N/A,N/A,N/A
CRH,Erro ao buscar dados,-,,,,,,,,N/A,N/A,N/A
CRHC,Erro ao buscar dados,-,,,,,,,,N/A,N/A,N/A
CRHC.U,Erro ao buscar dados,-,,,,,,,,N/A,N/A,N/A
CRHC.WS,Erro ao buscar dados,-,,,,,,,,N/A,N/A,N/A
CRI,Erro ao buscar dados,-,,,,,,,,N/A,N/A,N/A
CRIS,Erro ao buscar dados,-,,,,,,,,N/A,N/A,N/A
CRK,Erro ao buscar dados,-,,,,,,,,N/A,N/A,N/A
CRL,Erro ao buscar dados,-,,,,,,,,N/A,N/A,N/A
CRM,Erro ao buscar dados,-,,,,,,,,N/A,N/A,N/A
CRMT,Erro ao buscar dados,-,,,,,,,,N/A,N/A,N/A
CRNC,Erro ao buscar dados,-,,,,,,,,N/A,N/A,N/A
CRNT,Erro ao buscar dados,-,,,,,,,,N/A,N/A,N/A
CRNX,Erro ao buscar dados,-,,,,,,,,N/A,N/A,N/A
CRON,Erro ao buscar dados,-,,,,,,,,N/A,N/A,N/A
CROX,Erro ao buscar dados,-,,,,,,,,N/A,N/A,N/A
CRS,Erro ao buscar dados,-,,,,,,,,N/A,N/A,N/A
CRSA,Erro ao buscar dados,-,,,,,,,,N/A,N/A,N/A
CRSAU,Erro ao buscar dados,-,,,,,,,,N/A,N/A,N/A
CRSAW,Erro ao buscar dados,-,,,,,,,,N/A,N/A,N/A
CRSP,Erro ao buscar dados,-,,,,,,,,N/A,N/A,N/A
CRSR,Erro ao buscar dados,-,,,,,,,,N/A,N/A,N/A
CRT,Erro ao buscar dados,-,,,,,,,,N/A,N/A,N/A
CRTD,Erro ao buscar dados,-,,,,,,,,N/A,N/A,N/A
CRTDW,Erro ao buscar dados,-,,,,,,,,N/A,N/A,N/A
CRTO,Erro ao buscar dados,-,,,,,,,,N/A,N/A,N/A
CRTX,Erro ao buscar dados,-,,,,,,,,N/A,N/A,N/A
CRU.U,Erro ao buscar dados,-,,,,,,,,N/A,N/A,N/A
CRUS,Erro ao buscar dados,-,,,,,,,,N/A,N/A,N/A
CRVL,Erro ao buscar dados,-,,,,,,,,N/A,N/A,N/A
CRVS,Erro ao buscar dados,-,,,,,,,,N/A,N/A,N/A
CRWD,Erro ao buscar dados,-,,,,,,,,N/A,N/A,N/A
CRWS,Erro ao buscar dados,-,,,,,,,,N/A,N/A,N/A
CRY,Erro ao buscar dados,-,,,,,,,,N/A,N/A,N/A
CS,Erro ao buscar dados,-,,,,,,,,N/A,N/A,N/A
CSA,Erro ao buscar dados,-,,,,,,,,N/A,N/A,N/A
CSAN3.SA,Erro ao buscar dados,-,,,,,,,,N/A,N/A,N/A
CSB,Erro ao buscar dados,-,,,,,,,,N/A,N/A,N/A
CSBR,Erro ao buscar dados,-,,,,,,,,N/A,N/A,N/A
CSCO,Erro ao buscar dados,-,,,,,,,,N/A,N/A,N/A
CSCW,Erro ao buscar dados,-,,,,,,,,N/A,N/A,N/A
CSF,Erro ao buscar dados,-,,,,,,,,N/A,N/A,N/A
CSGP,Erro ao buscar dados,-,,,,,,,,N/A,N/A,N/A
CSGS,Erro ao buscar dados,-,,,,,,,,N/A,N/A,N/A
CSII,Erro ao buscar dados,-,,,,,,,,N/A,N/A,N/A
CSIQ,Erro ao buscar dados,-,,,,,,,,N/A,N/A,N/A
CSL,Erro ao buscar dados,-,,,,,,,,N/A,N/A,N/A
CSLT,Erro ao buscar dados,-,,,,,,,,N/A,N/A,N/A
CSML,Erro ao buscar dados,-,,,,,,,,N/A,N/A,N/A
CSNA3.SA,Erro ao buscar dados,-,,,,,,,,N/A,N/A,N/A
CSOD,Erro ao buscar dados,-,,,,,,,,N/A,N/A,N/A
CSPI,Erro ao buscar dados,-,,,,,,,,N/A,N/A,N/A
CSPR,Erro ao buscar dados,-,,,,,,,,N/A,N/A,N/A
CSQ,Erro ao buscar dados,-,,,,,,,,N/A,N/A,N/A
CSR,Erro ao buscar dados,-,,,,,,,,N/A,N/A,N/A
CSR^C,Erro ao buscar dados,-,,,,,,,,N/A,N/A,N/A
CSSE,Erro ao buscar dados,-,,,,,,,,N/A,N/A,N/A
CSSEN,Erro ao buscar dados,-,,,,,,,,N/A,N/A,N/A
CSSEP,Erro ao buscar dados,-,,,,,,,,N/A,N/A,N/A
CSTE,Erro ao buscar dados,-,,,,,,,,N/A,N/A,N/A
CSTL,Erro ao buscar dados,-,,,,,,,,N/A,N/A,N/A
CSTM,Erro ao buscar dados,-,,,,,,,,N/A,N/A,N/A
CSTR,Erro ao buscar dados,-,,,,,,,,N/A,N/A,N/A
CSU,Erro ao buscar dados,-,,,,,,,,N/A,N/A,N/A
CSV,Erro ao buscar dados,-,,,,,,,,N/A,N/A,N/A
CSWC,Erro ao buscar dados,-,,,,,,,,N/A,N/A,N/A
CSWI,Erro ao buscar dados,-,,,,,,,,N/A,N/A,N/A
CSX,Erro ao buscar dados,-,,,,,,,,N/A,N/A,N/A
CTAA,Erro ao buscar dados,-,,,,,,,,N/A,N/A,N/A
CTAC,Erro ao buscar dados,-,,,,,,,,N/A,N/A,N/A
CTAC.U,Erro ao buscar dados,-,,,,,,,,N/A,N/A,N/A
CTAC.WS,Erro ao buscar dados,-,,,,,,,,N/A,N/A,N/A
CTAQU,Erro ao buscar dados,-,,,,,,,,N/A,N/A,N/A
CTAS,Erro ao buscar dados,-,,,,,,,,N/A,N/A,N/A
CTA^A,Erro ao buscar dados,-,,,,,,,,N/A,N/A,N/A
CTA^B,Erro ao buscar dados,-,,,,,,,,N/A,N/A,N/A
CTSH,Erro ao buscar dados,-,,,,,,,,N/A,N/A,N/A
CTSO,Erro ao buscar dados,-,,,,,,,,N/A,N/A,N/A
CTT,Erro ao buscar dados,-,,,,,,,,N/A,N/A,N/A
CTVA,Erro ao buscar dados,-,,,,,,,,N/A,N/A,N/A
CTXR,Erro ao buscar dados,-,,,,,,,,N/A,N/A,N/A
CTXRW,Erro ao buscar dados,-,,,,,,,,N/A,N/A,N/A
CTXS,Erro ao buscar dados,-,,,,,,,,N/A,N/A,N/A
CUB,Erro ao buscar dados,-,,,,,,,,N/A,N/A,N/A
CUBA,Erro ao buscar dados,-,,,,,,,,N/A,N/A,N/A
CUBB,Erro ao buscar dados,-,,,,,,,,N/A,N/A,N/A
CUBE,Erro ao buscar dados,-,,,,,,,,N/A,N/A,N/A
CUBI,Erro ao buscar dados,-,,,,,,,,N/A,N/A,N/A
CUBI^C,Erro ao buscar dados,-,,,,,,,,N/A,N/A,N/A
CUBI^D,Erro ao buscar dados,-,,,,,,,,N/A,N/A,N/A
CUBI^E,Erro ao buscar dados,-,,,,,,,,N/A,N/A,N/A
CUBI^F,Erro ao buscar dados,-,,,,,,,,N/A,N/A,N/A
CUE,Erro ao buscar dados,-,,,,,,,,N/A,N/A,N/A
CUK,Erro ao buscar dados,-,,,,,,,,N/A,N/A,N/A
CULP,Erro ao buscar dados,-,,,,,,,,N/A,N/A,N/A
CURI,Erro ao buscar dados,-,,,,,,,,N/A,N/A,N/A
CURIW,Erro ao buscar dados,-,,,,,,,,N/A,N/A,N/A
CURO,Erro ao buscar dados,-,,,,,,,,N/A,N/A,N/A
CUTR,Erro ao buscar dados,-,,,,,,,,N/A,N/A,N/A
CUZ,Erro ao buscar dados,-,,,,,,,,N/A,N/A,N/A
CVA,Erro ao buscar dados,-,,,,,,,,N/A,N/A,N/A
CTB,Erro ao buscar dados,-,,,,,,,,N/A,N/A,N/A
CTBB,Erro ao buscar dados,-,,,,,,,,N/A,N/A,N/A
CTBI,Erro ao buscar dados,-,,,,,,,,N/A,N/A,N/A
CTDD,Erro ao buscar dados,-,,,,,,,,N/A,N/A,N/A
CTEC,Erro ao buscar dados,-,,,,,,,,N/A,N/A,N/A
CTEST,Erro ao buscar dados,-,,,,,,,,N/A,N/A,N/A
CTEST.E,Erro ao buscar dados,-,,,,,,,,N/A,N/A,N/A
CTEST.G,Erro ao buscar dados,-,,,,,,,,N/A,N/A,N/A
CTEST.L,Erro ao buscar dados,-,,,,,,,,N/A,N/A,N/A
CTEST.O,Erro ao buscar dados,-,,,,,,,,N/A,N/A,N/A
CTEST.S,Erro ao buscar dados,-,,,,,,,,N/A,N/A,N/A
CTEST.V,Erro ao buscar dados,-,,,,,,,,N/A,N/A,N/A
CTG,Erro ao buscar dados,-,,,,,,,,N/A,N/A,N/A
CTHR,Erro ao buscar dados,-,,,,,,,,N/A,N/A,N/A
CTIB,Erro ao buscar dados,-,,,,,,,,N/A,N/A,N/A
CTIC,Erro ao buscar dados,-,,,,,,,,N/A,N/A,N/A
CTK,Erro ao buscar dados,-,,,,,,,,N/A,N/A,N/A
CTLT,Erro ao buscar dados,-,,,,,,,,N/A,N/A,N/A
CTMX,Erro ao buscar dados,-,,,,,,,,N/A,N/A,N/A
CTR,Erro ao buscar dados,-,,,,,,,,N/A,N/A,N/A
CTRA,Erro ao buscar dados,-,,,,,,,,N/A,N/A,N/A
CTRE,Erro ao buscar dados,-,,,,,,,,N/A,N/A,N/A
CTRM,Erro ao buscar dados,-,,,,,,,,N/A,N/A,N/A
CTRN,Erro ao buscar dados,-,,,,,,,,N/A,N/A,N/A
CTS,Erro ao buscar dados,-,,,,,,,,N/A,N/A,N/A
CVAC,Erro ao buscar dados,-,,,,,,,,N/A,N/A,N/A
CVBF,Erro ao buscar dados,-,,,,,,,,N/A,N/A,N/A
CVCB4.SA,Erro ao buscar dados,-,,,,,,,,N/A,N/A,N/A
CVCO,Erro ao buscar dados,-,,,,,,,,N/A,N/A,N/A
CVCY,Erro ao buscar dados,-,,,,,,,,N/A,N/A,N/A
CVE,Erro ao buscar dados,-,,,,,,,,N/A,N/A,N/A
CVE.WS,Erro ao buscar dados,-,,,,,,,,N/A,N/A,N/A
CVEO,Erro ao buscar dados,-,,,,,,,,N/A,N/A,N/A
CVET,Erro ao buscar dados,-,,,,,,,,N/A,N/A,N/A
CVGI,Erro ao buscar dados,-,,,,,,,,N/A,N/A,N/A
CVGW,Erro ao buscar dados,-,,,,,,,,N/A,N/A,N/A
CVI,Erro ao buscar dados,-,,,,,,,,N/A,N/A,N/A
CVLB,Erro ao buscar dados,-,,,,,,,,N/A,N/A,N/A
CVLG,Erro ao buscar dados,-,,,,,,,,N/A,N/A,N/A
CVLT,Erro ao buscar dados,-,,,,,,,,N/A,N/A,N/A
CVLY,Erro ao buscar dados,-,,,,,,,,N/A,N/A,N/A
CVNA,Erro ao buscar dados,-,,,,,,,,N/A,N/A,N/A
CVS,Erro ao buscar dados,-,,,,,,,,N/A,N/A,N/A
CVV,Erro ao buscar dados,-,,,,,,,,N/A,N/A,N/A
CVX,Erro ao buscar dados,-,,,,,,,,N/A,N/A,N/A
CW,Erro ao buscar dados,-,,,,,,,,N/A,N/A,N/A
CWBC,Erro ao buscar dados,-,,,,,,,,N/A,N/A,N/A
CWBR,Erro ao buscar dados,-,,,,,,,,N/A,N/A,N/A
CWCO,Erro ao buscar dados,-,,,,,,,,N/A,N/A,N/A
CWEN,Erro ao buscar dados,-,,,,,,,,N/A,N/A,N/A
CWEN.A,Erro ao buscar dados,-,,,,,,,,N/A,N/A,N/A
CWH,Erro ao buscar dados,-,,,,,,,,N/A,N/A,N/A
CWK,Erro ao buscar dados,-,,,,,,,,N/A,N/A,N/A
CWST,Erro ao buscar dados,-,,,,,,,,N/A,N/A,N/A
CWT,Erro ao buscar dados,-,,,,,,,,N/A,N/A,N/A
CX,Erro ao buscar dados,-,,,,,,,,N/A,N/A,N/A
CXDC,Erro ao buscar dados,-,,,,,,,,N/A,N/A,N/A
CXDO,Erro ao buscar dados,-,,,,,,,,N/A,N/A,N/A
CXE,Erro ao buscar dados,-,,,,,,,,N/A,N/A,N/A
CXH,Erro ao buscar dados,-,,,,,,,,N/A,N/A,N/A
CXP,Erro ao buscar dados,-,,,,,,,,N/A,N/A,N/A
CXSE,Erro ao buscar dados,-,,,,,,,,N/A,N/A,N/A
CXW,Erro ao buscar dados,-,,,,,,,,N/A,N/A,N/A
CYAD,Erro ao buscar dados,-,,,,,,,,N/A,N/A,N/A
CYAN,Erro ao buscar dados,-,,,,,,,,N/A,N/A,N/A
CYBE,Erro ao buscar dados,-,,,,,,,,N/A,N/A,N/A
CYBR,Erro ao buscar dados,-,,,,,,,,N/A,N/A,N/A
CYCC,Erro ao buscar dados,-,,,,,,,,N/A,N/A,N/A
CYCCP,Erro ao buscar dados,-,,,,,,,,N/A,N/A,N/A
CYCN,Erro ao buscar dados,-,,,,,,,,N/A,N/A,N/A
CYD,Erro ao buscar dados,-,,,,,,,,N/A,N/A,N/A
CYH,Erro ao buscar dados,-,,,,,,,,N/A,N/A,N/A
CYRE3.SA,Erro ao buscar dados,-,,,,,,,,N/A,N/A,N/A
CYRN,Erro ao buscar dados,-,,,,,,,,N/A,N/A,N/A
CYRX,Erro ao buscar dados,-,,,,,,,,N/A,N/A,N/A
CYTH,Erro ao buscar dados,-,,,,,,,,N/A,N/A,N/A
CYTHW,Erro ao buscar dados,-,,,,,,,,N/A,N/A,N/A
CYTK,Erro ao buscar dados,-,,,,,,,,N/A,N/A,N/A
CZNC,Erro ao buscar dados,-,,,,,,,,N/A,N/A,N/A
CZR,Erro ao buscar dados,-,,,,,,,,N/A,N/A,N/A
CZWI,Erro ao buscar dados,-,,,,,,,,N/A,N/A,N/A
CZZ,Erro ao buscar dados,-,,,,,,,,N/A,N/A,N/A
C^J,Erro ao buscar dados,-,,,,,,,,N/A,N/A,N/A
C^K,Erro ao buscar dados,-,,,,,,,,N/A,N/A,N/A
C^N,Erro ao buscar dados,-,,,,,,,,N/A,N/A,N/A
C^S,Erro ao buscar dados,-,,,,,,,,N/A,N/A,N/A
D,Erro ao buscar dados,-,,,,,,,,N/A,N/A,N/A
DAC,Erro ao buscar dados,-,,,,,,,,N/A,N/A,N/A
DADA,Erro ao buscar dados,-,,,,,,,,N/A,N/A,N/A
DAIO,Erro ao buscar dados,-,,,,,,,,N/A,N/A,N/A
DAKT,Erro ao buscar dados,-,,,,,,,,N/A,N/A,N/A
DAL,Erro ao buscar dados,-,,,,,,,,N/A,N/A,N/A
DALI,Erro ao buscar dados,-,,,,,,,,N/A,N/A,N/A
DAN,Erro ao buscar dados,-,,,,,,,,N/A,N/A,N/A
DAO,Erro ao buscar dados,-,,,,,,,,N/A,N/A,N/A
DAR,Erro ao buscar dados,-,,,,,,,,N/A,N/A,N/A
DARE,Erro ao buscar dados,-,,,,,,,,N/A,N/A,N/A
DASH,Erro ao buscar dados,-,,,,,,,,N/A,N/A,N/A
DAVA,Erro ao buscar dados,-,,,,,,,,N/A,N/A,N/A
DAX,Erro ao buscar dados,-,,,,,,,,N/A,N/A,N/A
DB,Erro ao buscar dados,-,,,,,,,,N/A,N/A,N/A
DBD,Erro ao buscar dados,-,,,,,,,,N/A,N/A,N/A
DBDR,Erro ao buscar dados,-,,,,,,,,N/A,N/A,N/A
DBDRU,Erro ao buscar dados,-,,,,,,,,N/A,N/A,N/A
DBDRW,Erro ao buscar dados,-,,,,,,,,N/A,N/A,N/A
DBI,Erro ao buscar dados,-,,,,,,,,N/A,N/A,N/A
DBL,Erro ao buscar dados,-,,,,,,,,N/A,N/A,N/A
DBVT,Erro ao buscar dados,-,,,,,,,,N/A,N/A,N/A
DBX,Erro ao buscar dados,-,,,,,,,,N/A,N/A,N/A
DCBO,Erro ao buscar dados,-,,,,,,,,N/A,N/A,N/A
DCF,Erro ao buscar dados,-,,,,,,,,N/A,N/A,N/A
DCI,Erro ao buscar dados,-,,,,,,,,N/A,N/A,N/A
DCO,Erro ao buscar dados,-,,,,,,,,N/A,N/A,N/A
DCOM,Erro ao buscar dados,-,,,,,,,,N/A,N/A,N/A
DCOMP,Erro ao buscar dados,-,,,,,,,,N/A,N/A,N/A
DCP,Erro ao buscar dados,-,,,,,,,,N/A,N/A,N/A
DCPH,Erro ao buscar dados,-,,,,,,,,N/A,N/A,N/A
DCP^B,Erro ao buscar dados,-,,,,,,,,N/A,N/A,N/A
DCP^C,Erro ao buscar dados,-,,,,,,,,N/A,N/A,N/A
DCRB,Erro ao buscar dados,-,,,,,,,,N/A,N/A,N/A
DCRBU,Erro ao buscar dados,-,,,,,,,,N/A,N/A,N/A
DCRBW,Erro ao buscar dados,-,,,,,,,,N/A,N/A,N/A
DCT,Erro ao buscar dados,-,,,,,,,,N/A,N/A,N/A
DCTH,Erro ao buscar dados,-,,,,,,,,N/A,N/A,N/A
DCUE,Erro ao buscar dados,-,,,,,,,,N/A,N/A,N/A
DD,Erro ao buscar dados,-,,,,,,,,N/A,N/A,N/A
DDD,Erro ao buscar dados,-,,,,,,,,N/A,N/A,N/A
DDF,Erro ao buscar dados,-,,,,,,,,N/A,N/A,N/A
DDIV,Erro ao buscar dados,-,,,,,,,,N/A,N/A,N/A
DDMXU,Erro ao buscar dados,-,,,,,,,,N/A,N/A,N/A
DDOG,Erro ao buscar dados,-,,,,,,,,N/A,N/A,N/A
DDS,Erro ao buscar dados,-,,,,,,,,N/A,N/A,N/A
DDT,Erro ao buscar dados,-,,,,,,,,N/A,N/A,N/A
DE,Erro ao buscar dados,-,,,,,,,,N/A,N/A,N/A
DEA,Erro ao buscar dados,-,,,,,,,,N/A,N/A,N/A
DECK,Erro ao buscar dados,-,,,,,,,,N/A,N/A,N/A
DEH,Erro ao buscar dados,-,,,,,,,,N/A,N/A,N/A
DEH.U,Erro ao buscar dados,-,,,,,,,,N/A,N/A,N/A
DEH.WS,Erro ao buscar dados,-,,,,,,,,N/A,N/A,N/A
DEI,Erro ao buscar dados,-,,,,,,,,N/A,N/A,N/A
DELL,Erro ao buscar dados,-,,,,,,,,N/A,N/A,N/A
DEMZ,Erro ao buscar dados,-,,,,,,,,N/A,N/A,N/A
DEN,Erro ao buscar dados,-,,,,,,,,N/A,N/A,N/A
DENN,Erro ao buscar dados,-,,,,,,,,N/A,N/A,N/A
DEO,Erro ao buscar dados,-,,,,,,,,N/A,N/A,N/A
DESP,Erro ao buscar dados,-,,,,,,,,N/A,N/A,N/A
DEX,Erro ao buscar dados,-,,,,,,,,N/A,N/A,N/A
DFFN,Erro ao buscar dados,-,,,,,,,,N/A,N/A,N/A
DFH,Erro ao buscar dados,-,,,,,,,,N/A,N/A,N/A
DFHT,Erro ao buscar dados,-,,,,,,,,N/A,N/A,N/A
DFHTU,Erro ao buscar dados,-,,,,,,,,N/A,N/A,N/A
DFHTW,Erro ao buscar dados,-,,,,,,,,N/A,N/A,N/A
DFIN,Erro ao buscar dados,-,,,,,,,,N/A,N/A,N/A
DFNL,Erro ao buscar dados,-,,,,,,,,N/A,N/A,N/A
DFNS,Erro ao buscar dados,-,,,,,,,,N/A,N/A,N/A
DFNS.U,Erro ao buscar dados,-,,,,,,,,N/A,N/A,N/A
DFNS.WS,Erro ao buscar dados,-,,,,,,,,N/A,N/A,N/A
DFP,Erro ao buscar dados,-,,,,,,,,N/A,N/A,N/A
DFPH,Erro ao buscar dados,-,,,,,,,,N/A,N/A,N/A
DFPHU,Erro ao buscar dados,-,,,,,,,,N/A,N/A,N/A
DFPHW,Erro ao buscar dados,-,,,,,,,,N/A,N/A,N/A
DFS,Erro ao buscar dados,-,,,,,,,,N/A,N/A,N/A
DFVL,Erro ao buscar dados,-,,,,,,,,N/A,N/A,N/A
DFVS,Erro ao buscar dados,-,,,,,,,,N/A,N/A,N/A
DG,Erro ao buscar dados,-,,,,,,,,N/A,N/A,N/A
DGICA,Erro ao buscar dados,-,,,,,,,,N/A,N/A,N/A
DGICB,Erro ao buscar dados,-,,,,,,,,N/A,N/A,N/A
DGII,Erro ao buscar dados,-,,,,,,,,N/A,N/A,N/A
DGLY,Erro ao buscar dados,-,,,,,,,,N/A,N/A,N/A
DGNR,Erro ao buscar dados,-,,,,,,,,N/A,N/A,N/A
DGNR.U,Erro ao buscar dados,-,,,,,,,,N/A,N/A,N/A
DGNR.WS,Erro ao buscar dados,-,,,,,,,,N/A,N/A,N/A
DGNS,Erro ao buscar dados,-,,,,,,,,N/A,N/A,N/A
DGRE,Erro ao buscar dados,-,,,,,,,,N/A,N/A,N/A
DGRS,Erro ao buscar dados,-,,,,,,,,N/A,N/A,N/A
DGRW,Erro ao buscar dados,-,,,,,,,,N/A,N/A,N/A
DGX,Erro ao buscar dados,-,,,,,,,,N/A,N/A,N/A
DHC,Erro ao buscar dados,-,,,,,,,,N/A,N/A,N/A
DHCNI,Erro ao buscar dados,-,,,,,,,,N/A,N/A,N/A
DHCNL,Erro ao buscar dados,-,,,,,,,,N/A,N/A,N/A
DHF,Erro ao buscar dados,-,,,,,,,,N/A,N/A,N/A
DHI,Erro ao buscar dados,-,,,,,,,,N/A,N/A,N/A
DHIL,Erro ao buscar dados,-,,,,,,,,N/A,N/A,N/A
DHR,Erro ao buscar dados,-,,,,,,,,N/A,N/A,N/A
DHR^A,Erro ao buscar dados,-,,,,,,,,N/A,N/A,N/A
DHR^B,Erro ao buscar dados,-,,,,,,,,N/A,N/A,N/A
DHT,Erro ao buscar dados,-,,,,,,,,N/A,N/A,N/A
DHX,Erro ao buscar dados,-,,,,,,,,N/A,N/A,N/A
DIAX,Erro ao buscar dados,-,,,,,,,,N/A,N/A,N/A
DIN,Erro ao buscar dados,-,,,,,,,,N/A,N/A,N/A
DINT,Erro ao buscar dados,-,,,,,,,,N/A,N/A,N/A
DIOD,Erro ao buscar dados,-,,,,,,,,N/A,N/A,N/A
DIS,Erro ao buscar dados,-,,,,,,,,N/A,N/A,N/A
DISCA,Erro ao buscar dados,-,,,,,,,,N/A,N/A,N/A
DISCB,Erro ao buscar dados,-,,,,,,,,N/A,N/A,N/A
DISCK,Erro ao buscar dados,-,,,,,,,,N/A,N/A,N/A
DISH,Erro ao buscar dados,-,,,,,,,,N/A,N/A,N/A
DJCO,Erro ao buscar dados,-,,,,,,,,N/A,N/A,N/A
DK,Erro ao buscar dados,-,,,,,,,,N/A,N/A,N/A
DKL,Erro ao buscar dados,-,,,,,,,,N/A,N/A,N/A
DKNG,Erro ao buscar dados,-,,,,,,,,N/A,N/A,N/A
DKS,Erro ao buscar dados,-,,,,,,,,N/A,N/A,N/A
DL,Erro ao buscar dados,-,,,,,,,,N/A,N/A,N/A
DLB,Erro ao buscar dados,-,,,,,,,,N/A,N/A,N/A
DLCAU,Erro ao buscar dados,-,,,,,,,,N/A,N/A,N/A
DLHC,Erro ao buscar dados,-,,,,,,,,N/A,N/A,N/A
DLNG,Erro ao buscar dados,-,,,,,,,,N/A,N/A,N/A
DLNG^A,Erro ao buscar dados,-,,,,,,,,N/A,N/A,N/A
DLNG^B,Erro ao buscar dados,-,,,,,,,,N/A,N/A,N/A
DLPN,Erro ao buscar dados,-,,,,,,,,N/A,N/A,N/A
DLR,Erro ao buscar dados,-,,,,,,,,N/A,N/A,N/A
DLR^C,Erro ao buscar dados,-,,,,,,,,N/A,N/A,N/A
DLR^J,Erro ao buscar dados,-,,,,,,,,N/A,N/A,N/A
DLR^K,Erro ao buscar dados,-,,,,,,,,N/A,N/A,N/A
DLR^L,Erro ao buscar dados,-,,,,,,,,N/A,N/A,N/A
DLTH,Erro ao buscar dados,-,,,,,,,,N/A,N/A,N/A
DLTR,Erro ao buscar dados,-,,,,,,,,N/A,N/A,N/A
DLX,Erro ao buscar dados,-,,,,,,,,N/A,N/A,N/A
DLY,Erro ao buscar dados,-,,,,,,,,N/A,N/A,N/A
DM,Erro ao buscar dados,-,,,,,,,,N/A,N/A,N/A
DM.WS,Erro ao buscar dados,-,,,,,,,,N/A,N/A,N/A
DMAC,Erro ao buscar dados,-,,,,,,,,N/A,N/A,N/A
DMB,Erro ao buscar dados,-,,,,,,,,N/A,N/A,N/A
DMLP,Erro ao buscar dados,-,,,,,,,,N/A,N/A,N/A
DMO,Erro ao buscar dados,-,,,,,,,,N/A,N/A,N/A
DMRC,Erro ao buscar dados,-,,,,,,,,N/A,N/A,N/A
DMS,Erro ao buscar dados,-,,,,,,,,N/A,N/A,N/A
DMS.WS,Erro ao buscar dados,-,,,,,,,,N/A,N/A,N/A
DMTK,Erro ao buscar dados,-,,,,,,,,N/A,N/A,N/A
DMXF,Erro ao buscar dados,-,,,,,,,,N/A,N/A,N/A
DMYD,Erro ao buscar dados,-,,,,,,,,N/A,N/A,N/A
DMYD.U,Erro ao buscar dados,-,,,,,,,,N/A,N/A,N/A
DMYD.WS,Erro ao buscar dados,-,,,,,,,,N/A,N/A,N/A
DMYI,Erro ao buscar dados,-,,,,,,,,N/A,N/A,N/A
DMYI.U,Erro ao buscar dados,-,,,,,,,,N/A,N/A,N/A
DMYI.WS,Erro ao buscar dados,-,,,,,,,,N/A,N/A,N/A
DNB,Erro ao buscar dados,-,,,,,,,,N/A,N/A,N/A
DNK,Erro ao buscar dados,-,,,,,,,,N/A,N/A,N/A
DNLI,Erro ao buscar dados,-,,,,,,,,N/A,N/A,N/A
DNMR,Erro ao buscar dados,-,,,,,,,,N/A,N/A,N/A
DNMR.WS,Erro ao buscar dados,-,,,,,,,,N/A,N/A,N/A
DNOW,Erro ao buscar dados,-,,,,,,,,N/A,N/A,N/A
DNP,Erro ao buscar dados,-,,,,,,,,N/A,N/A,N/A
DOC,Erro ao buscar dados,-,,,,,,,,N/A,N/A,N/A
DOCU,Erro ao buscar dados,-,,,,,,,,N/A,N/A,N/A
DOGZ,Erro ao buscar dados,-,,,,,,,,N/A,N/A,N/A
DOMO,Erro ao buscar dados,-,,,,,,,,N/A,N/A,N/A
DOOO,Erro ao buscar dados,-,,,,,,,,N/A,N/A,N/A
DOOR,Erro ao buscar dados,-,,,,,,,,N/A,N/A,N/A
DORM,Erro ao buscar dados,-,,,,,,,,N/A,N/A,N/A
DTW,Erro ao buscar dados,-,,,,,,,,N/A,N/A,N/A
DTY,Erro ao buscar dados,-,,,,,,,,N/A,N/A,N/A
DUC,Erro ao buscar dados,-,,,,,,,,N/A,N/A,N/A
DUK,Erro ao buscar dados,-,,,,,,,,N/A,N/A,N/A
DUKB,Erro ao buscar dados,-,,,,,,,,N/A,N/A,N/A
DUKH,Erro ao buscar dados,-,,,,,,,,N/A,N/A,N/A
DUK^A,Erro ao buscar dados,-,,,,,,,,N/A,N/A,N/A
DUNEU,Erro ao buscar dados,-,,,,,,,,N/A,N/A,N/A
DUO,Erro ao buscar dados,-,,,,,,,,N/A,N/A,N/A
DUOT,Erro ao buscar dados,-,,,,,,,,N/A,N/A,N/A
DUSA,Erro ao buscar dados,-,,,,,,,,N/A,N/A,N/A
DVA,Erro ao buscar dados,-,,,,,,,,N/A,N/A,N/A
DVAX,Erro ao buscar dados,-,,,,,,,,N/A,N/A,N/A
DVD,Erro ao buscar dados,-,,,,,,,,N/A,N/A,N/A
DVLU,Erro ao buscar dados,-,,,,,,,,N/A,N/A,N/A
DVN,Erro ao buscar dados,-,,,,,,,,N/A,N/A,N/A
DVOL,Erro ao buscar dados,-,,,,,,,,N/A,N/A,N/A
DVY,Erro ao buscar dados,-,,,,,,,,N/A,N/A,N/A
DWAS,Erro ao buscar dados,-,,,,,,,,N/A,N/A,N/A
DWAT,Erro ao buscar dados,-,,,,,,,,N/A,N/A,N/A
DWAW,Erro ao buscar dados,-,,,,,,,,N/A,N/A,N/A
DWCR,Erro ao buscar dados,-,,,,,,,,N/A,N/A,N/A
DWEQ,Erro ao buscar dados,-,,,,,,,,N/A,N/A,N/A
DWFI,Erro ao buscar dados,-,,,,,,,,N/A,N/A,N/A
DWIN.U,Erro ao buscar dados,-,,,,,,,,N/A,N/A,N/A
DOV,Erro ao buscar dados,-,,,,,,,,N/A,N/A,N/A
DOW,Erro ao buscar dados,-,,,,,,,,N/A,N/A,N/A
DOX,Erro ao buscar dados,-,,,,,,,,N/A,N/A,N/A
DOYU,Erro ao buscar dados,-,,,,,,,,N/A,N/A,N/A
DPG,Erro ao buscar dados,-,,,,,,,,N/A,N/A,N/A
DPZ,Erro ao buscar dados,-,,,,,,,,N/A,N/A,N/A
DQ,Erro ao buscar dados,-,,,,,,,,N/A,N/A,N/A
DRD,Erro ao buscar dados,-,,,,,,,,N/A,N/A,N/A
DRE,Erro ao buscar dados,-,,,,,,,,N/A,N/A,N/A
DRH,Erro ao buscar dados,-,,,,,,,,N/A,N/A,N/A
DRH^A,Erro ao buscar dados,-,,,,,,,,N/A,N/A,N/A
DRI,Erro ao buscar dados,-,,,,,,,,N/A,N/A,N/A
DRIO,Erro ao buscar dados,-,,,,,,,,N/A,N/A,N/A
DRIOW,Erro ao buscar dados,-,,,,,,,,N/A,N/A,N/A
DRIV,Erro ao buscar dados,-,,,,,,,,N/A,N/A,N/A
DRNA,Erro ao buscar dados,-,,,,,,,,N/A,N/A,N/A
DRQ,Erro ao buscar dados,-,,,,,,,,N/A,N/A,N/A
DRRX,Erro ao buscar dados,-,,,,,,,,N/A,N/A,N/A
DRTT,Erro ao buscar dados,-,,,,,,,,N/A,N/A,N/A
DRUA,Erro ao buscar dados,-,,,,,,,,N/A,N/A,N/A
DRVN,Erro ao buscar dados,-,,,,,,,,N/A,N/A,N/A
DS,Erro ao buscar dados,-,,,,,,,,N/A,N/A,N/A
DSAC,Erro ao buscar dados,-,,,,,,,,N/A,N/A,N/A
DSACU,Erro ao buscar dados,-,,,,,,,,N/A,N/A,N/A
DSACW,Erro ao buscar dados,-,,,,,,,,N/A,N/A,N/A
DSE,Erro ao buscar dados,-,,,,,,,,N/A,N/A,N/A
DSGX,Erro ao buscar dados,-,,,,,,,,N/A,N/A,N/A
DSKE,Erro ao buscar dados,-,,,,,,,,N/A,N/A,N/A
DSKEW,Erro ao buscar dados,-,,,,,,,,N/A,N/A,N/A
DSL,Erro ao buscar dados,-,,,,,,,,N/A,N/A,N/A
DSM,Erro ao buscar dados,-,,,,,,,,N/A,N/A,N/A
DSPG,Erro ao buscar dados,-,,,,,,,,N/A,N/A,N/A
DSSI,Erro ao buscar dados,-,,,,,,,,N/A,N/A,N/A
DSU,Erro ao buscar dados,-,,,,,,,,N/A,N/A,N/A
DSWL,Erro ao buscar dados,-,,,,,,,,N/A,N/A,N/A
DSX,Erro ao buscar dados,-,,,,,,,,N/A,N/A,N/A
DSX^B,Erro ao buscar dados,-,,,,,,,,N/A,N/A,N/A
DS^B,Erro ao buscar dados,-,,,,,,,,N/A,N/A,N/A
DS^C,Erro ao buscar dados,-,,,,,,,,N/A,N/A,N/A
DS^D,Erro ao buscar dados,-,,,,,,,,N/A,N/A,N/A
DT,Erro ao buscar dados,-,,,,,,,,N/A,N/A,N/A
DTB,Erro ao buscar dados,-,,,,,,,,N/A,N/A,N/A
DTE,Erro ao buscar dados,-,,,,,,,,N/A,N/A,N/A
DTEA,Erro ao buscar dados,-,,,,,,,,N/A,N/A,N/A
DTF,Erro ao buscar dados,-,,,,,,,,N/A,N/A,N/A
DTIL,Erro ao buscar dados,-,,,,,,,,N/A,N/A,N/A
DTJ,Erro ao buscar dados,-,,,,,,,,N/A,N/A,N/A
DTLA^,Erro ao buscar dados,-,,,,,,,,N/A,N/A,N/A
DTP,Erro ao buscar dados,-,,,,,,,,N/A,N/A,N/A
DTSS,Erro ao buscar dados,-,,,,,,,,N/A,N/A,N/A
DWLD,Erro ao buscar dados,-,,,,,,,,N/A,N/A,N/A
DWMC,Erro ao buscar dados,-,,,,,,,,N/A,N/A,N/A
DWPP,Erro ao buscar dados,-,,,,,,,,N/A,N/A,N/A
DWSH,Erro ao buscar dados,-,,,,,,,,N/A,N/A,N/A
DWSN,Erro ao buscar dados,-,,,,,,,,N/A,N/A,N/A
DWUS,Erro ao buscar dados,-,,,,,,,,N/A,N/A,N/A
DX,Erro ao buscar dados,-,,,,,,,,N/A,N/A,N/A
DXC,Erro ao buscar dados,-,,,,,,,,N/A,N/A,N/A
DXCM,Erro ao buscar dados,-,,,,,,,,N/A,N/A,N/A
DXCO3.SA,Erro ao buscar dados,-,,,,,,,,N/A,N/A,N/A
DXGE,Erro ao buscar dados,-,,,,,,,,N/A,N/A,N/A
DXJS,Erro ao buscar dados,-,,,,,,,,N/A,N/A,N/A
DXPE,Erro ao buscar dados,-,,,,,,,,N/A,N/A,N/A
DXYN,Erro ao buscar dados,-,,,,,,,,N/A,N/A,N/A
DX^B,Erro ao buscar dados,-,,,,,,,,N/A,N/A,N/A
DX^C,Erro ao buscar dados,-,,,,,,,,N/A,N/A,N/A
DY,Erro ao buscar dados,-,,,,,,,,N/A,N/A,N/A
DYAI,Erro ao buscar dados,-,,,,,,,,N/A,N/A,N/A
DYFN,Erro ao buscar dados,-,,,,,,,,N/A,N/A,N/A
DYN,Erro ao buscar dados,-,,,,,,,,N/A,N/A,N/A
DYNT,Erro ao buscar dados,-,,,,,,,,N/A,N/A,N/A
DZSI,Erro ao buscar dados,-,,,,,,,,N/A,N/A,N/A
E,Erro ao buscar dados,-,,,,,,,,N/A,N/A,N/A
EA,Erro ao buscar dados,-,,,,,,,,N/A,N/A,N/A
EACPU,Erro ao buscar dados,-,,,,,,,,N/A,N/A,N/A
EAF,Erro ao buscar dados,-,,,,,,,,N/A,N/A,N/A
EAI,Erro ao buscar dados,-,,,,,,,,N/A,N/A,N/A
EAR,Erro ao buscar dados,-,,,,,,,,N/A,N/A,N/A
EARN,Erro ao buscar dados,-,,,,,,,,N/A,N/A,N/A
EARS,Erro ao buscar dados,-,,,,,,,,N/A,N/A,N/A
EAST,Erro ao buscar dados,-,,,,,,,,N/A,N/A,N/A
EAT,Erro ao buscar dados,-,,,,,,,,N/A,N/A,N/A
EB,Erro ao buscar dados,-,,,,,,,,N/A,N/A,N/A
EBAY,Erro ao buscar dados,-,,,,,,,,N/A,N/A,N/A
EBAYL,Erro ao buscar dados,-,,,,,,,,N/A,N/A,N/A
EBC,Erro ao buscar dados,-,,,,,,,,N/A,N/A,N/A
EBF,Erro ao buscar dados,-,,,,,,,,N/A,N/A,N/A
EBIX,Erro ao buscar dados,-,,,,,,,,N/A,N/A,N/A
EBIZ,Erro ao buscar dados,-,,,,,,,,N/A,N/A,N/A
EBMT,Erro ao buscar dados,-,,,,,,,,N/A,N/A,N/A
EBON,Erro ao buscar dados,-,,,,,,,,N/A,N/A,N/A
EBR,Erro ao buscar dados,-,,,,,,,,N/A,N/A,N/A
EBR.B,Erro ao buscar dados,-,,,,,,,,N/A,N/A,N/A
EBS,Erro ao buscar dados,-,,,,,,,,N/A,N/A,N/A
EBSB,Erro ao buscar dados,-,,,,,,,,N/A,N/A,N/A
EBTC,Erro ao buscar dados,-,,,,,,,,N/A,N/A,N/A
EC,Erro ao buscar dados,-,,,,,,,,N/A,N/A,N/A
ECC,Erro ao buscar dados,-,,,,,,,,N/A,N/A,N/A
ECCB,Erro ao buscar dados,-,,,,,,,,N/A,N/A,N/A
ECCX,Erro ao buscar dados,-,,,,,,,,N/A,N/A,N/A
ECCY,Erro ao buscar dados,-,,,,,,,,N/A,N/A,N/A
ECHO,Erro ao buscar dados,-,,,,,,,,N/A,N/A,N/A
ECL,Erro ao buscar dados,-,,,,,,,,N/A,N/A,N/A
ECOL,Erro ao buscar dados,-,,,,,,,,N/A,N/A,N/A
ECOLW,Erro ao buscar dados,-,,,,,,,,N/A,N/A,N/A
ECOM,Erro ao buscar dados,-,,,,,,,,N/A,N/A,N/A
ECOR,Erro ao buscar dados,-,,,,,,,,N/A,N/A,N/A
ECOW,Erro ao buscar dados,-,,,,,,,,N/A,N/A,N/A
ECPG,Erro ao buscar dados,-,,,,,,,,N/A,N/A,N/A
ED,Erro ao buscar dados,-,,,,,,,,N/A,N/A,N/A
EDAP,Erro ao buscar dados,-,,,,,,,,N/A,N/A,N/A
EDD,Erro ao buscar dados,-,,,,,,,,N/A,N/A,N/A
EDF,Erro ao buscar dados,-,,,,,,,,N/A,N/A,N/A
EDI,Erro ao buscar dados,-,,,,,,,,N/A,N/A,N/A
EDIT,Erro ao buscar dados,-,,,,,,,,N/A,N/A,N/A
EDN,Erro ao buscar dados,-,,,,,,,,N/A,N/A,N/A
EDOC,Erro ao buscar dados,-,,,,,,,,N/A,N/A,N/A
EDRY,Erro ao buscar dados,-,,,,,,,,N/A,N/A,N/A
EDSA,Erro ao buscar dados,-,,,,,,,,N/A,N/A,N/A
EDTK,Erro ao buscar dados,-,,,,,,,,N/A,N/A,N/A
EDTXU,Erro ao buscar dados,-,,,,,,,,N/A,N/A,N/A
EDU,Erro ao buscar dados,-,,,,,,,,N/A,N/A,N/A
EDUC,Erro ao buscar dados,-,,,,,,,,N/A,N/A,N/A
EDUT,Erro ao buscar dados,-,,,,,,,,N/A,N/A,N/A
EEA,Erro ao buscar dados,-,,,,,,,,N/A,N/A,N/A
EHC,Erro ao buscar dados,-,,,,,,,,N/A,N/A,N/A
EHI,Erro ao buscar dados,-,,,,,,,,N/A,N/A,N/A
EHT,Erro ao buscar dados,-,,,,,,,,N/A,N/A,N/A
EHTH,Erro ao buscar dados,-,,,,,,,,N/A,N/A,N/A
EIC,Erro ao buscar dados,-,,,,,,,,N/A,N/A,N/A
EIDX,Erro ao buscar dados,-,,,,,,,,N/A,N/A,N/A
EIG,Erro ao buscar dados,-,,,,,,,,N/A,N/A,N/A
EIGI,Erro ao buscar dados,-,,,,,,,,N/A,N/A,N/A
EIGR,Erro ao buscar dados,-,,,,,,,,N/A,N/A,N/A
EIX,Erro ao buscar dados,-,,,,,,,,N/A,N/A,N/A
EKSO,Erro ao buscar dados,-,,,,,,,,N/A,N/A,N/A
EL,Erro ao buscar dados,-,,,,,,,,N/A,N/A,N/A
ELAN,Erro ao buscar dados,-,,,,,,,,N/A,N/A,N/A
ELAT,Erro ao buscar dados,-,,,,,,,,N/A,N/A,N/A
ELC,Erro ao buscar dados,-,,,,,,,,N/A,N/A,N/A
ELDN,Erro ao buscar dados,-,,,,,,,,N/A,N/A,N/A
ELET3.SA,Erro ao buscar dados,-,,,,,,,,N/A,N/A,N/A
ELET6.SA,Erro ao buscar dados,-,,,,,,,,N/A,N/A,N/A
ELF,Erro ao buscar dados,-,,,,,,,,N/A,N/A,N/A
ELOX,Erro ao buscar dados,-,,,,,,,,N/A,N/A,N/A
ELP,Erro ao buscar dados,-,,,,,,,,N/A,N/A,N/A
ELS,Erro ao buscar dados,-,,,,,,,,N/A,N/A,N/A
ELSE,Erro ao buscar dados,-,,,,,,,,N/A,N/A,N/A
ELTK,Erro ao buscar dados,-,,,,,,,,N/A,N/A,N/A
ELVT,Erro ao buscar dados,-,,,,,,,,N/A,N/A,N/A
EEFT,Erro ao buscar dados,-,,,,,,,,N/A,N/A,N/A
EEMA,Erro ao buscar dados,-,,,,,,,,N/A,N/A,N/A
EEX,Erro ao buscar dados,-,,,,,,,,N/A,N/A,N/A
EFAS,Erro ao buscar dados,-,,,,,,,,N/A,N/A,N/A
EFC,Erro ao buscar dados,-,,,,,,,,N/A,N/A,N/A
EFC^A,Erro ao buscar dados,-,,,,,,,,N/A,N/A,N/A
EFF,Erro ao buscar dados,-,,,,,,,,N/A,N/A,N/A
EFL,Erro ao buscar dados,-,,,,,,,,N/A,N/A,N/A
EFOI,Erro ao buscar dados,-,,,,,,,,N/A,N/A,N/A
EFR,Erro ao buscar dados,-,,,,,,,,N/A,N/A,N/A
EFSC,Erro ao buscar dados,-,,,,,,,,N/A,N/A,N/A
EFT,Erro ao buscar dados,-,,,,,,,,N/A,N/A,N/A
EFX,Erro ao buscar dados,-,,,,,,,,N/A,N/A,N/A
EGAN,Erro ao buscar dados,-,,,,,,,,N/A,N/A,N/A
EGBN,Erro ao buscar dados,-,,,,,,,,N/A,N/A,N/A
EGF,Erro ao buscar dados,-,,,,,,,,N/A,N/A,N/A
EGHT,Erro ao buscar dados,-,,,,,,,,N/A,N/A,N/A
EGIE3.SA,Erro ao buscar dados,-,,,,,,,,N/A,N/A,N/A
EGLE,Erro ao buscar dados,-,,,,,,,,N/A,N/A,N/A
EGO,Erro ao buscar dados,-,,,,,,,,N/A,N/A,N/A
EGOV,Erro ao buscar dados,-,,,,,,,,N/A,N/A,N/A
EGP,Erro ao buscar dados,-,,,,,,,,N/A,N/A,N/A
EGRX,Erro ao buscar dados,-,,,,,,,,N/A,N/A,N/A
EGY,Erro ao buscar dados,-,,,,,,,,N/A,N/A,N/A
EH,Erro ao buscar dados,-,,,,,,,,N/A,N/A,N/A
ELY,Erro ao buscar dados,-,,,,,,,,N/A,N/A,N/A
ELYS,Erro ao buscar dados,-,,,,,,,,N/A,N/A,N/A
EMB,Erro ao buscar dados,-,,,,,,,,N/A,N/A,N/A
EMBR3.SA,Erro ao buscar dados,-,,,,,,,,N/A,N/A,N/A
EMCB,Erro ao buscar dados,-,,,,,,,,N/A,N/A,N/A
EMCF,Erro ao buscar dados,-,,,,,,,,N/A,N/A,N/A
EMD,Erro ao buscar dados,-,,,,,,,,N/A,N/A,N/A
EME,Erro ao buscar dados,-,,,,,,,,N/A,N/A,N/A
EMF,Erro ao buscar dados,-,,,,,,,,N/A,N/A,N/A
EMIF,Erro ao buscar dados,-,,,,,,,,N/A,N/A,N/A
EMKR,Erro ao buscar dados,-,,,,,,,,N/A,N/A,N/A
EML,Erro ao buscar dados,-,,,,,,,,N/A,N/A,N/A
EMN,Erro ao buscar dados,-,,,,,,,,N/A,N/A,N/A
EMO,Erro ao buscar dados,-,,,,,,,,N/A,N/A,N/A
EMP,Erro ao buscar dados,-,,,,,,,,N/A,N/A,N/A
EMPW,Erro ao buscar dados,-,,,,,,,,N/A,N/A,N/A
EMPW.U,Erro ao buscar dados,-,,,,,,,,N/A,N/A,N/A
EMPW.WS,Erro ao buscar dados,-,,,,,,,,N/A,N/A,N/A
EMR,Erro ao buscar dados,-,,,,,,,,N/A,N/A,N/A
EMXC,Erro ao buscar dados,-,,,,,,,,N/A,N/A,N/A
EMXF,Erro ao buscar dados,-,,,,,,,,N/A,N/A,N/A
ENB,Erro ao buscar dados,-,,,,,,,,N/A,N/A,N/A
ENBA,Erro ao buscar dados,-,,,,,,,,N/A,N/A,N/A
ENBL,Erro ao buscar dados,-,,,,,,,,N/A,N/A,N/A
ENDP,Erro ao buscar dados,-,,,,,,,,N/A,N/A,N/A
ENEV11.SA,Erro ao buscar dados,-,,,,,,,,N/A,N/A,N/A
ENFAU,Erro ao buscar dados,-,,,,,,,,N/A,N/A,N/A
ENG,Erro ao buscar dados,-,,,,,,,,N/A,N/A,N/A
ENGI11.SA,Erro ao buscar dados,-,,,,,,,,N/A,N/A,N/A
ENIA,Erro ao buscar dados,-,,,,,,,,N/A,N/A,N/A
ENIC,Erro ao buscar dados,-,,,,,,,,N/A,N/A,N/A
ENJ,Erro ao buscar dados,-,,,,,,,,N/A,N/A,N/A
ENLC,Erro ao buscar dados,-,,,,,,,,N/A,N/A,N/A
ENLV,Erro ao buscar dados,-,,,,,,,,N/A,N/A,N/A
ENO,Erro ao buscar dados,-,,,,,,,,N/A,N/A,N/A
ENOB,Erro ao buscar dados,-,,,,,,,,N/A,N/A,N/A
ENPC,Erro ao buscar dados,-,,,,,,,,N/A,N/A,N/A
ENPC.U,Erro ao buscar dados,-,,,,,,,,N/A,N/A,N/A
ENPC.WS,Erro ao buscar dados,-,,,,,,,,N/A,N/A,N/A
ENPH,Erro ao buscar dados,-,,,,,,,,N/A,N/A,N/A
ENR,Erro ao buscar dados,-,,,,,,,,N/A,N/A,N/A
ENR^A,Erro ao buscar dados,-,,,,,,,,N/A,N/A,N/A
ENS,Erro ao buscar dados,-,,,,,,,,N/A,N/A,N/A
ENSG,Erro ao buscar dados,-,,,,,,,,N/A,N/A,N/A
ENTA,Erro ao buscar dados,-,,,,,,,,N/A,N/A,N/A
ENTG,Erro ao buscar dados,-,,,,,,,,N/A,N/A,N/A
ENTX,Erro ao buscar dados,-,,,,,,,,N/A,N/A,N/A
ENTXW,Erro ao buscar dados,-,,,,,,,,N/A,N/A,N/A
ENV,Erro ao buscar dados,-,,,,,,,,N/A,N/A,N/A
ENVA,Erro ao buscar dados,-,,,,,,,,N/A,N/A,N/A
ENVB,Erro ao buscar dados,-,,,,,,,,N/A,N/A,N/A
ENVIU,Erro ao buscar dados,-,,,,,,,,N/A,N/A,N/A
ENZ,Erro ao buscar dados,-,,,,,,,,N/A,N/A,N/A
ENZL,Erro ao buscar dados,-,,,,,,,,N/A,N/A,N/A
EOD,Erro ao buscar dados,-,,,,,,,,N/A,N/A,N/A
EOG,Erro ao buscar dados,-,,,,,,,,N/A,N/A,N/A
EOI,Erro ao buscar dados,-,,,,,,,,N/A,N/A,N/A
EOLS,Erro ao buscar dados,-,,,,,,,,N/A,N/A,N/A
EOS,Erro ao buscar dados,-,,,,,,,,N/A,N/A,N/A
EOSE,Erro ao buscar dados,-,,,,,,,,N/A,N/A,N/A
EOSEW,Erro ao buscar dados,-,,,,,,,,N/A,N/A,N/A
EOT,Erro ao buscar dados,-,,,,,,,,N/A,N/A,N/A
EPAC,Erro ao buscar dados,-,,,,,,,,N/A,N/A,N/A
EPAM,Erro ao buscar dados,-,,,,,,,,N/A,N/A,N/A
EPAY,Erro ao buscar dados,-,,,,,,,,N/A,N/A,N/A
EPC,Erro ao buscar dados,-,,,,,,,,N/A,N/A,N/A
EPD,Erro ao buscar dados,-,,,,,,,,N/A,N/A,N/A
EPHYU,Erro ao buscar dados,-,,,,,,,,N/A,N/A,N/A
EPIX,Erro ao buscar dados,-,,,,,,,,N/A,N/A,N/A
EPR,Erro ao buscar dados,-,,,,,,,,N/A,N/A,N/A
EPRT,Erro ao buscar dados,-,,,,,,,,N/A,N/A,N/A
EPR^C,Erro ao buscar dados,-,,,,,,,,N/A,N/A,N/A
EPR^E,Erro ao buscar dados,-,,,,,,,,N/A,N/A,N/A
EPR^G,Erro ao buscar dados,-,,,,,,,,N/A,N/A,N/A
EPSN,Erro ao buscar dados,-,,,,,,,,N/A,N/A,N/A
EPWR.U,Erro ao buscar dados,-,,,,,,,,N/A,N/A,N/A
EPZM,Erro ao buscar dados,-,,,,,,,,N/A,N/A,N/A
EP^C,Erro ao buscar dados,-,,,,,,,,N/A,N/A,N/A
EQ,Erro ao buscar dados,-,,,,,,,,N/A,N/A,N/A
EQBK,Erro ao buscar dados,-,,,,,,,,N/A,N/A,N/A
EQC,Erro ao buscar dados,-,,,,,,,,N/A,N/A,N/A
EQC^D,Erro ao buscar dados,-,,,,,,,,N/A,N/A,N/A
EQD,Erro ao buscar dados,-,,,,,,,,N/A,N/A,N/A
EQD.U,Erro ao buscar dados,-,,,,,,,,N/A,N/A,N/A
EQD.WS,Erro ao buscar dados,-,,,,,,,,N/A,N/A,N/A
EQH,Erro ao buscar dados,-,,,,,,,,N/A,N/A,N/A
EQH^A,Erro ao buscar dados,-,,,,,,,,N/A,N/A,N/A
EQIX,Erro ao buscar dados,-,,,,,,,,N/A,N/A,N/A
EQNR,Erro ao buscar dados,-,,,,,,,,N/A,N/A,N/A
EQOS,Erro ao buscar dados,-,,,,,,,,N/A,N/A,N/A
EQOSW,Erro ao buscar dados,-,,,,,,,,N/A,N/A,N/A
EQR,Erro ao buscar dados,-,,,,,,,,N/A,N/A,N/A
EQRR,Erro ao buscar dados,-,,,,,,,,N/A,N/A,N/A
EQS,Erro ao buscar dados,-,,,,,,,,N/A,N/A,N/A
EQT,Erro ao buscar dados,-,,,,,,,,N/A,N/A,N/A
EQTL3.SA,Erro ao buscar dados,-,,,,,,,,N/A,N/A,N/A
ERES,Erro ao buscar dados,-,,,,,,,,N/A,N/A,N/A
ERESU,Erro ao buscar dados,-,,,,,,,,N/A,N/A,N/A
ERESW,Erro ao buscar dados,-,,,,,,,,N/A,N/A,N/A
ERF,Erro ao buscar dados,-,,,,,,,,N/A,N/A,N/A
ERIC,Erro ao buscar dados,-,,,,,,,,N/A,N/A,N/A
ERIE,Erro ao buscar dados,-,,,,,,,,N/A,N/A,N/A
ERII,Erro ao buscar dados,-,,,,,,,,N/A,N/A,N/A
ERJ,Erro ao buscar dados,-,,,,,,,,N/A,N/A,N/A
ERYP,Erro ao buscar dados,-,,,,,,,,N/A,N/A,N/A
ES,Erro ao buscar dados,-,,,,,,,,N/A,N/A,N/A
ESBK,Erro ao buscar dados,-,,,,,,,,N/A,N/A,N/A
ESCA,Erro ao buscar dados,-,,,,,,,,N/A,N/A,N/A
ESE,Erro ao buscar dados,-,,,,,,,,N/A,N/A,N/A
ESEA,Erro ao buscar dados,-,,,,,,,,N/A,N/A,N/A
ESG,Erro ao buscar dados,-,,,,,,,,N/A,N/A,N/A
ESGC,Erro ao buscar dados,-,,,,,,,,N/A,N/A,N/A
ESGD,Erro ao buscar dados,-,,,,,,,,N/A,N/A,N/A
ESGE,Erro ao buscar dados,-,,,,,,,,N/A,N/A,N/A
ESGG,Erro ao buscar dados,-,,,,,,,,N/A,N/A,N/A
ESGR,Erro ao buscar dados,-,,,,,,,,N/A,N/A,N/A
ESGRO,Erro ao buscar dados,-,,,,,,,,N/A,N/A,N/A
ESGRP,Erro ao buscar dados,-,,,,,,,,N/A,N/A,N/A
ESGU,Erro ao buscar dados,-,,,,,,,,N/A,N/A,N/A
ESI,Erro ao buscar dados,-,,,,,,,,N/A,N/A,N/A
ESLT,Erro ao buscar dados,-,,,,,,,,N/A,N/A,N/A
ESNT,Erro ao buscar dados,-,,,,,,,,N/A,N/A,N/A
ESPO,Erro ao buscar dados,-,,,,,,,,N/A,N/A,N/A
ESPR,Erro ao buscar dados,-,,,,,,,,N/A,N/A,N/A
ESQ,Erro ao buscar dados,-,,,,,,,,N/A,N/A,N/A
ESRT,Erro ao buscar dados,-,,,,,,,,N/A,N/A,N/A
ESS,Erro ao buscar dados,-,,,,,,,,N/A,N/A,N/A
ESSA,Erro ao buscar dados,-,,,,,,,,N/A,N/A,N/A
ESSC,Erro ao buscar dados,-,,,,,,,,N/A,N/A,N/A
ESSCR,Erro ao buscar dados,-,,,,,,,,N/A,N/A,N/A
ESSCU,Erro ao buscar dados,-,,,,,,,,N/A,N/A,N/A
ESSCW,Erro ao buscar dados,-,,,,,,,,N/A,N/A,N/A
ESTA,Erro ao buscar dados,-,,,,,,,,N/A,N/A,N/A
ESTC,Erro ao buscar dados,-,,,,,,,,N/A,N/A,N/A
ESTE,Erro ao buscar dados,-,,,,,,,,N/A,N/A,N/A
ESXB,Erro ao buscar dados,-,,,,,,,,N/A,N/A,N/A
ET,Erro ao buscar dados,-,,,,,,,,N/A,N/A,N/A
ETAC,Erro ao buscar dados,-,,,,,,,,N/A,N/A,N/A
ETACU,Erro ao buscar dados,-,,,,,,,,N/A,N/A,N/A
ETACW,Erro ao buscar dados,-,,,,,,,,N/A,N/A,N/A
ETB,Erro ao buscar dados,-,,,,,,,,N/A,N/A,N/A
ETG,Erro ao buscar dados,-,,,,,,,,N/A,N/A,N/A
ETH,Erro ao buscar dados,-,,,,,,,,N/A,N/A,N/A
ETI^,Erro ao buscar dados,-,,,,,,,,N/A,N/A,N/A
ETJ,Erro ao buscar dados,-,,,,,,,,N/A,N/A,N/A
ETM,Erro ao buscar dados,-,,,,,,,,N/A,N/A,N/A
ETN,Erro ao buscar dados,-,,,,,,,,N/A,N/A,N/A
ETNB,Erro ao buscar dados,-,,,,,,,,N/A,N/A,N/A
ETO,Erro ao buscar dados,-,,,,,,,,N/A,N/A,N/A
ETON,Erro ao buscar dados,-,,,,,,,,N/A,N/A,N/A
ETP^C,Erro ao buscar dados,-,,,,,,,,N/A,N/A,N/A
ETP^D,Erro ao buscar dados,-,,,,,,,,N/A,N/A,N/A
ETP^E,Erro ao buscar dados,-,,,,,,,,N/A,N/A,N/A
ETR,Erro ao buscar dados,-,,,,,,,,N/A,N/A,N/A
ETRN,Erro ao buscar dados,-,,,,,,,,N/A,N/A,N/A
ETSY,Erro ao buscar dados,-,,,,,,,,N/A,N/A,N/A
ETTX,Erro ao buscar dados,-,,,,,,,,N/A,N/A,N/A
ETV,Erro ao buscar dados,-,,,,,,,,N/A,N/A,N/A
ETW,Erro ao buscar dados,-,,,,,,,,N/A,N/A,N/A
ETX,Erro ao buscar dados,-,,,,,,,,N/A,N/A,N/A
ETY,Erro ao buscar dados,-,,,,,,,,N/A,N/A,N/A
EUCR,Erro ao buscar dados,-,,,,,,,,N/A,N/A,N/A
EUCRU,Erro ao buscar dados,-,,,,,,,,N/A,N/A,N/A
EUCRW,Erro ao buscar dados,-,,,,,,,,N/A,N/A,N/A
EUFN,Erro ao buscar dados,-,,,,,,,,N/A,N/A,N/A
EURN,Erro ao buscar dados,-,,,,,,,,N/A,N/A,N/A
EUSGU,Erro ao buscar dados,-,,,,,,,,N/A,N/A,N/A
EV,Erro ao buscar dados,-,,,,,,,,N/A,N/A,N/A
EVA,Erro ao buscar dados,-,,,,,,,,N/A,N/A,N/A
EVBG,Erro ao buscar dados,-,,,,,,,,N/A,N/A,N/A
EVC,Erro ao buscar dados,-,,,,,,,,N/A,N/A,N/A
EVER,Erro ao buscar dados,-,,,,,,,,N/A,N/A,N/A
EVF,Erro ao buscar dados,-,,,,,,,,N/A,N/A,N/A
EVFM,Erro ao buscar dados,-,,,,,,,,N/A,N/A,N/A
EVG,Erro ao buscar dados,-,,,,,,,,N/A,N/A,N/A
EVGBC,Erro ao buscar dados,-,,,,,,,,N/A,N/A,N/A
EVGN,Erro ao buscar dados,-,,,,,,,,N/A,N/A,N/A
EVH,Erro ao buscar dados,-,,,,,,,,N/A,N/A,N/A
EVK,Erro ao buscar dados,-,,,,,,,,N/A,N/A,N/A
EVLMC,Erro ao buscar dados,-,,,,,,,,N/A,N/A,N/A
EVLO,Erro ao buscar dados,-,,,,,,,,N/A,N/A,N/A
EVN,Erro ao buscar dados,-,,,,,,,,N/A,N/A,N/A
EVOK,Erro ao buscar dados,-,,,,,,,,N/A,N/A,N/A
EVOL,Erro ao buscar dados,-,,,,,,,,N/A,N/A,N/A
EVOP,Erro ao buscar dados,-,,,,,,,,N/A,N/A,N/A
EVR,Erro ao buscar dados,-,,,,,,,,N/A,N/A,N/A
EVRG,Erro ao buscar dados,-,,,,,,,,N/A,N/A,N/A
EVRI,Erro ao buscar dados,-,,,,,,,,N/A,N/A,N/A
EVSTC,Erro ao buscar dados,-,,,,,,,,N/A,N/A,N/A
EVT,Erro ao buscar dados,-,,,,,,,,N/A,N/A,N/A
EVTC,Erro ao buscar dados,-,,,,,,,,N/A,N/A,N/A
EW,Erro ao buscar dados,-,,,,,,,,N/A,N/A,N/A
EWBC,Erro ao buscar dados,-,,,,,,,,N/A,N/A,N/A
EWEB,Erro ao buscar dados,-,,,,,,,,N/A,N/A,N/A
EWJE,Erro ao buscar dados,-,,,,,,,,N/A,N/A,N/A
EWJV,Erro ao buscar dados,-,,,,,,,,N/A,N/A,N/A
EWZS,Erro ao buscar dados,-,,,,,,,,N/A,N/A,N/A
EXAS,Erro ao buscar dados,-,,,,,,,,N/A,N/A,N/A
EXC,Erro ao buscar dados,-,,,,,,,,N/A,N/A,N/A
EXD,Erro ao buscar dados,-,,,,,,,,N/A,N/A,N/A
EXEL,Erro ao buscar dados,-,,,,,,,,N/A,N/A,N/A
EXFO,Erro ao buscar dados,-,,,,,,,,N/A,N/A,N/A
EXG,Erro ao buscar dados,-,,,,,,,,N/A,N/A,N/A
EXK,Erro ao buscar dados,-,,,,,,,,N/A,N/A,N/A
EXLS,Erro ao buscar dados,-,,,,,,,,N/A,N/A,N/A
EXP,Erro ao buscar dados,-,,,,,,,,N/A,N/A,N/A
EXPC,Erro ao buscar dados,-,,,,,,,,N/A,N/A,N/A
EXPCU,Erro ao buscar dados,-,,,,,,,,N/A,N/A,N/A
EXPCW,Erro ao buscar dados,-,,,,,,,,N/A,N/A,N/A
EXPD,Erro ao buscar dados,-,,,,,,,,N/A,N/A,N/A
EXPE,Erro ao buscar dados,-,,,,,,,,N/A,N/A,N/A
EXPI,Erro ao buscar dados,-,,,,,,,,N/A,N/A,N/A
EXPO,Erro ao buscar dados,-,,,,,,,,N/A,N/A,N/A
EXPR,Erro ao buscar dados,-,,,,,,,,N/A,N/A,N/A
EXR,Erro ao buscar dados,-,,,,,,,,N/A,N/A,N/A
EXTN,Erro ao buscar dados,-,,,,,,,,N/A,N/A,N/A
EXTR,Erro ao buscar dados,-,,,,,,,,N/A,N/A,N/A
EYE,Erro ao buscar dados,-,,,,,,,,N/A,N/A,N/A
EYEG,Erro ao buscar dados,-,,,,,,,,N/A,N/A,N/A
EYEN,Erro ao buscar dados,-,,,,,,,,N/A,N/A,N/A
EYES,Erro ao buscar dados,-,,,,,,,,N/A,N/A,N/A
EYESW,Erro ao buscar dados,-,,,,,,,,N/A,N/A,N/A
EYPT,Erro ao buscar dados,-,,,,,,,,N/A,N/A,N/A
EZPW,Erro ao buscar dados,-,,,,,,,,N/A,N/A,N/A
EZTC3.SA,Erro ao buscar dados,-,,,,,,,,N/A,N/A,N/A
F,Erro ao buscar dados,-,,,,,,,,N/A,N/A,N/A
FAAR,Erro ao buscar dados,-,,,,,,,,N/A,N/A,N/A
FAB,Erro ao buscar dados,-,,,,,,,,N/A,N/A,N/A
FAD,Erro ao buscar dados,-,,,,,,,,N/A,N/A,N/A
FAF,Erro ao buscar dados,-,,,,,,,,N/A,N/A,N/A
FAII,Erro ao buscar dados,-,,,,,,,,N/A,N/A,N/A
FAII.U,Erro ao buscar dados,-,,,,,,,,N/A,N/A,N/A
FAII.WS,Erro ao buscar dados,-,,,,,,,,N/A,N/A,N/A
FALN,Erro ao buscar dados,-,,,,,,,,N/A,N/A,N/A
FAM,Erro ao buscar dados,-,,,,,,,,N/A,N/A,N/A
FAMI,Erro ao buscar dados,-,,,,,,,,N/A,N/A,N/A
FANG,Erro ao buscar dados,-,,,,,,,,N/A,N/A,N/A
FANH,Erro ao buscar dados,-,,,,,,,,N/A,N/A,N/A
FARM,Erro ao buscar dados,-,,,,,,,,N/A,N/A,N/A
FARO,Erro ao buscar dados,-,,,,,,,,N/A,N/A,N/A
FAST,Erro ao buscar dados,-,,,,,,,,N/A,N/A,N/A
FAT,Erro ao buscar dados,-,,,,,,,,N/A,N/A,N/A
FATBP,Erro ao buscar dados,-,,,,,,,,N/A,N/A,N/A
FATBW,Erro ao buscar dados,-,,,,,,,,N/A,N/A,N/A
FATE,Erro ao buscar dados,-,,,,,,,,N/A,N/A,N/A
FB,Erro ao buscar dados,-,,,,,,,,N/A,N/A,N/A
FBC,Erro ao buscar dados,-,,,,,,,,N/A,N/A,N/A
FBHS,Erro ao buscar dados,-,,,,,,,,N/A,N/A,N/A
FBIO,Erro ao buscar dados,-,,,,,,,,N/A,N/A,N/A
FBIOP,Erro ao buscar dados,-,,,,,,,,N/A,N/A,N/A
FCN,Erro ao buscar dados,-,,,,,,,,N/A,N/A,N/A
FCNCA,Erro ao buscar dados,-,,,,,,,,N/A,N/A,N/A
FCNCP,Erro ao buscar dados,-,,,,,,,,N/A,N/A,N/A
FCPT,Erro ao buscar dados,-,,,,,,,,N/A,N/A,N/A
FCRD,Erro ao buscar dados,-,,,,,,,,N/A,N/A,N/A
FCRW,Erro ao buscar dados,-,,,,,,,,N/A,N/A,N/A
FCRZ,Erro ao buscar dados,-,,,,,,,,N/A,N/A,N/A
FCT,Erro ao buscar dados,-,,,,,,,,N/A,N/A,N/A
FCVT,Erro ao buscar dados,-,,,,,,,,N/A,N/A,N/A
FCX,Erro ao buscar dados,-,,,,,,,,N/A,N/A,N/A
FDBC,Erro ao buscar dados,-,,,,,,,,N/A,N/A,N/A
FDEU,Erro ao buscar dados,-,,,,,,,,N/A,N/A,N/A
FDIV,Erro ao buscar dados,-,,,,,,,,N/A,N/A,N/A
FDMT,Erro ao buscar dados,-,,,,,,,,N/A,N/A,N/A
FDNI,Erro ao buscar dados,-,,,,,,,,N/A,N/A,N/A
FDP,Erro ao buscar dados,-,,,,,,,,N/A,N/A,N/A
FDS,Erro ao buscar dados,-,,,,,,,,N/A,N/A,N/A
FDT,Erro ao buscar dados,-,,,,,,,,N/A,N/A,N/A
FDTS,Erro ao buscar dados,-,,,,,,,,N/A,N/A,N/A
FDUS,Erro ao buscar dados,-,,,,,,,,N/A,N/A,N/A
FDUSG,Erro ao buscar dados,-,,,,,,,,N/A,N/A,N/A
FDUSZ,Erro ao buscar dados,-,,,,,,,,N/A,N/A,N/A
FDX,Erro ao buscar dados,-,,,,,,,,N/A,N/A,N/A
FE,Erro ao buscar dados,-,,,,,,,,N/A,N/A,N/A
FEDU,Erro ao buscar dados,-,,,,,,,,N/A,N/A,N/A
FBIZ,Erro ao buscar dados,-,,,,,,,,N/A,N/A,N/A
FBK,Erro ao buscar dados,-,,,,,,,,N/A,N/A,N/A
FBM,Erro ao buscar dados,-,,,,,,,,N/A,N/A,N/A
FBMS,Erro ao buscar dados,-,,,,,,,,N/A,N/A,N/A
FBNC,Erro ao buscar dados,-,,,,,,,,N/A,N/A,N/A
FBP,Erro ao buscar dados,-,,,,,,,,N/A,N/A,N/A
FBRX,Erro ao buscar dados,-,,,,,,,,N/A,N/A,N/A
FBSS,Erro ao buscar dados,-,,,,,,,,N/A,N/A,N/A
FBZ,Erro ao buscar dados,-,,,,,,,,N/A,N/A,N/A
FC,Erro ao buscar dados,-,,,,,,,,N/A,N/A,N/A
FCA,Erro ao buscar dados,-,,,,,,,,N/A,N/A,N/A
FCAC,Erro ao buscar dados,-,,,,,,,,N/A,N/A,N/A
FCACU,Erro ao buscar dados,-,,,,,,,,N/A,N/A,N/A
FCACW,Erro ao buscar dados,-,,,,,,,,N/A,N/A,N/A
FCAL,Erro ao buscar dados,-,,,,,,,,N/A,N/A,N/A
FCAP,Erro ao buscar dados,-,,,,,,,,N/A,N/A,N/A
FCAX.U,Erro ao buscar dados,-,,,,,,,,N/A,N/A,N/A
FCBC,Erro ao buscar dados,-,,,,,,,,N/A,N/A,N/A
FCBP,Erro ao buscar dados,-,,,,,,,,N/A,N/A,N/A
FCCO,Erro ao buscar dados,-,,,,,,,,N/A,N/A,N/A
FCCY,Erro ao buscar dados,-,,,,,,,,N/A,N/A,N/A
FCEF,Erro ao buscar dados,-,,,,,,,,N/A,N/A,N/A
FCEL,Erro ao buscar dados,-,,,,,,,,N/A,N/A,N/A
FCF,Erro ao buscar dados,-,,,,,,,,N/A,N/A,N/A
FCFS,Erro ao buscar dados,-,,,,,,,,N/A,N/A,N/A
FEI,Erro ao buscar dados,-,,,,,,,,N/A,N/A,N/A
FEIM,Erro ao buscar dados,-,,,,,,,,N/A,N/A,N/A
FELE,Erro ao buscar dados,-,,,,,,,,N/A,N/A,N/A
FEM,Erro ao buscar dados,-,,,,,,,,N/A,N/A,N/A
FEMB,Erro ao buscar dados,-,,,,,,,,N/A,N/A,N/A
FEMS,Erro ao buscar dados,-,,,,,,,,N/A,N/A,N/A
FENC,Erro ao buscar dados,-,,,,,,,,N/A,N/A,N/A
FENG,Erro ao buscar dados,-,,,,,,,,N/A,N/A,N/A
FEO,Erro ao buscar dados,-,,,,,,,,N/A,N/A,N/A
FEP,Erro ao buscar dados,-,,,,,,,,N/A,N/A,N/A
FET,Erro ao buscar dados,-,,,,,,,,N/A,N/A,N/A
FEUZ,Erro ao buscar dados,-,,,,,,,,N/A,N/A,N/A
FEX,Erro ao buscar dados,-,,,,,,,,N/A,N/A,N/A
FEYE,Erro ao buscar dados,-,,,,,,,,N/A,N/A,N/A
FF,Erro ao buscar dados,-,,,,,,,,N/A,N/A,N/A
FFA,Erro ao buscar dados,-,,,,,,,,N/A,N/A,N/A
FFBC,Erro ao buscar dados,-,,,,,,,,N/A,N/A,N/A
FFBW,Erro ao buscar dados,-,,,,,,,,N/A,N/A,N/A
FFC,Erro ao buscar dados,-,,,,,,,,N/A,N/A,N/A
FFG,Erro ao buscar dados,-,,,,,,,,N/A,N/A,N/A
FFHL,Erro ao buscar dados,-,,,,,,,,N/A,N/A,N/A
FFIC,Erro ao buscar dados,-,,,,,,,,N/A,N/A,N/A
FFIN,Erro ao buscar dados,-,,,,,,,,N/A,N/A,N/A
FFIV,Erro ao buscar dados,-,,,,,,,,N/A,N/A,N/A
FFNW,Erro ao buscar dados,-,,,,,,,,N/A,N/A,N/A
FFWM,Erro ao buscar dados,-,,,,,,,,N/A,N/A,N/A
FGB,Erro ao buscar dados,-,,,,,,,,N/A,N/A,N/A
FGBI,Erro ao buscar dados,-,,,,,,,,N/A,N/A,N/A
FGEN,Erro ao buscar dados,-,,,,,,,,N/A,N/A,N/A
FGF,Erro ao buscar dados,-,,,,,,,,N/A,N/A,N/A
FGFPP,Erro ao buscar dados,-,,,,,,,,N/A,N/A,N/A
FGM,Erro ao buscar dados,-,,,,,,,,N/A,N/A,N/A
FGNA,Erro ao buscar dados,-,,,,,,,,N/A,N/A,N/A
FGNA.U,Erro ao buscar dados,-,,,,,,,,N/A,N/A,N/A
FGNA.WS,Erro ao buscar dados,-,,,,,,,,N/A,N/A,N/A
FHB,Erro ao buscar dados,-,,,,,,,,N/A,N/A,N/A
FHI,Erro ao buscar dados,-,,,,,,,,N/A,N/A,N/A
FHN,Erro ao buscar dados,-,,,,,,,,N/A,N/A,N/A
FHN^A,Erro ao buscar dados,-,,,,,,,,N/A,N/A,N/A
FHN^B,Erro ao buscar dados,-,,,,,,,,N/A,N/A,N/A
FHN^C,Erro ao buscar dados,-,,,,,,,,N/A,N/A,N/A
FHN^D,Erro ao buscar dados,-,,,,,,,,N/A,N/A,N/A
FHN^E,Erro ao buscar dados,-,,,,,,,,N/A,N/A,N/A
FHTX,Erro ao buscar dados,-,,,,,,,,N/A,N/A,N/A
FI,Erro ao buscar dados,-,,,,,,,,N/A,N/A,N/A
FIBK,Erro ao buscar dados,-,,,,,,,,N/A,N/A,N/A
FICO,Erro ao buscar dados,-,,,,,,,,N/A,N/A,N/A
FICS,Erro ao buscar dados,-,,,,,,,,N/A,N/A,N/A
FID,Erro ao buscar dados,-,,,,,,,,N/A,N/A,N/A
FIF,Erro ao buscar dados,-,,,,,,,,N/A,N/A,N/A
FLC,Erro ao buscar dados,-,,,,,,,,N/A,N/A,N/A
FLDM,Erro ao buscar dados,-,,,,,,,,N/A,N/A,N/A
FLEX,Erro ao buscar dados,-,,,,,,,,N/A,N/A,N/A
FLGT,Erro ao buscar dados,-,,,,,,,,N/A,N/A,N/A
FLIC,Erro ao buscar dados,-,,,,,,,,N/A,N/A,N/A
FLIR,Erro ao buscar dados,-,,,,,,,,N/A,N/A,N/A
FLL,Erro ao buscar dados,-,,,,,,,,N/A,N/A,N/A
FLMN,Erro ao buscar dados,-,,,,,,,,N/A,N/A,N/A
FLMNW,Erro ao buscar dados,-,,,,,,,,N/A,N/A,N/A
FLN,Erro ao buscar dados,-,,,,,,,,N/A,N/A,N/A
FLNG,Erro ao buscar dados,-,,,,,,,,N/A,N/A,N/A
FLNT,Erro ao buscar dados,-,,,,,,,,N/A,N/A,N/A
FLO,Erro ao buscar dados,-,,,,,,,,N/A,N/A,N/A
FLOW,Erro ao buscar dados,-,,,,,,,,N/A,N/A,N/A
FLR,Erro ao buscar dados,-,,,,,,,,N/A,N/A,N/A
FLRY3.SA,Erro ao buscar dados,-,,,,,,,,N/A,N/A,N/A
FLS,Erro ao buscar dados,-,,,,,,,,N/A,N/A,N/A
FLT,Erro ao buscar dados,-,,,,,,,,N/A,N/A,N/A
FLUX,Erro ao buscar dados,-,,,,,,,,N/A,N/A,N/A
FLWS,Erro ao buscar dados,-,,,,,,,,N/A,N/A,N/A
FLXN,Erro ao buscar dados,-,,,,,,,,N/A,N/A,N/A
FLXS,Erro ao buscar dados,-,,,,,,,,N/A,N/A,N/A
FLY,Erro ao buscar dados,-,,,,,,,,N/A,N/A,N/A
FMAC,Erro ao buscar dados,-,,,,,,,,N/A,N/A,N/A
FMAC.U,Erro ao buscar dados,-,,,,,,,,N/A,N/A,N/A
FMAC.WS,Erro ao buscar dados,-,,,,,,,,N/A,N/A,N/A
FMAO,Erro ao buscar dados,-,,,,,,,,N/A,N/A,N/A
FMB,Erro ao buscar dados,-,,,,,,,,N/A,N/A,N/A
FMBH,Erro ao buscar dados,-,,,,,,,,N/A,N/A,N/A
FMBI,Erro ao buscar dados,-,,,,,,,,N/A,N/A,N/A
FMBIO,Erro ao buscar dados,-,,,,,,,,N/A,N/A,N/A
FMBIP,Erro ao buscar dados,-,,,,,,,,N/A,N/A,N/A
FMC,Erro ao buscar dados,-,,,,,,,,N/A,N/A,N/A
FMHI,Erro ao buscar dados,-,,,,,,,,N/A,N/A,N/A
FMN,Erro ao buscar dados,-,,,,,,,,N/A,N/A,N/A
FMNB,Erro ao buscar dados,-,,,,,,,,N/A,N/A,N/A
FMO,Erro ao buscar dados,-,,,,,,,,N/A,N/A,N/A
FMS,Erro ao buscar dados,-,,,,,,,,N/A,N/A,N/A
FMTX,Erro ao buscar dados,-,,,,,,,,N/A,N/A,N/A
FMX,Erro ao buscar dados,-,,,,,,,,N/A,N/A,N/A
FMY,Erro ao buscar dados,-,,,,,,,,N/A,N/A,N/A
FN,Erro ao buscar dados,-,,,,,,,,N/A,N/A,N/A
FNB,Erro ao buscar dados,-,,,,,,,,N/A,N/A,N/A
FNB^E,Erro ao buscar dados,-,,,,,,,,N/A,N/A,N/A
FNCB,Erro ao buscar dados,-,,,,,,,,N/A,N/A,N/A
FND,Erro ao buscar dados,-,,,,,,,,N/A,N/A,N/A
FNF,Erro ao buscar dados,-,,,,,,,,N/A,N/A,N/A
FNHC,Erro ao buscar dados,-,,,,,,,,N/A,N/A,N/A
FNK,Erro ao buscar dados,-,,,,,,,,N/A,N/A,N/A
FNKO,Erro ao buscar dados,-,,,,,,,,N/A,N/A,N/A
FIII,Erro ao buscar dados,-,,,,,,,,N/A,N/A,N/A
FIIIU,Erro ao buscar dados,-,,,,,,,,N/A,N/A,N/A
FIIIW,Erro ao buscar dados,-,,,,,,,,N/A,N/A,N/A
FINMU,Erro ao buscar dados,-,,,,,,,,N/A,N/A,N/A
FINS,Erro ao buscar dados,-,,,,,,,,N/A,N/A,N/A
FINV,Erro ao buscar dados,-,,,,,,,,N/A,N/A,N/A
FINX,Erro ao buscar dados,-,,,,,,,,N/A,N/A,N/A
FIS,Erro ao buscar dados,-,,,,,,,,N/A,N/A,N/A
FISI,Erro ao buscar dados,-,,,,,,,,N/A,N/A,N/A
FISV,Erro ao buscar dados,-,,,,,,,,N/A,N/A,N/A
FITB,Erro ao buscar dados,-,,,,,,,,N/A,N/A,N/A
FITBI,Erro ao buscar dados,-,,,,,,,,N/A,N/A,N/A
FITBO,Erro ao buscar dados,-,,,,,,,,N/A,N/A,N/A
FITBP,Erro ao buscar dados,-,,,,,,,,N/A,N/A,N/A
FIV,Erro ao buscar dados,-,,,,,,,,N/A,N/A,N/A
FIVE,Erro ao buscar dados,-,,,,,,,,N/A,N/A,N/A
FIVN,Erro ao buscar dados,-,,,,,,,,N/A,N/A,N/A
FIX,Erro ao buscar dados,-,,,,,,,,N/A,N/A,N/A
FIXD,Erro ao buscar dados,-,,,,,,,,N/A,N/A,N/A
FIXX,Erro ao buscar dados,-,,,,,,,,N/A,N/A,N/A
FIZZ,Erro ao buscar dados,-,,,,,,,,N/A,N/A,N/A
FJP,Erro ao buscar dados,-,,,,,,,,N/A,N/A,N/A
FKU,Erro ao buscar dados,-,,,,,,,,N/A,N/A,N/A
FL,Erro ao buscar dados,-,,,,,,,,N/A,N/A,N/A
FLACU,Erro ao buscar dados,-,,,,,,,,N/A,N/A,N/A
FNLC,Erro ao buscar dados,-,,,,,,,,N/A,N/A,N/A
FNV,Erro ao buscar dados,-,,,,,,,,N/A,N/A,N/A
FNWB,Erro ao buscar dados,-,,,,,,,,N/A,N/A,N/A
FNX,Erro ao buscar dados,-,,,,,,,,N/A,N/A,N/A
FNY,Erro ao buscar dados,-,,,,,,,,N/A,N/A,N/A
FOCS,Erro ao buscar dados,-,,,,,,,,N/A,N/A,N/A
FOE,Erro ao buscar dados,-,,,,,,,,N/A,N/A,N/A
FOF,Erro ao buscar dados,-,,,,,,,,N/A,N/A,N/A
FOLD,Erro ao buscar dados,-,,,,,,,,N/A,N/A,N/A
FONR,Erro ao buscar dados,-,,,,,,,,N/A,N/A,N/A
FOR,Erro ao buscar dados,-,,,,,,,,N/A,N/A,N/A
FORD,Erro ao buscar dados,-,,,,,,,,N/A,N/A,N/A
FORM,Erro ao buscar dados,-,,,,,,,,N/A,N/A,N/A
FORR,Erro ao buscar dados,-,,,,,,,,N/A,N/A,N/A
FORTY,Erro ao buscar dados,-,,,,,,,,N/A,N/A,N/A
FOSL,Erro ao buscar dados,-,,,,,,,,N/A,N/A,N/A
FOUR,Erro ao buscar dados,-,,,,,,,,N/A,N/A,N/A
FOX,Erro ao buscar dados,-,,,,,,,,N/A,N/A,N/A
FOXA,Erro ao buscar dados,-,,,,,,,,N/A,N/A,N/A
FOXF,Erro ao buscar dados,-,,,,,,,,N/A,N/A,N/A
FOXWU,Erro ao buscar dados,-,,,,,,,,N/A,N/A,N/A
FPA,Erro ao buscar dados,-,,,,,,,,N/A,N/A,N/A
FPAC,Erro ao buscar dados,-,,,,,,,,N/A,N/A,N/A
FPAC.U,Erro ao buscar dados,-,,,,,,,,N/A,N/A,N/A
FPAC.WS,Erro ao buscar dados,-,,,,,,,,N/A,N/A,N/A
FPAY,Erro ao buscar dados,-,,,,,,,,N/A,N/A,N/A
FPF,Erro ao buscar dados,-,,,,,,,,N/A,N/A,N/A
FPH,Erro ao buscar dados,-,,,,,,,,N/A,N/A,N/A
FPI,Erro ao buscar dados,-,,,,,,,,N/A,N/A,N/A
FPI^B,Erro ao buscar dados,-,,,,,,,,N/A,N/A,N/A
FPL,Erro ao buscar dados,-,,,,,,,,N/A,N/A,N/A
FPRX,Erro ao buscar dados,-,,,,,,,,N/A,N/A,N/A
FPXE,Erro ao buscar dados,-,,,,,,,,N/A,N/A,N/A
FPXI,Erro ao buscar dados,-,,,,,,,,N/A,N/A,N/A
FR,Erro ao buscar dados,-,,,,,,,,N/A,N/A,N/A
FRA,Erro ao buscar dados,-,,,,,,,,N/A,N/A,N/A
FRAF,Erro ao buscar dados,-,,,,,,,,N/A,N/A,N/A
FRBA,Erro ao buscar dados,-,,,,,,,,N/A,N/A,N/A
FRBK,Erro ao buscar dados,-,,,,,,,,N/A,N/A,N/A
FRC,Erro ao buscar dados,-,,,,,,,,N/A,N/A,N/A
FRC^G,Erro ao buscar dados,-,,,,,,,,N/A,N/A,N/A
FRC^H,Erro ao buscar dados,-,,,,,,,,N/A,N/A,N/A
FRC^I,Erro ao buscar dados,-,,,,,,,,N/A,N/A,N/A
FRC^J,Erro ao buscar dados,-,,,,,,,,N/A,N/A,N/A
FRC^K,Erro ao buscar dados,-,,,,,,,,N/A,N/A,N/A
FREE,Erro ao buscar dados,-,,,,,,,,N/A,N/A,N/A
FREEW,Erro ao buscar dados,-,,,,,,,,N/A,N/A,N/A
FREQ,Erro ao buscar dados,-,,,,,,,,N/A,N/A,N/A
FRG,Erro ao buscar dados,-,,,,,,,,N/A,N/A,N/A
FRGAP,Erro ao buscar dados,-,,,,,,,,N/A,N/A,N/A
FSM,Erro ao buscar dados,-,,,,,,,,N/A,N/A,N/A
FSR,Erro ao buscar dados,-,,,,,,,,N/A,N/A,N/A
FSR.WS,Erro ao buscar dados,-,,,,,,,,N/A,N/A,N/A
FSRV,Erro ao buscar dados,-,,,,,,,,N/A,N/A,N/A
FSRVU,Erro ao buscar dados,-,,,,,,,,N/A,N/A,N/A
FSRVW,Erro ao buscar dados,-,,,,,,,,N/A,N/A,N/A
FSS,Erro ao buscar dados,-,,,,,,,,N/A,N/A,N/A
FST,Erro ao buscar dados,-,,,,,,,,N/A,N/A,N/A
FST.U,Erro ao buscar dados,-,,,,,,,,N/A,N/A,N/A
FST.WS,Erro ao buscar dados,-,,,,,,,,N/A,N/A,N/A
FSTR,Erro ao buscar dados,-,,,,,,,,N/A,N/A,N/A
FSTX,Erro ao buscar dados,-,,,,,,,,N/A,N/A,N/A
FSV,Erro ao buscar dados,-,,,,,,,,N/A,N/A,N/A
FSZ,Erro ao buscar dados,-,,,,,,,,N/A,N/A,N/A
FT,Erro ao buscar dados,-,,,,,,,,N/A,N/A,N/A
FTA,Erro ao buscar dados,-,,,,,,,,N/A,N/A,N/A
FTAG,Erro ao buscar dados,-,,,,,,,,N/A,N/A,N/A
FTAI,Erro ao buscar dados,-,,,,,,,,N/A,N/A,N/A
FTAI^A,Erro ao buscar dados,-,,,,,,,,N/A,N/A,N/A
FTAI^B,Erro ao buscar dados,-,,,,,,,,N/A,N/A,N/A
FTC,Erro ao buscar dados,-,,,,,,,,N/A,N/A,N/A
FTCH,Erro ao buscar dados,-,,,,,,,,N/A,N/A,N/A
FTCS,Erro ao buscar dados,-,,,,,,,,N/A,N/A,N/A
FTCVU,Erro ao buscar dados,-,,,,,,,,N/A,N/A,N/A
FTDR,Erro ao buscar dados,-,,,,,,,,N/A,N/A,N/A
FRGI,Erro ao buscar dados,-,,,,,,,,N/A,N/A,N/A
FRHC,Erro ao buscar dados,-,,,,,,,,N/A,N/A,N/A
FRLN,Erro ao buscar dados,-,,,,,,,,N/A,N/A,N/A
FRME,Erro ao buscar dados,-,,,,,,,,N/A,N/A,N/A
FRO,Erro ao buscar dados,-,,,,,,,,N/A,N/A,N/A
FROG,Erro ao buscar dados,-,,,,,,,,N/A,N/A,N/A
FRPH,Erro ao buscar dados,-,,,,,,,,N/A,N/A,N/A
FRPT,Erro ao buscar dados,-,,,,,,,,N/A,N/A,N/A
FRSX,Erro ao buscar dados,-,,,,,,,,N/A,N/A,N/A
FRT,Erro ao buscar dados,-,,,,,,,,N/A,N/A,N/A
FRTA,Erro ao buscar dados,-,,,,,,,,N/A,N/A,N/A
FRT^C,Erro ao buscar dados,-,,,,,,,,N/A,N/A,N/A
FRX,Erro ao buscar dados,-,,,,,,,,N/A,N/A,N/A
FRX.U,Erro ao buscar dados,-,,,,,,,,N/A,N/A,N/A
FRX.WS,Erro ao buscar dados,-,,,,,,,,N/A,N/A,N/A
FSBW,Erro ao buscar dados,-,,,,,,,,N/A,N/A,N/A
FSD,Erro ao buscar dados,-,,,,,,,,N/A,N/A,N/A
FSDC,Erro ao buscar dados,-,,,,,,,,N/A,N/A,N/A
FSEA,Erro ao buscar dados,-,,,,,,,,N/A,N/A,N/A
FSFG,Erro ao buscar dados,-,,,,,,,,N/A,N/A,N/A
FSK,Erro ao buscar dados,-,,,,,,,,N/A,N/A,N/A
FSKR,Erro ao buscar dados,-,,,,,,,,N/A,N/A,N/A
FSLF,Erro ao buscar dados,-,,,,,,,,N/A,N/A,N/A
FSLR,Erro ao buscar dados,-,,,,,,,,N/A,N/A,N/A
FSLY,Erro ao buscar dados,-,,,,,,,,N/A,N/A,N/A
FTEK,Erro ao buscar dados,-,,,,,,,,N/A,N/A,N/A
FTFT,Erro ao buscar dados,-,,,,,,,,N/A,N/A,N/A
FTGC,Erro ao buscar dados,-,,,,,,,,N/A,N/A,N/A
FTHI,Erro ao buscar dados,-,,,,,,,,N/A,N/A,N/A
FTHM,Erro ao buscar dados,-,,,,,,,,N/A,N/A,N/A
FTHY,Erro ao buscar dados,-,,,,,,,,N/A,N/A,N/A
FTI,Erro ao buscar dados,-,,,,,,,,N/A,N/A,N/A
FTIV,Erro ao buscar dados,-,,,,,,,,N/A,N/A,N/A
FTIVU,Erro ao buscar dados,-,,,,,,,,N/A,N/A,N/A
FTIVW,Erro ao buscar dados,-,,,,,,,,N/A,N/A,N/A
FTK,Erro ao buscar dados,-,,,,,,,,N/A,N/A,N/A
FTLB,Erro ao buscar dados,-,,,,,,,,N/A,N/A,N/A
FTNT,Erro ao buscar dados,-,,,,,,,,N/A,N/A,N/A
FTOC,Erro ao buscar dados,-,,,,,,,,N/A,N/A,N/A
FTOCU,Erro ao buscar dados,-,,,,,,,,N/A,N/A,N/A
FTOCW,Erro ao buscar dados,-,,,,,,,,N/A,N/A,N/A
FTRI,Erro ao buscar dados,-,,,,,,,,N/A,N/A,N/A
FTS,Erro ao buscar dados,-,,,,,,,,N/A,N/A,N/A
FTSL,Erro ao buscar dados,-,,,,,,,,N/A,N/A,N/A
FTSM,Erro ao buscar dados,-,,,,,,,,N/A,N/A,N/A
FTV,Erro ao buscar dados,-,,,,,,,,N/A,N/A,N/A
FTV^A,Erro ao buscar dados,-,,,,,,,,N/A,N/A,N/A
FTXD,Erro ao buscar dados,-,,,,,,,,N/A,N/A,N/A
FTXG,Erro ao buscar dados,-,,,,,,,,N/A,N/A,N/A
FTXH,Erro ao buscar dados,-,,,,,,,,N/A,N/A,N/A
FTXL,Erro ao buscar dados,-,,,,,,,,N/A,N/A,N/A
FTXN,Erro ao buscar dados,-,,,,,,,,N/A,N/A,N/A
FTXO,Erro ao buscar dados,-,,,,,,,,N/A,N/A,N/A
FTXR,Erro ao buscar dados,-,,,,,,,,N/A,N/A,N/A
FUBO,Erro ao buscar dados,-,,,,,,,,N/A,N/A,N/A
FUL,Erro ao buscar dados,-,,,,,,,,N/A,N/A,N/A
FULC,Erro ao buscar dados,-,,,,,,,,N/A,N/A,N/A
FULT,Erro ao buscar dados,-,,,,,,,,N/A,N/A,N/A
FULTP,Erro ao buscar dados,-,,,,,,,,N/A,N/A,N/A
FUN,Erro ao buscar dados,-,,,,,,,,N/A,N/A,N/A
FUNC,Erro ao buscar dados,-,,,,,,,,N/A,N/A,N/A
FUND,Erro ao buscar dados,-,,,,,,,,N/A,N/A,N/A
FUSB,Erro ao buscar dados,-,,,,,,,,N/A,N/A,N/A
FUSE,Erro ao buscar dados,-,,,,,,,,N/A,N/A,N/A
FUSE.U,Erro ao buscar dados,-,,,,,,,,N/A,N/A,N/A
FUSE.WS,Erro ao buscar dados,-,,,,,,,,N/A,N/A,N/A
FUSN,Erro ao buscar dados,-,,,,,,,,N/A,N/A,N/A
FUTU,Erro ao buscar dados,-,,,,,,,,N/A,N/A,N/A
FUV,Erro ao buscar dados,-,,,,,,,,N/A,N/A,N/A
FV,Erro ao buscar dados,-,,,,,,,,N/A,N/A,N/A
FVAM,Erro ao buscar dados,-,,,,,,,,N/A,N/A,N/A
FVC,Erro ao buscar dados,-,,,,,,,,N/A,N/A,N/A
FVCB,Erro ao buscar dados,-,,,,,,,,N/A,N/A,N/A
FVE,Erro ao buscar dados,-,,,,,,,,N/A,N/A,N/A
FVRR,Erro ao buscar dados,-,,,,,,,,N/A,N/A,N/A
FVT.U,Erro ao buscar dados,-,,,,,,,,N/A,N/A,N/A
FWONA,Erro ao buscar dados,-,,,,,,,,N/A,N/A,N/A
FWONK,Erro ao buscar dados,-,,,,,,,,N/A,N/A,N/A
FWP,Erro ao buscar dados,-,,,,,,,,N/A,N/A,N/A
FWRD,Erro ao buscar dados,-,,,,,,,,N/A,N/A,N/A
FXNC,Erro ao buscar dados,-,,,,,,,,N/A,N/A,N/A
FYC,Erro ao buscar dados,-,,,,,,,,N/A,N/A,N/A
FYT,Erro ao buscar dados,-,,,,,,,,N/A,N/A,N/A
FYX,Erro ao buscar dados,-,,,,,,,,N/A,N/A,N/A
F^B,Erro ao buscar dados,-,,,,,,,,N/A,N/A,N/A
F^C,Erro ao buscar dados,-,,,,,,,,N/A,N/A,N/A
G,Erro ao buscar dados,-,,,,,,,,N/A,N/A,N/A
GAB,Erro ao buscar dados,-,,,,,,,,N/A,N/A,N/A
GABC,Erro ao buscar dados,-,,,,,,,,N/A,N/A,N/A
GAB^G,Erro ao buscar dados,-,,,,,,,,N/A,N/A,N/A
GAB^H,Erro ao buscar dados,-,,,,,,,,N/A,N/A,N/A
GAB^J,Erro ao buscar dados,-,,,,,,,,N/A,N/A,N/A
GAB^K,Erro ao buscar dados,-,,,,,,,,N/A,N/A,N/A
GAIA,Erro ao buscar dados,-,,,,,,,,N/A,N/A,N/A
GAIN,Erro ao buscar dados,-,,,,,,,,N/A,N/A,N/A
GAINL,Erro ao buscar dados,-,,,,,,,,N/A,N/A,N/A
GAINM,Erro ao buscar dados,-,,,,,,,,N/A,N/A,N/A
GALT,Erro ao buscar dados,-,,,,,,,,N/A,N/A,N/A
GAM,Erro ao buscar dados,-,,,,,,,,N/A,N/A,N/A
GAM^B,Erro ao buscar dados,-,,,,,,,,N/A,N/A,N/A
GDDY,Erro ao buscar dados,-,,,,,,,,N/A,N/A,N/A
GDEN,Erro ao buscar dados,-,,,,,,,,N/A,N/A,N/A
GDL,Erro ao buscar dados,-,,,,,,,,N/A,N/A,N/A
GDL^C,Erro ao buscar dados,-,,,,,,,,N/A,N/A,N/A
GDO,Erro ao buscar dados,-,,,,,,,,N/A,N/A,N/A
GDOT,Erro ao buscar dados,-,,,,,,,,N/A,N/A,N/A
GDRX,Erro ao buscar dados,-,,,,,,,,N/A,N/A,N/A
GDS,Erro ao buscar dados,-,,,,,,,,N/A,N/A,N/A
GDV,Erro ao buscar dados,-,,,,,,,,N/A,N/A,N/A
GDV^G,Erro ao buscar dados,-,,,,,,,,N/A,N/A,N/A
GDV^H,Erro ao buscar dados,-,,,,,,,,N/A,N/A,N/A
GDYN,Erro ao buscar dados,-,,,,,,,,N/A,N/A,N/A
GDYNW,Erro ao buscar dados,-,,,,,,,,N/A,N/A,N/A
GE,Erro ao buscar dados,-,,,,,,,,N/A,N/A,N/A
GECC,Erro ao buscar dados,-,,,,,,,,N/A,N/A,N/A
GECCL,Erro ao buscar dados,-,,,,,,,,N/A,N/A,N/A
GECCM,Erro ao buscar dados,-,,,,,,,,N/A,N/A,N/A
GECCN,Erro ao buscar dados,-,,,,,,,,N/A,N/A,N/A
GEF,Erro ao buscar dados,-,,,,,,,,N/A,N/A,N/A
GEF.B,Erro ao buscar dados,-,,,,,,,,N/A,N/A,N/A
GEG,Erro ao buscar dados,-,,,,,,,,N/A,N/A,N/A
GEL,Erro ao buscar dados,-,,,,,,,,N/A,N/A,N/A
GEN,Erro ao buscar dados,-,,,,,,,,N/A,N/A,N/A
GENC,Erro ao buscar dados,-,,,,,,,,N/A,N/A,N/A
GENE,Erro ao buscar dados,-,,,,,,,,N/A,N/A,N/A
GAN,Erro ao buscar dados,-,,,,,,,,N/A,N/A,N/A
GASS,Erro ao buscar dados,-,,,,,,,,N/A,N/A,N/A
GATO,Erro ao buscar dados,-,,,,,,,,N/A,N/A,N/A
GATX,Erro ao buscar dados,-,,,,,,,,N/A,N/A,N/A
GB,Erro ao buscar dados,-,,,,,,,,N/A,N/A,N/A
GB.WS,Erro ao buscar dados,-,,,,,,,,N/A,N/A,N/A
GBAB,Erro ao buscar dados,-,,,,,,,,N/A,N/A,N/A
GBCI,Erro ao buscar dados,-,,,,,,,,N/A,N/A,N/A
GBDC,Erro ao buscar dados,-,,,,,,,,N/A,N/A,N/A
GBIO,Erro ao buscar dados,-,,,,,,,,N/A,N/A,N/A
GBL,Erro ao buscar dados,-,,,,,,,,N/A,N/A,N/A
GBLI,Erro ao buscar dados,-,,,,,,,,N/A,N/A,N/A
GBLIL,Erro ao buscar dados,-,,,,,,,,N/A,N/A,N/A
GBNY,Erro ao buscar dados,-,,,,,,,,N/A,N/A,N/A
GBS,Erro ao buscar dados,-,,,,,,,,N/A,N/A,N/A
GBT,Erro ao buscar dados,-,,,,,,,,N/A,N/A,N/A
GBX,Erro ao buscar dados,-,,,,,,,,N/A,N/A,N/A
GCBC,Erro ao buscar dados,-,,,,,,,,N/A,N/A,N/A
GCI,Erro ao buscar dados,-,,,,,,,,N/A,N/A,N/A
GCMG,Erro ao buscar dados,-,,,,,,,,N/A,N/A,N/A
GCMGW,Erro ao buscar dados,-,,,,,,,,N/A,N/A,N/A
GCO,Erro ao buscar dados,-,,,,,,,,N/A,N/A,N/A
GCP,Erro ao buscar dados,-,,,,,,,,N/A,N/A,N/A
GCV,Erro ao buscar dados,-,,,,,,,,N/A,N/A,N/A
GD,Erro ao buscar dados,-,,,,,,,,N/A,N/A,N/A
GENY,Erro ao buscar dados,-,,,,,,,,N/A,N/A,N/A
GEO,Erro ao buscar dados,-,,,,,,,,N/A,N/A,N/A
GEOS,Erro ao buscar dados,-,,,,,,,,N/A,N/A,N/A
GER,Erro ao buscar dados,-,,,,,,,,N/A,N/A,N/A
GERN,Erro ao buscar dados,-,,,,,,,,N/A,N/A,N/A
GES,Erro ao buscar dados,-,,,,,,,,N/A,N/A,N/A
GEVO,Erro ao buscar dados,-,,,,,,,,N/A,N/A,N/A
GF,Erro ao buscar dados,-,,,,,,,,N/A,N/A,N/A
GFED,Erro ao buscar dados,-,,,,,,,,N/A,N/A,N/A
GFF,Erro ao buscar dados,-,,,,,,,,N/A,N/A,N/A
GFI,Erro ao buscar dados,-,,,,,,,,N/A,N/A,N/A
GFL,Erro ao buscar dados,-,,,,,,,,N/A,N/A,N/A
GFLU,Erro ao buscar dados,-,,,,,,,,N/A,N/A,N/A
GFN,Erro ao buscar dados,-,,,,,,,,N/A,N/A,N/A
GFNCP,Erro ao buscar dados,-,,,,,,,,N/A,N/A,N/A
GFNSZ,Erro ao buscar dados,-,,,,,,,,N/A,N/A,N/A
GFX.U,Erro ao buscar dados,-,,,,,,,,N/A,N/A,N/A
GGAL,Erro ao buscar dados,-,,,,,,,,N/A,N/A,N/A
GGB,Erro ao buscar dados,-,,,,,,,,N/A,N/A,N/A
GGBR4.SA,Erro ao buscar dados,-,,,,,,,,N/A,N/A,N/A
GGG,Erro ao buscar dados,-,,,,,,,,N/A,N/A,N/A
GGM,Erro ao buscar dados,-,,,,,,,,N/A,N/A,N/A
GGT,Erro ao buscar dados,-,,,,,,,,N/A,N/A,N/A
GGT^E,Erro ao buscar dados,-,,,,,,,,N/A,N/A,N/A
GGT^G,Erro ao buscar dados,-,,,,,,,,N/A,N/A,N/A
GGZ,Erro ao buscar dados,-,,,,,,,,N/A,N/A,N/A
GGZ^A,Erro ao buscar dados,-,,,,,,,,N/A,N/A,N/A
GH,Erro ao buscar dados,-,,,,,,,,N/A,N/A,N/A
GHC,Erro ao buscar dados,-,,,,,,,,N/A,N/A,N/A
GHG,Erro ao buscar dados,-,,,,,,,,N/A,N/A,N/A
GHL,Erro ao buscar dados,-,,,,,,,,N/A,N/A,N/A
GHLD,Erro ao buscar dados,-,,,,,,,,N/A,N/A,N/A
GHM,Erro ao buscar dados,-,,,,,,,,N/A,N/A,N/A
GHSI,Erro ao buscar dados,-,,,,,,,,N/A,N/A,N/A
GHVIU,Erro ao buscar dados,-,,,,,,,,N/A,N/A,N/A
GHY,Erro ao buscar dados,-,,,,,,,,N/A,N/A,N/A
GIB,Erro ao buscar dados,-,,,,,,,,N/A,N/A,N/A
GIFI,Erro ao buscar dados,-,,,,,,,,N/A,N/A,N/A
GIGE,Erro ao buscar dados,-,,,,,,,,N/A,N/A,N/A
GIGM,Erro ao buscar dados,-,,,,,,,,N/A,N/A,N/A
GIII,Erro ao buscar dados,-,,,,,,,,N/A,N/A,N/A
GIK,Erro ao buscar dados,-,,,,,,,,N/A,N/A,N/A
GIK.U,Erro ao buscar dados,-,,,,,,,,N/A,N/A,N/A
GIK.WS,Erro ao buscar dados,-,,,,,,,,N/A,N/A,N/A
GIL,Erro ao buscar dados,-,,,,,,,,N/A,N/A,N/A
GILD,Erro ao buscar dados,-,,,,,,,,N/A,N/A,N/A
GILT,Erro ao buscar dados,-,,,,,,,,N/A,N/A,N/A
GIM,Erro ao buscar dados,-,,,,,,,,N/A,N/A,N/A
GIS,Erro ao buscar dados,-,,,,,,,,N/A,N/A,N/A
GIX,Erro ao buscar dados,-,,,,,,,,N/A,N/A,N/A
GIX.U,Erro ao buscar dados,-,,,,,,,,N/A,N/A,N/A
GIX.WS,Erro ao buscar dados,-,,,,,,,,N/A,N/A,N/A
GIX~,Erro ao buscar dados,-,,,,,,,,N/A,N/A,N/A
GJH,Erro ao buscar dados,-,,,,,,,,N/A,N/A,N/A
GJO,Erro ao buscar dados,-,,,,,,,,N/A,N/A,N/A
GJP,Erro ao buscar dados,-,,,,,,,,N/A,N/A,N/A
GJR,Erro ao buscar dados,-,,,,,,,,N/A,N/A,N/A
GJS,Erro ao buscar dados,-,,,,,,,,N/A,N/A,N/A
GJT,Erro ao buscar dados,-,,,,,,,,N/A,N/A,N/A
GKOS,Erro ao buscar dados,-,,,,,,,,N/A,N/A,N/A
GL,Erro ao buscar dados,-,,,,,,,,N/A,N/A,N/A
GLAD,Erro ao buscar dados,-,,,,,,,,N/A,N/A,N/A
GLADL,Erro ao buscar dados,-,,,,,,,,N/A,N/A,N/A
GLAQU,Erro ao buscar dados,-,,,,,,,,N/A,N/A,N/A
GLBS,Erro ao buscar dados,-,,,,,,,,N/A,N/A,N/A
GLBZ,Erro ao buscar dados,-,,,,,,,,N/A,N/A,N/A
GLDD,Erro ao buscar dados,-,,,,,,,,N/A,N/A,N/A
GLDI,Erro ao buscar dados,-,,,,,,,,N/A,N/A,N/A
GLEO,Erro ao buscar dados,-,,,,,,,,N/A,N/A,N/A
GLEO.U,Erro ao buscar dados,-,,,,,,,,N/A,N/A,N/A
GLEO.WS,Erro ao buscar dados,-,,,,,,,,N/A,N/A,N/A
GLG,Erro ao buscar dados,-,,,,,,,,N/A,N/A,N/A
GLMD,Erro ao buscar dados,-,,,,,,,,N/A,N/A,N/A
GLNG,Erro ao buscar dados,-,,,,,,,,N/A,N/A,N/A
GLOB,Erro ao buscar dados,-,,,,,,,,N/A,N/A,N/A
GLOG,Erro ao buscar dados,-,,,,,,,,N/A,N/A,N/A
GLOG^A,Erro ao buscar dados,-,,,,,,,,N/A,N/A,N/A
GLOP,Erro ao buscar dados,-,,,,,,,,N/A,N/A,N/A
GLOP^A,Erro ao buscar dados,-,,,,,,,,N/A,N/A,N/A
GLOP^B,Erro ao buscar dados,-,,,,,,,,N/A,N/A,N/A
GLOP^C,Erro ao buscar dados,-,,,,,,,,N/A,N/A,N/A
GLP,Erro ao buscar dados,-,,,,,,,,N/A,N/A,N/A
GLPG,Erro ao buscar dados,-,,,,,,,,N/A,N/A,N/A
GLPI,Erro ao buscar dados,-,,,,,,,,N/A,N/A,N/A
GLP^A,Erro ao buscar dados,-,,,,,,,,N/A,N/A,N/A
GLRE,Erro ao buscar dados,-,,,,,,,,N/A,N/A,N/A
GLSI,Erro ao buscar dados,-,,,,,,,,N/A,N/A,N/A
GLT,Erro ao buscar dados,-,,,,,,,,N/A,N/A,N/A
GLTO,Erro ao buscar dados,-,,,,,,,,N/A,N/A,N/A
GLUU,Erro ao buscar dados,-,,,,,,,,N/A,N/A,N/A
GLW,Erro ao buscar dados,-,,,,,,,,N/A,N/A,N/A
GLYC,Erro ao buscar dados,-,,,,,,,,N/A,N/A,N/A
GL^C,Erro ao buscar dados,-,,,,,,,,N/A,N/A,N/A
GM,Erro ao buscar dados,-,,,,,,,,N/A,N/A,N/A
GMAB,Erro ao buscar dados,-,,,,,,,,N/A,N/A,N/A
GMBL,Erro ao buscar dados,-,,,,,,,,N/A,N/A,N/A
GMBLW,Erro ao buscar dados,-,,,,,,,,N/A,N/A,N/A
GMBTU,Erro ao buscar dados,-,,,,,,,,N/A,N/A,N/A
GMDA,Erro ao buscar dados,-,,,,,,,,N/A,N/A,N/A
GME,Erro ao buscar dados,-,,,,,,,,N/A,N/A,N/A
GMED,Erro ao buscar dados,-,,,,,,,,N/A,N/A,N/A
GMIIU,Erro ao buscar dados,-,,,,,,,,N/A,N/A,N/A
GMLP,Erro ao buscar dados,-,,,,,,,,N/A,N/A,N/A
GMLPP,Erro ao buscar dados,-,,,,,,,,N/A,N/A,N/A
GMRE,Erro ao buscar dados,-,,,,,,,,N/A,N/A,N/A
GMRE^A,Erro ao buscar dados,-,,,,,,,,N/A,N/A,N/A
GMS,Erro ao buscar dados,-,,,,,,,,N/A,N/A,N/A
GMTA,Erro ao buscar dados,-,,,,,,,,N/A,N/A,N/A
GMVD,Erro ao buscar dados,-,,,,,,,,N/A,N/A,N/A
GNACU,Erro ao buscar dados,-,,,,,,,,N/A,N/A,N/A
GNCA,Erro ao buscar dados,-,,,,,,,,N/A,N/A,N/A
GNE,Erro ao buscar dados,-,,,,,,,,N/A,N/A,N/A
GNE^A,Erro ao buscar dados,-,,,,,,,,N/A,N/A,N/A
GNFT,Erro ao buscar dados,-,,,,,,,,N/A,N/A,N/A
GNK,Erro ao buscar dados,-,,,,,,,,N/A,N/A,N/A
GNL,Erro ao buscar dados,-,,,,,,,,N/A,N/A,N/A
GNLN,Erro ao buscar dados,-,,,,,,,,N/A,N/A,N/A
GNL^A,Erro ao buscar dados,-,,,,,,,,N/A,N/A,N/A
GNL^B,Erro ao buscar dados,-,,,,,,,,N/A,N/A,N/A
GNMA,Erro ao buscar dados,-,,,,,,,,N/A,N/A,N/A
GNMK,Erro ao buscar dados,-,,,,,,,,N/A,N/A,N/A
GNOG,Erro ao buscar dados,-,,,,,,,,N/A,N/A,N/A
GNOGW,Erro ao buscar dados,-,,,,,,,,N/A,N/A,N/A
GNOM,Erro ao buscar dados,-,,,,,,,,N/A,N/A,N/A
GNPK,Erro ao buscar dados,-,,,,,,,,N/A,N/A,N/A
GOL,Erro ao buscar dados,-,,,,,,,,N/A,N/A,N/A
GOLD,Erro ao buscar dados,-,,,,,,,,N/A,N/A,N/A
GOLF,Erro ao buscar dados,-,,,,,,,,N/A,N/A,N/A
GOOD,Erro ao buscar dados,-,,,,,,,,N/A,N/A,N/A
GOODM,Erro ao buscar dados,-,,,,,,,,N/A,N/A,N/A
GOODN,Erro ao buscar dados,-,,,,,,,,N/A,N/A,N/A
GOOG,Erro ao buscar dados,-,,,,,,,,N/A,N/A,N/A
GOOGL,Erro ao buscar dados,-,,,,,,,,N/A,N/A,N/A
GOOS,Erro ao buscar dados,-,,,,,,,,N/A,N/A,N/A
GOSS,Erro ao buscar dados,-,,,,,,,,N/A,N/A,N/A
GOVX,Erro ao buscar dados,-,,,,,,,,N/A,N/A,N/A
GOVXW,Erro ao buscar dados,-,,,,,,,,N/A,N/A,N/A
GP,Erro ao buscar dados,-,,,,,,,,N/A,N/A,N/A
GPACU,Erro ao buscar dados,-,,,,,,,,N/A,N/A,N/A
GPC,Erro ao buscar dados,-,,,,,,,,N/A,N/A,N/A
GPI,Erro ao buscar dados,-,,,,,,,,N/A,N/A,N/A
GPJA,Erro ao buscar dados,-,,,,,,,,N/A,N/A,N/A
GPK,Erro ao buscar dados,-,,,,,,,,N/A,N/A,N/A
GPM,Erro ao buscar dados,-,,,,,,,,N/A,N/A,N/A
GPMT,Erro ao buscar dados,-,,,,,,,,N/A,N/A,N/A
GPN,Erro ao buscar dados,-,,,,,,,,N/A,N/A,N/A
GPP,Erro ao buscar dados,-,,,,,,,,N/A,N/A,N/A
GPRE,Erro ao buscar dados,-,,,,,,,,N/A,N/A,N/A
GPRK,Erro ao buscar dados,-,,,,,,,,N/A,N/A,N/A
GPRO,Erro ao buscar dados,-,,,,,,,,N/A,N/A,N/A
GNPK.U,Erro ao buscar dados,-,,,,,,,,N/A,N/A,N/A
GNPK.WS,Erro ao buscar dados,-,,,,,,,,N/A,N/A,N/A
GNPX,Erro ao buscar dados,-,,,,,,,,N/A,N/A,N/A
GNRC,Erro ao buscar dados,-,,,,,,,,N/A,N/A,N/A
GNRS,Erro ao buscar dados,-,,,,,,,,N/A,N/A,N/A
GNRSU,Erro ao buscar dados,-,,,,,,,,N/A,N/A,N/A
GNRSW,Erro ao buscar dados,-,,,,,,,,N/A,N/A,N/A
GNSS,Erro ao buscar dados,-,,,,,,,,N/A,N/A,N/A
GNT,Erro ao buscar dados,-,,,,,,,,N/A,N/A,N/A
GNTX,Erro ao buscar dados,-,,,,,,,,N/A,N/A,N/A
GNTY,Erro ao buscar dados,-,,,,,,,,N/A,N/A,N/A
GNT^A,Erro ao buscar dados,-,,,,,,,,N/A,N/A,N/A
GNUS,Erro ao buscar dados,-,,,,,,,,N/A,N/A,N/A
GNW,Erro ao buscar dados,-,,,,,,,,N/A,N/A,N/A
GO,Erro ao buscar dados,-,,,,,,,,N/A,N/A,N/A
GOAC,Erro ao buscar dados,-,,,,,,,,N/A,N/A,N/A
GOAC.U,Erro ao buscar dados,-,,,,,,,,N/A,N/A,N/A
GOAC.WS,Erro ao buscar dados,-,,,,,,,,N/A,N/A,N/A
GOAU4.SA,Erro ao buscar dados,-,,,,,,,,N/A,N/A,N/A
GOCO,Erro ao buscar dados,-,,,,,,,,N/A,N/A,N/A
GOEV,Erro ao buscar dados,-,,,,,,,,N/A,N/A,N/A
GOEVW,Erro ao buscar dados,-,,,,,,,,N/A,N/A,N/A
GOF,Erro ao buscar dados,-,,,,,,,,N/A,N/A,N/A
GOGL,Erro ao buscar dados,-,,,,,,,,N/A,N/A,N/A
GOGO,Erro ao buscar dados,-,,,,,,,,N/A,N/A,N/A
GPS,Erro ao buscar dados,-,,,,,,,,N/A,N/A,N/A
GPX,Erro ao buscar dados,-,,,,,,,,N/A,N/A,N/A
GRA,Erro ao buscar dados,-,,,,,,,,N/A,N/A,N/A
GRAY,Erro ao buscar dados,-,,,,,,,,N/A,N/A,N/A
GRBK,Erro ao buscar dados,-,,,,,,,,N/A,N/A,N/A
GRC,Erro ao buscar dados,-,,,,,,,,N/A,N/A,N/A
GRCL,Erro ao buscar dados,-,,,,,,,,N/A,N/A,N/A
GRCY,Erro ao buscar dados,-,,,,,,,,N/A,N/A,N/A
GRCYU,Erro ao buscar dados,-,,,,,,,,N/A,N/A,N/A
GRCYW,Erro ao buscar dados,-,,,,,,,,N/A,N/A,N/A
GRFS,Erro ao buscar dados,-,,,,,,,,N/A,N/A,N/A
GRID,Erro ao buscar dados,-,,,,,,,,N/A,N/A,N/A
GRIL,Erro ao buscar dados,-,,,,,,,,N/A,N/A,N/A
GRIN,Erro ao buscar dados,-,,,,,,,,N/A,N/A,N/A
GRMN,Erro ao buscar dados,-,,,,,,,,N/A,N/A,N/A
GRNQ,Erro ao buscar dados,-,,,,,,,,N/A,N/A,N/A
GRNV,Erro ao buscar dados,-,,,,,,,,N/A,N/A,N/A
GRNVR,Erro ao buscar dados,-,,,,,,,,N/A,N/A,N/A
GRNVU,Erro ao buscar dados,-,,,,,,,,N/A,N/A,N/A
GRNVW,Erro ao buscar dados,-,,,,,,,,N/A,N/A,N/A
GROW,Erro ao buscar dados,-,,,,,,,,N/A,N/A,N/A
GRP.U,Erro ao buscar dados,-,,,,,,,,N/A,N/A,N/A
GRPN,Erro ao buscar dados,-,,,,,,,,N/A,N/A,N/A
GRSV,Erro ao buscar dados,-,,,,,,,,N/A,N/A,N/A
GRSVU,Erro ao buscar dados,-,,,,,,,,N/A,N/A,N/A
GRSVW,Erro ao buscar dados,-,,,,,,,,N/A,N/A,N/A
GRTS,Erro ao buscar dados,-,,,,,,,,N/A,N/A,N/A
GRTX,Erro ao buscar dados,-,,,,,,,,N/A,N/A,N/A
GRUB,Erro ao buscar dados,-,,,,,,,,N/A,N/A,N/A
GRVY,Erro ao buscar dados,-,,,,,,,,N/A,N/A,N/A
GRWG,Erro ao buscar dados,-,,,,,,,,N/A,N/A,N/A
GRX,Erro ao buscar dados,-,,,,,,,,N/A,N/A,N/A
GS,Erro ao buscar dados,-,,,,,,,,N/A,N/A,N/A
GSAH,Erro ao buscar dados,-,,,,,,,,N/A,N/A,N/A
GSAH.U,Erro ao buscar dados,-,,,,,,,,N/A,N/A,N/A
GSAH.WS,Erro ao buscar dados,-,,,,,,,,N/A,N/A,N/A
GSAQU,Erro ao buscar dados,-,,,,,,,,N/A,N/A,N/A
GSBC,Erro ao buscar dados,-,,,,,,,,N/A,N/A,N/A
GSBD,Erro ao buscar dados,-,,,,,,,,N/A,N/A,N/A
GSHD,Erro ao buscar dados,-,,,,,,,,N/A,N/A,N/A
GSIT,Erro ao buscar dados,-,,,,,,,,N/A,N/A,N/A
GSK,Erro ao buscar dados,-,,,,,,,,N/A,N/A,N/A
GSKY,Erro ao buscar dados,-,,,,,,,,N/A,N/A,N/A
GSL,Erro ao buscar dados,-,,,,,,,,N/A,N/A,N/A
GSLD,Erro ao buscar dados,-,,,,,,,,N/A,N/A,N/A
GSL^B,Erro ao buscar dados,-,,,,,,,,N/A,N/A,N/A
GSM,Erro ao buscar dados,-,,,,,,,,N/A,N/A,N/A
GSMG,Erro ao buscar dados,-,,,,,,,,N/A,N/A,N/A
GSMGW,Erro ao buscar dados,-,,,,,,,,N/A,N/A,N/A
GSUM,Erro ao buscar dados,-,,,,,,,,N/A,N/A,N/A
GSX,Erro ao buscar dados,-,,,,,,,,N/A,N/A,N/A
GS^A,Erro ao buscar dados,-,,,,,,,,N/A,N/A,N/A
GS^C,Erro ao buscar dados,-,,,,,,,,N/A,N/A,N/A
GS^D,Erro ao buscar dados,-,,,,,,,,N/A,N/A,N/A
GS^J,Erro ao buscar dados,-,,,,,,,,N/A,N/A,N/A
GS^K,Erro ao buscar dados,-,,,,,,,,N/A,N/A,N/A
GS^N,Erro ao buscar dados,-,,,,,,,,N/A,N/A,N/A
GT,Erro ao buscar dados,-,,,,,,,,N/A,N/A,N/A
GTEC,Erro ao buscar dados,-,,,,,,,,N/A,N/A,N/A
GTES,Erro ao buscar dados,-,,,,,,,,N/A,N/A,N/A
GTH,Erro ao buscar dados,-,,,,,,,,N/A,N/A,N/A
GTHX,Erro ao buscar dados,-,,,,,,,,N/A,N/A,N/A
GTIM,Erro ao buscar dados,-,,,,,,,,N/A,N/A,N/A
GTLS,Erro ao buscar dados,-,,,,,,,,N/A,N/A,N/A
GTN,Erro ao buscar dados,-,,,,,,,,N/A,N/A,N/A
GTN.A,Erro ao buscar dados,-,,,,,,,,N/A,N/A,N/A
GTS,Erro ao buscar dados,-,,,,,,,,N/A,N/A,N/A
GTT,Erro ao buscar dados,-,,,,,,,,N/A,N/A,N/A
GTY,Erro ao buscar dados,-,,,,,,,,N/A,N/A,N/A
GTYH,Erro ao buscar dados,-,,,,,,,,N/A,N/A,N/A
GURE,Erro ao buscar dados,-,,,,,,,,N/A,N/A,N/A
GUT,Erro ao buscar dados,-,,,,,,,,N/A,N/A,N/A
GUT^A,Erro ao buscar dados,-,,,,,,,,N/A,N/A,N/A
GUT^C,Erro ao buscar dados,-,,,,,,,,N/A,N/A,N/A
GVA,Erro ao buscar dados,-,,,,,,,,N/A,N/A,N/A
GVP,Erro ao buscar dados,-,,,,,,,,N/A,N/A,N/A
GWAC,Erro ao buscar dados,-,,,,,,,,N/A,N/A,N/A
GWACW,Erro ao buscar dados,-,,,,,,,,N/A,N/A,N/A
GWB,Erro ao buscar dados,-,,,,,,,,N/A,N/A,N/A
GWGH,Erro ao buscar dados,-,,,,,,,,N/A,N/A,N/A
GWPH,Erro ao buscar dados,-,,,,,,,,N/A,N/A,N/A
GWRE,Erro ao buscar dados,-,,,,,,,,N/A,N/A,N/A
GWRS,Erro ao buscar dados,-,,,,,,,,N/A,N/A,N/A
GWW,Erro ao buscar dados,-,,,,,,,,N/A,N/A,N/A
GXGX,Erro ao buscar dados,-,,,,,,,,N/A,N/A,N/A
GXGXU,Erro ao buscar dados,-,,,,,,,,N/A,N/A,N/A
GXGXW,Erro ao buscar dados,-,,,,,,,,N/A,N/A,N/A
GXTG,Erro ao buscar dados,-,,,,,,,,N/A,N/A,N/A
GYC,Erro ao buscar dados,-,,,,,,,,N/A,N/A,N/A
GYRO,Erro ao buscar dados,-,,,,,,,,N/A,N/A,N/A
H,Erro ao buscar dados,-,,,,,,,,N/A,N/A,N/A
HA,Erro ao buscar dados,-,,,,,,,,N/A,N/A,N/A
HAAC,Erro ao buscar dados,-,,,,,,,,N/A,N/A,N/A
HAACU,Erro ao buscar dados,-,,,,,,,,N/A,N/A,N/A
HAACW,Erro ao buscar dados,-,,,,,,,,N/A,N/A,N/A
HAE,Erro ao buscar dados,-,,,,,,,,N/A,N/A,N/A
HAFC,Erro ao buscar dados,-,,,,,,,,N/A,N/A,N/A
HAIN,Erro ao buscar dados,-,,,,,,,,N/A,N/A,N/A
HAL,Erro ao buscar dados,-,,,,,,,,N/A,N/A,N/A
HALL,Erro ao buscar dados,-,,,,,,,,N/A,N/A,N/A
HALO,Erro ao buscar dados,-,,,,,,,,N/A,N/A,N/A
HAPP,Erro ao buscar dados,-,,,,,,,,N/A,N/A,N/A
HAPV3.SA,Erro ao buscar dados,-,,,,,,,,N/A,N/A,N/A
HARP,Erro ao buscar dados,-,,,,,,,,N/A,N/A,N/A
HAS,Erro ao buscar dados,-,,,,,,,,N/A,N/A,N/A
HASI,Erro ao buscar dados,-,,,,,,,,N/A,N/A,N/A
HAYN,Erro ao buscar dados,-,,,,,,,,N/A,N/A,N/A
HBAN,Erro ao buscar dados,-,,,,,,,,N/A,N/A,N/A
HBANN,Erro ao buscar dados,-,,,,,,,,N/A,N/A,N/A
HBANO,Erro ao buscar dados,-,,,,,,,,N/A,N/A,N/A
HBB,Erro ao buscar dados,-,,,,,,,,N/A,N/A,N/A
HBCP,Erro ao buscar dados,-,,,,,,,,N/A,N/A,N/A
HBI,Erro ao buscar dados,-,,,,,,,,N/A,N/A,N/A
HBIO,Erro ao buscar dados,-,,,,,,,,N/A,N/A,N/A
HBM,Erro ao buscar dados,-,,,,,,,,N/A,N/A,N/A
HBMD,Erro ao buscar dados,-,,,,,,,,N/A,N/A,N/A
HBNC,Erro ao buscar dados,-,,,,,,,,N/A,N/A,N/A
HBP,Erro ao buscar dados,-,,,,,,,,N/A,N/A,N/A
HBT,Erro ao buscar dados,-,,,,,,,,N/A,N/A,N/A
HCA,Erro ao buscar dados,-,,,,,,,,N/A,N/A,N/A
HCAP,Erro ao buscar dados,-,,,,,,,,N/A,N/A,N/A
HCAPZ,Erro ao buscar dados,-,,,,,,,,N/A,N/A,N/A
HCAR,Erro ao buscar dados,-,,,,,,,,N/A,N/A,N/A
HCARU,Erro ao buscar dados,-,,,,,,,,N/A,N/A,N/A
HCARW,Erro ao buscar dados,-,,,,,,,,N/A,N/A,N/A
HCAT,Erro ao buscar dados,-,,,,,,,,N/A,N/A,N/A
HCC,Erro ao buscar dados,-,,,,,,,,N/A,N/A,N/A
HCCCU,Erro ao buscar dados,-,,,,,,,,N/A,N/A,N/A
HCCI,Erro ao buscar dados,-,,,,,,,,N/A,N/A,N/A
HCDI,Erro ao buscar dados,-,,,,,,,,N/A,N/A,N/A
HCHC,Erro ao buscar dados,-,,,,,,,,N/A,N/A,N/A
HCI,Erro ao buscar dados,-,,,,,,,,N/A,N/A,N/A
HCICU,Erro ao buscar dados,-,,,,,,,,N/A,N/A,N/A
HCIIU,Erro ao buscar dados,-,,,,,,,,N/A,N/A,N/A
HCKT,Erro ao buscar dados,-,,,,,,,,N/A,N/A,N/A
HCM,Erro ao buscar dados,-,,,,,,,,N/A,N/A,N/A
HCSG,Erro ao buscar dados,-,,,,,,,,N/A,N/A,N/A
HCXY,Erro ao buscar dados,-,,,,,,,,N/A,N/A,N/A
HCXZ,Erro ao buscar dados,-,,,,,,,,N/A,N/A,N/A
HD,Erro ao buscar dados,-,,,,,,,,N/A,N/A,N/A
HDB,Erro ao buscar dados,-,,,,,,,,N/A,N/A,N/A
HDFC,Erro ao buscar dados,-,,,,,,,,N/A,N/A,N/A
HDSN,Erro ao buscar dados,-,,,,,,,,N/A,N/A,N/A
HE,Erro ao buscar dados,-,,,,,,,,N/A,N/A,N/A
HEAR,Erro ao buscar dados,-,,,,,,,,N/A,N/A,N/A
HEC,Erro ao buscar dados,-,,,,,,,,N/A,N/A,N/A
HECCU,Erro ao buscar dados,-,,,,,,,,N/A,N/A,N/A
HECCW,Erro ao buscar dados,-,,,,,,,,N/A,N/A,N/A
HEES,Erro ao buscar dados,-,,,,,,,,N/A,N/A,N/A
HEI,Erro ao buscar dados,-,,,,,,,,N/A,N/A,N/A
HHR,Erro ao buscar dados,-,,,,,,,,N/A,N/A,N/A
HI,Erro ao buscar dados,-,,,,,,,,N/A,N/A,N/A
HIBB,Erro ao buscar dados,-,,,,,,,,N/A,N/A,N/A
HIE,Erro ao buscar dados,-,,,,,,,,N/A,N/A,N/A
HIFS,Erro ao buscar dados,-,,,,,,,,N/A,N/A,N/A
HIG,Erro ao buscar dados,-,,,,,,,,N/A,N/A,N/A
HIGA,Erro ao buscar dados,-,,,,,,,,N/A,N/A,N/A
HIGA.U,Erro ao buscar dados,-,,,,,,,,N/A,N/A,N/A
HIGA.WS,Erro ao buscar dados,-,,,,,,,,N/A,N/A,N/A
HIG^G,Erro ao buscar dados,-,,,,,,,,N/A,N/A,N/A
HIHO,Erro ao buscar dados,-,,,,,,,,N/A,N/A,N/A
HII,Erro ao buscar dados,-,,,,,,,,N/A,N/A,N/A
HIL,Erro ao buscar dados,-,,,,,,,,N/A,N/A,N/A
HIMS,Erro ao buscar dados,-,,,,,,,,N/A,N/A,N/A
HIMS.WS,Erro ao buscar dados,-,,,,,,,,N/A,N/A,N/A
HIMX,Erro ao buscar dados,-,,,,,,,,N/A,N/A,N/A
HIO,Erro ao buscar dados,-,,,,,,,,N/A,N/A,N/A
HIW,Erro ao buscar dados,-,,,,,,,,N/A,N/A,N/A
HIX,Erro ao buscar dados,-,,,,,,,,N/A,N/A,N/A
HJLI,Erro ao buscar dados,-,,,,,,,,N/A,N/A,N/A
HJLIW,Erro ao buscar dados,-,,,,,,,,N/A,N/A,N/A
HKIB,Erro ao buscar dados,-,,,,,,,,N/A,N/A,N/A
HL,Erro ao buscar dados,-,,,,,,,,N/A,N/A,N/A
HLAHU,Erro ao buscar dados,-,,,,,,,,N/A,N/A,N/A
HLAL,Erro ao buscar dados,-,,,,,,,,N/A,N/A,N/A
HEI.A,Erro ao buscar dados,-,,,,,,,,N/A,N/A,N/A
HELE,Erro ao buscar dados,-,,,,,,,,N/A,N/A,N/A
HEP,Erro ao buscar dados,-,,,,,,,,N/A,N/A,N/A
HEPA,Erro ao buscar dados,-,,,,,,,,N/A,N/A,N/A
HEQ,Erro ao buscar dados,-,,,,,,,,N/A,N/A,N/A
HERD,Erro ao buscar dados,-,,,,,,,,N/A,N/A,N/A
HERO,Erro ao buscar dados,-,,,,,,,,N/A,N/A,N/A
HES,Erro ao buscar dados,-,,,,,,,,N/A,N/A,N/A
HESM,Erro ao buscar dados,-,,,,,,,,N/A,N/A,N/A
HEWG,Erro ao buscar dados,-,,,,,,,,N/A,N/A,N/A
HEXO,Erro ao buscar dados,-,,,,,,,,N/A,N/A,N/A
HFBL,Erro ao buscar dados,-,,,,,,,,N/A,N/A,N/A
HFC,Erro ao buscar dados,-,,,,,,,,N/A,N/A,N/A
HFEN,Erro ao buscar dados,-,,,,,,,,N/A,N/A,N/A
HFFG,Erro ao buscar dados,-,,,,,,,,N/A,N/A,N/A
HFRO,Erro ao buscar dados,-,,,,,,,,N/A,N/A,N/A
HFRO^A,Erro ao buscar dados,-,,,,,,,,N/A,N/A,N/A
HFWA,Erro ao buscar dados,-,,,,,,,,N/A,N/A,N/A
HGBL,Erro ao buscar dados,-,,,,,,,,N/A,N/A,N/A
HGEN,Erro ao buscar dados,-,,,,,,,,N/A,N/A,N/A
HGH,Erro ao buscar dados,-,,,,,,,,N/A,N/A,N/A
HGLB,Erro ao buscar dados,-,,,,,,,,N/A,N/A,N/A
HGSH,Erro ao buscar dados,-,,,,,,,,N/A,N/A,N/A
HGV,Erro ao buscar dados,-,,,,,,,,N/A,N/A,N/A
HHC,Erro ao buscar dados,-,,,,,,,,N/A,N/A,N/A
HLF,Erro ao buscar dados,-,,,,,,,,N/A,N/A,N/A
HLG,Erro ao buscar dados,-,,,,,,,,N/A,N/A,N/A
HLI,Erro ao buscar dados,-,,,,,,,,N/A,N/A,N/A
HLIO,Erro ao buscar dados,-,,,,,,,,N/A,N/A,N/A
HLIT,Erro ao buscar dados,-,,,,,,,,N/A,N/A,N/A
HLNE,Erro ao buscar dados,-,,,,,,,,N/A,N/A,N/A
HLT,Erro ao buscar dados,-,,,,,,,,N/A,N/A,N/A
HLX,Erro ao buscar dados,-,,,,,,,,N/A,N/A,N/A
HLXA,Erro ao buscar dados,-,,,,,,,,N/A,N/A,N/A
HL^B,Erro ao buscar dados,-,,,,,,,,N/A,N/A,N/A
HMC,Erro ao buscar dados,-,,,,,,,,N/A,N/A,N/A
HMCOU,Erro ao buscar dados,-,,,,,,,,N/A,N/A,N/A
HMHC,Erro ao buscar dados,-,,,,,,,,N/A,N/A,N/A
HMI,Erro ao buscar dados,-,,,,,,,,N/A,N/A,N/A
HMLP,Erro ao buscar dados,-,,,,,,,,N/A,N/A,N/A
HMLP^A,Erro ao buscar dados,-,,,,,,,,N/A,N/A,N/A
HMN,Erro ao buscar dados,-,,,,,,,,N/A,N/A,N/A
HMNF,Erro ao buscar dados,-,,,,,,,,N/A,N/A,N/A
HMST,Erro ao buscar dados,-,,,,,,,,N/A,N/A,N/A
HMSY,Erro ao buscar dados,-,,,,,,,,N/A,N/A,N/A
HMTV,Erro ao buscar dados,-,,,,,,,,N/A,N/A,N/A
HMY,Erro ao buscar dados,-,,,,,,,,N/A,N/A,N/A
HNDL,Erro ao buscar dados,-,,,,,,,,N/A,N/A,N/A
HNGR,Erro ao buscar dados,-,,,,,,,,N/A,N/A,N/A
HNI,Erro ao buscar dados,-,,,,,,,,N/A,N/A,N/A
HNNA,Erro ao buscar dados,-,,,,,,,,N/A,N/A,N/A
HNP,Erro ao buscar dados,-,,,,,,,,N/A,N/A,N/A
HNRG,Erro ao buscar dados,-,,,,,,,,N/A,N/A,N/A
HOFT,Erro ao buscar dados,-,,,,,,,,N/A,N/A,N/A
HOFV,Erro ao buscar dados,-,,,,,,,,N/A,N/A,N/A
HOFVW,Erro ao buscar dados,-,,,,,,,,N/A,N/A,N/A
HOG,Erro ao buscar dados,-,,,,,,,,N/A,N/A,N/A
HOL,Erro ao buscar dados,-,,,,,,,,N/A,N/A,N/A
HOLI,Erro ao buscar dados,-,,,,,,,,N/A,N/A,N/A
HOLUU,Erro ao buscar dados,-,,,,,,,,N/A,N/A,N/A
HOLUW,Erro ao buscar dados,-,,,,,,,,N/A,N/A,N/A
HOLX,Erro ao buscar dados,-,,,,,,,,N/A,N/A,N/A
HOMB,Erro ao buscar dados,-,,,,,,,,N/A,N/A,N/A
HOME,Erro ao buscar dados,-,,,,,,,,N/A,N/A,N/A
HON,Erro ao buscar dados,-,,,,,,,,N/A,N/A,N/A
HONE,Erro ao buscar dados,-,,,,,,,,N/A,N/A,N/A
HOOK,Erro ao buscar dados,-,,,,,,,,N/A,N/A,N/A
HOPE,Erro ao buscar dados,-,,,,,,,,N/A,N/A,N/A
HOTH,Erro ao buscar dados,-,,,,,,,,N/A,N/A,N/A
HOV,Erro ao buscar dados,-,,,,,,,,N/A,N/A,N/A
HOVNP,Erro ao buscar dados,-,,,,,,,,N/A,N/A,N/A
HP,Erro ao buscar dados,-,,,,,,,,N/A,N/A,N/A
HPE,Erro ao buscar dados,-,,,,,,,,N/A,N/A,N/A
HPF,Erro ao buscar dados,-,,,,,,,,N/A,N/A,N/A
HPI,Erro ao buscar dados,-,,,,,,,,N/A,N/A,N/A
HTOO,Erro ao buscar dados,-,,,,,,,,N/A,N/A,N/A
HTOOW,Erro ao buscar dados,-,,,,,,,,N/A,N/A,N/A
HTPA.U,Erro ao buscar dados,-,,,,,,,,N/A,N/A,N/A
HTY,Erro ao buscar dados,-,,,,,,,,N/A,N/A,N/A
HT^C,Erro ao buscar dados,-,,,,,,,,N/A,N/A,N/A
HT^D,Erro ao buscar dados,-,,,,,,,,N/A,N/A,N/A
HT^E,Erro ao buscar dados,-,,,,,,,,N/A,N/A,N/A
HUBB,Erro ao buscar dados,-,,,,,,,,N/A,N/A,N/A
HUBG,Erro ao buscar dados,-,,,,,,,,N/A,N/A,N/A
HUBS,Erro ao buscar dados,-,,,,,,,,N/A,N/A,N/A
HUDI,Erro ao buscar dados,-,,,,,,,,N/A,N/A,N/A
HUGE,Erro ao buscar dados,-,,,,,,,,N/A,N/A,N/A
HUIZ,Erro ao buscar dados,-,,,,,,,,N/A,N/A,N/A
HUM,Erro ao buscar dados,-,,,,,,,,N/A,N/A,N/A
HUN,Erro ao buscar dados,-,,,,,,,,N/A,N/A,N/A
HURC,Erro ao buscar dados,-,,,,,,,,N/A,N/A,N/A
HURN,Erro ao buscar dados,-,,,,,,,,N/A,N/A,N/A
HUSN,Erro ao buscar dados,-,,,,,,,,N/A,N/A,N/A
HUYA,Erro ao buscar dados,-,,,,,,,,N/A,N/A,N/A
HVBC,Erro ao buscar dados,-,,,,,,,,N/A,N/A,N/A
HVT,Erro ao buscar dados,-,,,,,,,,N/A,N/A,N/A
HVT.A,Erro ao buscar dados,-,,,,,,,,N/A,N/A,N/A
HWBK,Erro ao buscar dados,-,,,,,,,,N/A,N/A,N/A
HWC,Erro ao buscar dados,-,,,,,,,,N/A,N/A,N/A
HWCC,Erro ao buscar dados,-,,,,,,,,N/A,N/A,N/A
HPK,Erro ao buscar dados,-,,,,,,,,N/A,N/A,N/A
HPKEW,Erro ao buscar dados,-,,,,,,,,N/A,N/A,N/A
HPP,Erro ao buscar dados,-,,,,,,,,N/A,N/A,N/A
HPQ,Erro ao buscar dados,-,,,,,,,,N/A,N/A,N/A
HPR,Erro ao buscar dados,-,,,,,,,,N/A,N/A,N/A
HPS,Erro ao buscar dados,-,,,,,,,,N/A,N/A,N/A
HPX,Erro ao buscar dados,-,,,,,,,,N/A,N/A,N/A
HPX.U,Erro ao buscar dados,-,,,,,,,,N/A,N/A,N/A
HPX.WS,Erro ao buscar dados,-,,,,,,,,N/A,N/A,N/A
HQH,Erro ao buscar dados,-,,,,,,,,N/A,N/A,N/A
HQI,Erro ao buscar dados,-,,,,,,,,N/A,N/A,N/A
HQL,Erro ao buscar dados,-,,,,,,,,N/A,N/A,N/A
HQY,Erro ao buscar dados,-,,,,,,,,N/A,N/A,N/A
HR,Erro ao buscar dados,-,,,,,,,,N/A,N/A,N/A
HRB,Erro ao buscar dados,-,,,,,,,,N/A,N/A,N/A
HRC,Erro ao buscar dados,-,,,,,,,,N/A,N/A,N/A
HRI,Erro ao buscar dados,-,,,,,,,,N/A,N/A,N/A
HRL,Erro ao buscar dados,-,,,,,,,,N/A,N/A,N/A
HRMY,Erro ao buscar dados,-,,,,,,,,N/A,N/A,N/A
HROW,Erro ao buscar dados,-,,,,,,,,N/A,N/A,N/A
HRTG,Erro ao buscar dados,-,,,,,,,,N/A,N/A,N/A
HRTX,Erro ao buscar dados,-,,,,,,,,N/A,N/A,N/A
HRZN,Erro ao buscar dados,-,,,,,,,,N/A,N/A,N/A
HSAQ,Erro ao buscar dados,-,,,,,,,,N/A,N/A,N/A
HSBC,Erro ao buscar dados,-,,,,,,,,N/A,N/A,N/A
HSC,Erro ao buscar dados,-,,,,,,,,N/A,N/A,N/A
HSDT,Erro ao buscar dados,-,,,,,,,,N/A,N/A,N/A
HSIC,Erro ao buscar dados,-,,,,,,,,N/A,N/A,N/A
HSII,Erro ao buscar dados,-,,,,,,,,N/A,N/A,N/A
HSKA,Erro ao buscar dados,-,,,,,,,,N/A,N/A,N/A
HSON,Erro ao buscar dados,-,,,,,,,,N/A,N/A,N/A
HST,Erro ao buscar dados,-,,,,,,,,N/A,N/A,N/A
HSTM,Erro ao buscar dados,-,,,,,,,,N/A,N/A,N/A
HSTO,Erro ao buscar dados,-,,,,,,,,N/A,N/A,N/A
HSY,Erro ao buscar dados,-,,,,,,,,N/A,N/A,N/A
HT,Erro ao buscar dados,-,,,,,,,,N/A,N/A,N/A
HTA,Erro ao buscar dados,-,,,,,,,,N/A,N/A,N/A
HTBI,Erro ao buscar dados,-,,,,,,,,N/A,N/A,N/A
HTBK,Erro ao buscar dados,-,,,,,,,,N/A,N/A,N/A
HTBX,Erro ao buscar dados,-,,,,,,,,N/A,N/A,N/A
HTD,Erro ao buscar dados,-,,,,,,,,N/A,N/A,N/A
HTFA,Erro ao buscar dados,-,,,,,,,,N/A,N/A,N/A
HTGC,Erro ao buscar dados,-,,,,,,,,N/A,N/A,N/A
HTGM,Erro ao buscar dados,-,,,,,,,,N/A,N/A,N/A
HTH,Erro ao buscar dados,-,,,,,,,,N/A,N/A,N/A
HTHT,Erro ao buscar dados,-,,,,,,,,N/A,N/A,N/A
HTIA,Erro ao buscar dados,-,,,,,,,,N/A,N/A,N/A
HTLD,Erro ao buscar dados,-,,,,,,,,N/A,N/A,N/A
HTLF,Erro ao buscar dados,-,,,,,,,,N/A,N/A,N/A
HTLFP,Erro ao buscar dados,-,,,,,,,,N/A,N/A,N/A
HWCPL,Erro ao buscar dados,-,,,,,,,,N/A,N/A,N/A
HWCPZ,Erro ao buscar dados,-,,,,,,,,N/A,N/A,N/A
HWKN,Erro ao buscar dados,-,,,,,,,,N/A,N/A,N/A
HWM,Erro ao buscar dados,-,,,,,,,,N/A,N/A,N/A
HX,Erro ao buscar dados,-,,,,,,,,N/A,N/A,N/A
HXL,Erro ao buscar dados,-,,,,,,,,N/A,N/A,N/A
HY,Erro ao buscar dados,-,,,,,,,,N/A,N/A,N/A
HYB,Erro ao buscar dados,-,,,,,,,,N/A,N/A,N/A
HYFM,Erro ao buscar dados,-,,,,,,,,N/A,N/A,N/A
HYI,Erro ao buscar dados,-,,,,,,,,N/A,N/A,N/A
HYLN,Erro ao buscar dados,-,,,,,,,,N/A,N/A,N/A
HYLS,Erro ao buscar dados,-,,,,,,,,N/A,N/A,N/A
HYMC,Erro ao buscar dados,-,,,,,,,,N/A,N/A,N/A
HYMCW,Erro ao buscar dados,-,,,,,,,,N/A,N/A,N/A
HYMCZ,Erro ao buscar dados,-,,,,,,,,N/A,N/A,N/A
HYPE3.SA,Erro ao buscar dados,-,,,,,,,,N/A,N/A,N/A
HYRE,Erro ao buscar dados,-,,,,,,,,N/A,N/A,N/A
HYT,Erro ao buscar dados,-,,,,,,,,N/A,N/A,N/A
HYXF,Erro ao buscar dados,-,,,,,,,,N/A,N/A,N/A
HYZD,Erro ao buscar dados,-,,,,,,,,N/A,N/A,N/A
HZAC,Erro ao buscar dados,-,,,,,,,,N/A,N/A,N/A
HZAC.U,Erro ao buscar dados,-,,,,,,,,N/A,N/A,N/A
HZAC.WS,Erro ao buscar dados,-,,,,,,,,N/A,N/A,N/A
HZN,Erro ao buscar dados,-,,,,,,,,N/A,N/A,N/A
HZNP,Erro ao buscar dados,-,,,,,,,,N/A,N/A,N/A
HZO,Erro ao buscar dados,-,,,,,,,,N/A,N/A,N/A
HZON,Erro ao buscar dados,-,,,,,,,,N/A,N/A,N/A
HZON.U,Erro ao buscar dados,-,,,,,,,,N/A,N/A,N/A
HZON.WS,Erro ao buscar dados,-,,,,,,,,N/A,N/A,N/A
IAA,Erro ao buscar dados,-,,,,,,,,N/A,N/A,N/A
IAC,Erro ao buscar dados,-,,,,,,,,N/A,N/A,N/A
IACA,Erro ao buscar dados,-,,,,,,,,N/A,N/A,N/A
IACA.U,Erro ao buscar dados,-,,,,,,,,N/A,N/A,N/A
IACA.WS,Erro ao buscar dados,-,,,,,,,,N/A,N/A,N/A
IAE,Erro ao buscar dados,-,,,,,,,,N/A,N/A,N/A
IAG,Erro ao buscar dados,-,,,,,,,,N/A,N/A,N/A
IART,Erro ao buscar dados,-,,,,,,,,N/A,N/A,N/A
IBA,Erro ao buscar dados,-,,,,,,,,N/A,N/A,N/A
IBB,Erro ao buscar dados,-,,,,,,,,N/A,N/A,N/A
IBBJ,Erro ao buscar dados,-,,,,,,,,N/A,N/A,N/A
IBCP,Erro ao buscar dados,-,,,,,,,,N/A,N/A,N/A
IBEX,Erro ao buscar dados,-,,,,,,,,N/A,N/A,N/A
IBKR,Erro ao buscar dados,-,,,,,,,,N/A,N/A,N/A
IBM,Erro ao buscar dados,-,,,,,,,,N/A,N/A,N/A
IBN,Erro ao buscar dados,-,,,,,,,,N/A,N/A,N/A
IBOC,Erro ao buscar dados,-,,,,,,,,N/A,N/A,N/A
IBP,Erro ao buscar dados,-,,,,,,,,N/A,N/A,N/A
IBTA,Erro ao buscar dados,-,,,,,,,,N/A,N/A,N/A
IBTB,Erro ao buscar dados,-,,,,,,,,N/A,N/A,N/A
IBTD,Erro ao buscar dados,-,,,,,,,,N/A,N/A,N/A
IDA,Erro ao buscar dados,-,,,,,,,,N/A,N/A,N/A
IDCC,Erro ao buscar dados,-,,,,,,,,N/A,N/A,N/A
IDE,Erro ao buscar dados,-,,,,,,,,N/A,N/A,N/A
IDEX,Erro ao buscar dados,-,,,,,,,,N/A,N/A,N/A
IDLB,Erro ao buscar dados,-,,,,,,,,N/A,N/A,N/A
IDN,Erro ao buscar dados,-,,,,,,,,N/A,N/A,N/A
IDRA,Erro ao buscar dados,-,,,,,,,,N/A,N/A,N/A
IDT,Erro ao buscar dados,-,,,,,,,,N/A,N/A,N/A
IDXG,Erro ao buscar dados,-,,,,,,,,N/A,N/A,N/A
IDXX,Erro ao buscar dados,-,,,,,,,,N/A,N/A,N/A
IDYA,Erro ao buscar dados,-,,,,,,,,N/A,N/A,N/A
IEA,Erro ao buscar dados,-,,,,,,,,N/A,N/A,N/A
IEAWW,Erro ao buscar dados,-,,,,,,,,N/A,N/A,N/A
IEC,Erro ao buscar dados,-,,,,,,,,N/A,N/A,N/A
IEF,Erro ao buscar dados,-,,,,,,,,N/A,N/A,N/A
IEI,Erro ao buscar dados,-,,,,,,,,N/A,N/A,N/A
IEP,Erro ao buscar dados,-,,,,,,,,N/A,N/A,N/A
IESC,Erro ao buscar dados,-,,,,,,,,N/A,N/A,N/A
IEUS,Erro ao buscar dados,-,,,,,,,,N/A,N/A,N/A
IEX,Erro ao buscar dados,-,,,,,,,,N/A,N/A,N/A
IFF,Erro ao buscar dados,-,,,,,,,,N/A,N/A,N/A
IFFT,Erro ao buscar dados,-,,,,,,,,N/A,N/A,N/A
IFGL,Erro ao buscar dados,-,,,,,,,,N/A,N/A,N/A
IFMK,Erro ao buscar dados,-,,,,,,,,N/A,N/A,N/A
IFN,Erro ao buscar dados,-,,,,,,,,N/A,N/A,N/A
IBTE,Erro ao buscar dados,-,,,,,,,,N/A,N/A,N/A
IBTF,Erro ao buscar dados,-,,,,,,,,N/A,N/A,N/A
IBTG,Erro ao buscar dados,-,,,,,,,,N/A,N/A,N/A
IBTH,Erro ao buscar dados,-,,,,,,,,N/A,N/A,N/A
IBTI,Erro ao buscar dados,-,,,,,,,,N/A,N/A,N/A
IBTJ,Erro ao buscar dados,-,,,,,,,,N/A,N/A,N/A
IBTK,Erro ao buscar dados,-,,,,,,,,N/A,N/A,N/A
IBTX,Erro ao buscar dados,-,,,,,,,,N/A,N/A,N/A
IBUY,Erro ao buscar dados,-,,,,,,,,N/A,N/A,N/A
ICAD,Erro ao buscar dados,-,,,,,,,,N/A,N/A,N/A
ICBK,Erro ao buscar dados,-,,,,,,,,N/A,N/A,N/A
ICCC,Erro ao buscar dados,-,,,,,,,,N/A,N/A,N/A
ICCH,Erro ao buscar dados,-,,,,,,,,N/A,N/A,N/A
ICD,Erro ao buscar dados,-,,,,,,,,N/A,N/A,N/A
ICE,Erro ao buscar dados,-,,,,,,,,N/A,N/A,N/A
ICFI,Erro ao buscar dados,-,,,,,,,,N/A,N/A,N/A
ICHR,Erro ao buscar dados,-,,,,,,,,N/A,N/A,N/A
ICL,Erro ao buscar dados,-,,,,,,,,N/A,N/A,N/A
ICLK,Erro ao buscar dados,-,,,,,,,,N/A,N/A,N/A
ICLN,Erro ao buscar dados,-,,,,,,,,N/A,N/A,N/A
ICLR,Erro ao buscar dados,-,,,,,,,,N/A,N/A,N/A
ICMB,Erro ao buscar dados,-,,,,,,,,N/A,N/A,N/A
ICON,Erro ao buscar dados,-,,,,,,,,N/A,N/A,N/A
ICPT,Erro ao buscar dados,-,,,,,,,,N/A,N/A,N/A
ICUI,Erro ao buscar dados,-,,,,,,,,N/A,N/A,N/A
IHTA,Erro ao buscar dados,-,,,,,,,,N/A,N/A,N/A
IHYF,Erro ao buscar dados,-,,,,,,,,N/A,N/A,N/A
IIAC,Erro ao buscar dados,-,,,,,,,,N/A,N/A,N/A
IIAC.U,Erro ao buscar dados,-,,,,,,,,N/A,N/A,N/A
IIAC.WS,Erro ao buscar dados,-,,,,,,,,N/A,N/A,N/A
IID,Erro ao buscar dados,-,,,,,,,,N/A,N/A,N/A
IIF,Erro ao buscar dados,-,,,,,,,,N/A,N/A,N/A
III,Erro ao buscar dados,-,,,,,,,,N/A,N/A,N/A
IIIIU,Erro ao buscar dados,-,,,,,,,,N/A,N/A,N/A
IIIN,Erro ao buscar dados,-,,,,,,,,N/A,N/A,N/A
IIIV,Erro ao buscar dados,-,,,,,,,,N/A,N/A,N/A
IIM,Erro ao buscar dados,-,,,,,,,,N/A,N/A,N/A
IIN,Erro ao buscar dados,-,,,,,,,,N/A,N/A,N/A
IIPR,Erro ao buscar dados,-,,,,,,,,N/A,N/A,N/A
IIPR^A,Erro ao buscar dados,-,,,,,,,,N/A,N/A,N/A
IIVI,Erro ao buscar dados,-,,,,,,,,N/A,N/A,N/A
IIVIP,Erro ao buscar dados,-,,,,,,,,N/A,N/A,N/A
IJT,Erro ao buscar dados,-,,,,,,,,N/A,N/A,N/A
IKNX,Erro ao buscar dados,-,,,,,,,,N/A,N/A,N/A
IKT,Erro ao buscar dados,-,,,,,,,,N/A,N/A,N/A
ILMN,Erro ao buscar dados,-,,,,,,,,N/A,N/A,N/A
ILPT,Erro ao buscar dados,-,,,,,,,,N/A,N/A,N/A
IMAB,Erro ao buscar dados,-,,,,,,,,N/A,N/A,N/A
IMAC,Erro ao buscar dados,-,,,,,,,,N/A,N/A,N/A
IMACW,Erro ao buscar dados,-,,,,,,,,N/A,N/A,N/A
IFRX,Erro ao buscar dados,-,,,,,,,,N/A,N/A,N/A
IFS,Erro ao buscar dados,-,,,,,,,,N/A,N/A,N/A
IFV,Erro ao buscar dados,-,,,,,,,,N/A,N/A,N/A
IGA,Erro ao buscar dados,-,,,,,,,,N/A,N/A,N/A
IGAC,Erro ao buscar dados,-,,,,,,,,N/A,N/A,N/A
IGACU,Erro ao buscar dados,-,,,,,,,,N/A,N/A,N/A
IGACW,Erro ao buscar dados,-,,,,,,,,N/A,N/A,N/A
IGD,Erro ao buscar dados,-,,,,,,,,N/A,N/A,N/A
IGF,Erro ao buscar dados,-,,,,,,,,N/A,N/A,N/A
IGI,Erro ao buscar dados,-,,,,,,,,N/A,N/A,N/A
IGIB,Erro ao buscar dados,-,,,,,,,,N/A,N/A,N/A
IGIC,Erro ao buscar dados,-,,,,,,,,N/A,N/A,N/A
IGICW,Erro ao buscar dados,-,,,,,,,,N/A,N/A,N/A
IGMS,Erro ao buscar dados,-,,,,,,,,N/A,N/A,N/A
IGOV,Erro ao buscar dados,-,,,,,,,,N/A,N/A,N/A
IGR,Erro ao buscar dados,-,,,,,,,,N/A,N/A,N/A
IGSB,Erro ao buscar dados,-,,,,,,,,N/A,N/A,N/A
IGT,Erro ao buscar dados,-,,,,,,,,N/A,N/A,N/A
IGTI11.SA,Erro ao buscar dados,-,,,,,,,,N/A,N/A,N/A
IH,Erro ao buscar dados,-,,,,,,,,N/A,N/A,N/A
IHC,Erro ao buscar dados,-,,,,,,,,N/A,N/A,N/A
IHD,Erro ao buscar dados,-,,,,,,,,N/A,N/A,N/A
IHG,Erro ao buscar dados,-,,,,,,,,N/A,N/A,N/A
IHIT,Erro ao buscar dados,-,,,,,,,,N/A,N/A,N/A
IHRT,Erro ao buscar dados,-,,,,,,,,N/A,N/A,N/A
IMAX,Erro ao buscar dados,-,,,,,,,,N/A,N/A,N/A
IMBI,Erro ao buscar dados,-,,,,,,,,N/A,N/A,N/A
IMGN,Erro ao buscar dados,-,,,,,,,,N/A,N/A,N/A
IMKTA,Erro ao buscar dados,-,,,,,,,,N/A,N/A,N/A
IMMP,Erro ao buscar dados,-,,,,,,,,N/A,N/A,N/A
IMMR,Erro ao buscar dados,-,,,,,,,,N/A,N/A,N/A
IMNM,Erro ao buscar dados,-,,,,,,,,N/A,N/A,N/A
IMOS,Erro ao buscar dados,-,,,,,,,,N/A,N/A,N/A
IMPX,Erro ao buscar dados,-,,,,,,,,N/A,N/A,N/A
IMPX.U,Erro ao buscar dados,-,,,,,,,,N/A,N/A,N/A
IMPX.WS,Erro ao buscar dados,-,,,,,,,,N/A,N/A,N/A
IMRA,Erro ao buscar dados,-,,,,,,,,N/A,N/A,N/A
IMRN,Erro ao buscar dados,-,,,,,,,,N/A,N/A,N/A
IMRNW,Erro ao buscar dados,-,,,,,,,,N/A,N/A,N/A
IMTE,Erro ao buscar dados,-,,,,,,,,N/A,N/A,N/A
IMTX,Erro ao buscar dados,-,,,,,,,,N/A,N/A,N/A
IMTXW,Erro ao buscar dados,-,,,,,,,,N/A,N/A,N/A
IMUX,Erro ao buscar dados,-,,,,,,,,N/A,N/A,N/A
IMV,Erro ao buscar dados,-,,,,,,,,N/A,N/A,N/A
IMVT,Erro ao buscar dados,-,,,,,,,,N/A,N/A,N/A
IMXI,Erro ao buscar dados,-,,,,,,,,N/A,N/A,N/A
INAQ,Erro ao buscar dados,-,,,,,,,,N/A,N/A,N/A
INAQU,Erro ao buscar dados,-,,,,,,,,N/A,N/A,N/A
INAQW,Erro ao buscar dados,-,,,,,,,,N/A,N/A,N/A
INBK,Erro ao buscar dados,-,,,,,,,,N/A,N/A,N/A
INBKL,Erro ao buscar dados,-,,,,,,,,N/A,N/A,N/A
INBKZ,Erro ao buscar dados,-,,,,,,,,N/A,N/A,N/A
INBX,Erro ao buscar dados,-,,,,,,,,N/A,N/A,N/A
INCY,Erro ao buscar dados,-,,,,,,,,N/A,N/A,N/A
INDB,Erro ao buscar dados,-,,,,,,,,N/A,N/A,N/A
INDT,Erro ao buscar dados,-,,,,,,,,N/A,N/A,N/A
INDY,Erro ao buscar dados,-,,,,,,,,N/A,N/A,N/A
INFI,Erro ao buscar dados,-,,,,,,,,N/A,N/A,N/A
INFN,Erro ao buscar dados,-,,,,,,,,N/A,N/A,N/A
INFO,Erro ao buscar dados,-,,,,,,,,N/A,N/A,N/A
INFR,Erro ao buscar dados,-,,,,,,,,N/A,N/A,N/A
INFY,Erro ao buscar dados,-,,,,,,,,N/A,N/A,N/A
ING,Erro ao buscar dados,-,,,,,,,,N/A,N/A,N/A
INGN,Erro ao buscar dados,-,,,,,,,,N/A,N/A,N/A
INGR,Erro ao buscar dados,-,,,,,,,,N/A,N/A,N/A
INKAU,Erro ao buscar dados,-,,,,,,,,N/A,N/A,N/A
INM,Erro ao buscar dados,-,,,,,,,,N/A,N/A,N/A
INMB,Erro ao buscar dados,-,,,,,,,,N/A,N/A,N/A
INMD,Erro ao buscar dados,-,,,,,,,,N/A,N/A,N/A
INN,Erro ao buscar dados,-,,,,,,,,N/A,N/A,N/A
INN^D,Erro ao buscar dados,-,,,,,,,,N/A,N/A,N/A
INN^E,Erro ao buscar dados,-,,,,,,,,N/A,N/A,N/A
INO,Erro ao buscar dados,-,,,,,,,,N/A,N/A,N/A
INOD,Erro ao buscar dados,-,,,,,,,,N/A,N/A,N/A
INOV,Erro ao buscar dados,-,,,,,,,,N/A,N/A,N/A
INPX,Erro ao buscar dados,-,,,,,,,,N/A,N/A,N/A
INSE,Erro ao buscar dados,-,,,,,,,,N/A,N/A,N/A
INSG,Erro ao buscar dados,-,,,,,,,,N/A,N/A,N/A
INSI,Erro ao buscar dados,-,,,,,,,,N/A,N/A,N/A
INSM,Erro ao buscar dados,-,,,,,,,,N/A,N/A,N/A
INSP,Erro ao buscar dados,-,,,,,,,,N/A,N/A,N/A
INSW,Erro ao buscar dados,-,,,,,,,,N/A,N/A,N/A
INSW^A,Erro ao buscar dados,-,,,,,,,,N/A,N/A,N/A
INT,Erro ao buscar dados,-,,,,,,,,N/A,N/A,N/A
INTC,Erro ao buscar dados,-,,,,,,,,N/A,N/A,N/A
INTG,Erro ao buscar dados,-,,,,,,,,N/A,N/A,N/A
INTU,Erro ao buscar dados,-,,,,,,,,N/A,N/A,N/A
INTZ,Erro ao buscar dados,-,,,,,,,,N/A,N/A,N/A
INVA,Erro ao buscar dados,-,,,,,,,,N/A,N/A,N/A
INVE,Erro ao buscar dados,-,,,,,,,,N/A,N/A,N/A
INVH,Erro ao buscar dados,-,,,,,,,,N/A,N/A,N/A
INVO,Erro ao buscar dados,-,,,,,,,,N/A,N/A,N/A
INZY,Erro ao buscar dados,-,,,,,,,,N/A,N/A,N/A
IO,Erro ao buscar dados,-,,,,,,,,N/A,N/A,N/A
IONS,Erro ao buscar dados,-,,,,,,,,N/A,N/A,N/A
IOSP,Erro ao buscar dados,-,,,,,,,,N/A,N/A,N/A
IOVA,Erro ao buscar dados,-,,,,,,,,N/A,N/A,N/A
IP,Erro ao buscar dados,-,,,,,,,,N/A,N/A,N/A
IPA,Erro ao buscar dados,-,,,,,,,,N/A,N/A,N/A
IPAR,Erro ao buscar dados,-,,,,,,,,N/A,N/A,N/A
IPDN,Erro ao buscar dados,-,,,,,,,,N/A,N/A,N/A
IPG,Erro ao buscar dados,-,,,,,,,,N/A,N/A,N/A
IPGP,Erro ao buscar dados,-,,,,,,,,N/A,N/A,N/A
IPHA,Erro ao buscar dados,-,,,,,,,,N/A,N/A,N/A
IPHI,Erro ao buscar dados,-,,,,,,,,N/A,N/A,N/A
IPI,Erro ao buscar dados,-,,,,,,,,N/A,N/A,N/A
IPKW,Erro ao buscar dados,-,,,,,,,,N/A,N/A,N/A
IPLDP,Erro ao buscar dados,-,,,,,,,,N/A,N/A,N/A
IPOD,Erro ao buscar dados,-,,,,,,,,N/A,N/A,N/A
IPOD.U,Erro ao buscar dados,-,,,,,,,,N/A,N/A,N/A
IPOD.WS,Erro ao buscar dados,-,,,,,,,,N/A,N/A,N/A
IPOE,Erro ao buscar dados,-,,,,,,,,N/A,N/A,N/A
IPOE.U,Erro ao buscar dados,-,,,,,,,,N/A,N/A,N/A
IPOE.WS,Erro ao buscar dados,-,,,,,,,,N/A,N/A,N/A
IPOF,Erro ao buscar dados,-,,,,,,,,N/A,N/A,N/A
IPOF.U,Erro ao buscar dados,-,,,,,,,,N/A,N/A,N/A
IPOF.WS,Erro ao buscar dados,-,,,,,,,,N/A,N/A,N/A
IPV,Erro ao buscar dados,-,,,,,,,,N/A,N/A,N/A
IPV.U,Erro ao buscar dados,-,,,,,,,,N/A,N/A,N/A
IPV.WS,Erro ao buscar dados,-,,,,,,,,N/A,N/A,N/A
IPWR,Erro ao buscar dados,-,,,,,,,,N/A,N/A,N/A
IQ,Erro ao buscar dados,-,,,,,,,,N/A,N/A,N/A
IQI,Erro ao buscar dados,-,,,,,,,,N/A,N/A,N/A
IQV,Erro ao buscar dados,-,,,,,,,,N/A,N/A,N/A
IR,Erro ao buscar dados,-,,,,,,,,N/A,N/A,N/A
IRBR3.SA,Erro ao buscar dados,-,,,,,,,,N/A,N/A,N/A
IRBT,Erro ao buscar dados,-,,,,,,,,N/A,N/A,N/A
IRCP,Erro ao buscar dados,-,,,,,,,,N/A,N/A,N/A
IRDM,Erro ao buscar dados,-,,,,,,,,N/A,N/A,N/A
IRIX,Erro ao buscar dados,-,,,,,,,,N/A,N/A,N/A
IRL,Erro ao buscar dados,-,,,,,,,,N/A,N/A,N/A
IRM,Erro ao buscar dados,-,,,,,,,,N/A,N/A,N/A
IRMD,Erro ao buscar dados,-,,,,,,,,N/A,N/A,N/A
IROQ,Erro ao buscar dados,-,,,,,,,,N/A,N/A,N/A
IRR,Erro ao buscar dados,-,,,,,,,,N/A,N/A,N/A
IRS,Erro ao buscar dados,-,,,,,,,,N/A,N/A,N/A
IRT,Erro ao buscar dados,-,,,,,,,,N/A,N/A,N/A
IRTC,Erro ao buscar dados,-,,,,,,,,N/A,N/A,N/A
IRWD,Erro ao buscar dados,-,,,,,,,,N/A,N/A,N/A
ISBC,Erro ao buscar dados,-,,,,,,,,N/A,N/A,N/A
ISD,Erro ao buscar dados,-,,,,,,,,N/A,N/A,N/A
ISDX,Erro ao buscar dados,-,,,,,,,,N/A,N/A,N/A
ISEE,Erro ao buscar dados,-,,,,,,,,N/A,N/A,N/A
ISEM,Erro ao buscar dados,-,,,,,,,,N/A,N/A,N/A
ISHG,Erro ao buscar dados,-,,,,,,,,N/A,N/A,N/A
ISIG,Erro ao buscar dados,-,,,,,,,,N/A,N/A,N/A
ISNS,Erro ao buscar dados,-,,,,,,,,N/A,N/A,N/A
ISRG,Erro ao buscar dados,-,,,,,,,,N/A,N/A,N/A
ISSC,Erro ao buscar dados,-,,,,,,,,N/A,N/A,N/A
ISTB,Erro ao buscar dados,-,,,,,,,,N/A,N/A,N/A
ISTR,Erro ao buscar dados,-,,,,,,,,N/A,N/A,N/A
ISUN,Erro ao buscar dados,-,,,,,,,,N/A,N/A,N/A
IT,Erro ao buscar dados,-,,,,,,,,N/A,N/A,N/A
ITAC,Erro ao buscar dados,-,,,,,,,,N/A,N/A,N/A
ITACU,Erro ao buscar dados,-,,,,,,,,N/A,N/A,N/A
ITACW,Erro ao buscar dados,-,,,,,,,,N/A,N/A,N/A
ITCB,Erro ao buscar dados,-,,,,,,,,N/A,N/A,N/A
ITCI,Erro ao buscar dados,-,,,,,,,,N/A,N/A,N/A
ITEQ,Erro ao buscar dados,-,,,,,,,,N/A,N/A,N/A
ITGR,Erro ao buscar dados,-,,,,,,,,N/A,N/A,N/A
ITI,Erro ao buscar dados,-,,,,,,,,N/A,N/A,N/A
ITIC,Erro ao buscar dados,-,,,,,,,,N/A,N/A,N/A
ITMR,Erro ao buscar dados,-,,,,,,,,N/A,N/A,N/A
ITOS,Erro ao buscar dados,-,,,,,,,,N/A,N/A,N/A
ITRI,Erro ao buscar dados,-,,,,,,,,N/A,N/A,N/A
ITRM,Erro ao buscar dados,-,,,,,,,,N/A,N/A,N/A
ITRN,Erro ao buscar dados,-,,,,,,,,N/A,N/A,N/A
ITSA4.SA,Erro ao buscar dados,-,,,,,,,,N/A,N/A,N/A
ITT,Erro ao buscar dados,-,,,,,,,,N/A,N/A,N/A
ITUB,Erro ao buscar dados,-,,,,,,,,N/A,N/A,N/A
ITUB4.SA,Erro ao buscar dados,-,,,,,,,,N/A,N/A,N/A
ITW,Erro ao buscar dados,-,,,,,,,,N/A,N/A,N/A
IUS,Erro ao buscar dados,-,,,,,,,,N/A,N/A,N/A
IUSB,Erro ao buscar dados,-,,,,,,,,N/A,N/A,N/A
IUSG,Erro ao buscar dados,-,,,,,,,,N/A,N/A,N/A
IUSS,Erro ao buscar dados,-,,,,,,,,N/A,N/A,N/A
IUSV,Erro ao buscar dados,-,,,,,,,,N/A,N/A,N/A
IVA,Erro ao buscar dados,-,,,,,,,,N/A,N/A,N/A
IVAC,Erro ao buscar dados,-,,,,,,,,N/A,N/A,N/A
IVAN.U,Erro ao buscar dados,-,,,,,,,,N/A,N/A,N/A
IVC,Erro ao buscar dados,-,,,,,,,,N/A,N/A,N/A
IVH,Erro ao buscar dados,-,,,,,,,,N/A,N/A,N/A
IVR,Erro ao buscar dados,-,,,,,,,,N/A,N/A,N/A
IVR^A,Erro ao buscar dados,-,,,,,,,,N/A,N/A,N/A
IVR^B,Erro ao buscar dados,-,,,,,,,,N/A,N/A,N/A
IVR^C,Erro ao buscar dados,-,,,,,,,,N/A,N/A,N/A
IVZ,Erro ao buscar dados,-,,,,,,,,N/A,N/A,N/A
IX,Erro ao buscar dados,-,,,,,,,,N/A,N/A,N/A
IXUS,Erro ao buscar dados,-,,,,,,,,N/A,N/A,N/A
IZEA,Erro ao buscar dados,-,,,,,,,,N/A,N/A,N/A
J,Erro ao buscar dados,-,,,,,,,,N/A,N/A,N/A
JACK,Erro ao buscar dados,-,,,,,,,,N/A,N/A,N/A
JAGX,Erro ao buscar dados,-,,,,,,,,N/A,N/A,N/A
JAKK,Erro ao buscar dados,-,,,,,,,,N/A,N/A,N/A
JAMF,Erro ao buscar dados,-,,,,,,,,N/A,N/A,N/A
JAN,Erro ao buscar dados,-,,,,,,,,N/A,N/A,N/A
JAQCU,Erro ao buscar dados,-,,,,,,,,N/A,N/A,N/A
JAX,Erro ao buscar dados,-,,,,,,,,N/A,N/A,N/A
JAZZ,Erro ao buscar dados,-,,,,,,,,N/A,N/A,N/A
JBGS,Erro ao buscar dados,-,,,,,,,,N/A,N/A,N/A
JBHT,Erro ao buscar dados,-,,,,,,,,N/A,N/A,N/A
JBK,Erro ao buscar dados,-,,,,,,,,N/A,N/A,N/A
JBL,Erro ao buscar dados,-,,,,,,,,N/A,N/A,N/A
JBLU,Erro ao buscar dados,-,,,,,,,,N/A,N/A,N/A
JBSS,Erro ao buscar dados,-,,,,,,,,N/A,N/A,N/A
JBSS3.SA,Erro ao buscar dados,-,,,,,,,,N/A,N/A,N/A
JBT,Erro ao buscar dados,-,,,,,,,,N/A,N/A,N/A
JCE,Erro ao buscar dados,-,,,,,,,,N/A,N/A,N/A
JCI,Erro ao buscar dados,-,,,,,,,,N/A,N/A,N/A
JCICU,Erro ao buscar dados,-,,,,,,,,N/A,N/A,N/A
JCO,Erro ao buscar dados,-,,,,,,,,N/A,N/A,N/A
JCOM,Erro ao buscar dados,-,,,,,,,,N/A,N/A,N/A
JCS,Erro ao buscar dados,-,,,,,,,,N/A,N/A,N/A
JCTCF,Erro ao buscar dados,-,,,,,,,,N/A,N/A,N/A
JD,Erro ao buscar dados,-,,,,,,,,N/A,N/A,N/A
JDD,Erro ao buscar dados,-,,,,,,,,N/A,N/A,N/A
JE,Erro ao buscar dados,-,,,,,,,,N/A,N/A,N/A
JEF,Erro ao buscar dados,-,,,,,,,,N/A,N/A,N/A
JELD,Erro ao buscar dados,-,,,,,,,,N/A,N/A,N/A
JEMD,Erro ao buscar dados,-,,,,,,,,N/A,N/A,N/A
JEQ,Erro ao buscar dados,-,,,,,,,,N/A,N/A,N/A
JFIN,Erro ao buscar dados,-,,,,,,,,N/A,N/A,N/A
JFR,Erro ao buscar dados,-,,,,,,,,N/A,N/A,N/A
JFU,Erro ao buscar dados,-,,,,,,,,N/A,N/A,N/A
JG,Erro ao buscar dados,-,,,,,,,,N/A,N/A,N/A
JGH,Erro ao buscar dados,-,,,,,,,,N/A,N/A,N/A
JHAA,Erro ao buscar dados,-,,,,,,,,N/A,N/A,N/A
JHB,Erro ao buscar dados,-,,,,,,,,N/A,N/A,N/A
JHG,Erro ao buscar dados,-,,,,,,,,N/A,N/A,N/A
JHI,Erro ao buscar dados,-,,,,,,,,N/A,N/A,N/A
JHS,Erro ao buscar dados,-,,,,,,,,N/A,N/A,N/A
JHX,Erro ao buscar dados,-,,,,,,,,N/A,N/A,N/A
JIH,Erro ao buscar dados,-,,,,,,,,N/A,N/A,N/A
JIH.U,Erro ao buscar dados,-,,,,,,,,N/A,N/A,N/A
JIH.WS,Erro ao buscar dados,-,,,,,,,,N/A,N/A,N/A
JILL,Erro ao buscar dados,-,,,,,,,,N/A,N/A,N/A
JJSF,Erro ao buscar dados,-,,,,,,,,N/A,N/A,N/A
JKHY,Erro ao buscar dados,-,,,,,,,,N/A,N/A,N/A
JKI,Erro ao buscar dados,-,,,,,,,,N/A,N/A,N/A
JKS,Erro ao buscar dados,-,,,,,,,,N/A,N/A,N/A
JLL,Erro ao buscar dados,-,,,,,,,,N/A,N/A,N/A
JLS,Erro ao buscar dados,-,,,,,,,,N/A,N/A,N/A
JMIA,Erro ao buscar dados,-,,,,,,,,N/A,N/A,N/A
JMM,Erro ao buscar dados,-,,,,,,,,N/A,N/A,N/A
JMP,Erro ao buscar dados,-,,,,,,,,N/A,N/A,N/A
JMPNL,Erro ao buscar dados,-,,,,,,,,N/A,N/A,N/A
JMPNZ,Erro ao buscar dados,-,,,,,,,,N/A,N/A,N/A
JNCE,Erro ao buscar dados,-,,,,,,,,N/A,N/A,N/A
JNJ,Erro ao buscar dados,-,,,,,,,,N/A,N/A,N/A
JNPR,Erro ao buscar dados,-,,,,,,,,N/A,N/A,N/A
JOBS,Erro ao buscar dados,-,,,,,,,,N/A,N/A,N/A
JOE,Erro ao buscar dados,-,,,,,,,,N/A,N/A,N/A
JOET,Erro ao buscar dados,-,,,,,,,,N/A,N/A,N/A
JOF,Erro ao buscar dados,-,,,,,,,,N/A,N/A,N/A
JOUT,Erro ao buscar dados,-,,,,,,,,N/A,N/A,N/A
JP,Erro ao buscar dados,-,,,,,,,,N/A,N/A,N/A
JPC,Erro ao buscar dados,-,,,,,,,,N/A,N/A,N/A
JPI,Erro ao buscar dados,-,,,,,,,,N/A,N/A,N/A
JPM,Erro ao buscar dados,-,,,,,,,,N/A,N/A,N/A
JPM^C,Erro ao buscar dados,-,,,,,,,,N/A,N/A,N/A
JPM^D,Erro ao buscar dados,-,,,,,,,,N/A,N/A,N/A
JPM^G,Erro ao buscar dados,-,,,,,,,,N/A,N/A,N/A
JPM^H,Erro ao buscar dados,-,,,,,,,,N/A,N/A,N/A
JPM^J,Erro ao buscar dados,-,,,,,,,,N/A,N/A,N/A
JPS,Erro ao buscar dados,-,,,,,,,,N/A,N/A,N/A
JPT,Erro ao buscar dados,-,,,,,,,,N/A,N/A,N/A
JQC,Erro ao buscar dados,-,,,,,,,,N/A,N/A,N/A
JRI,Erro ao buscar dados,-,,,,,,,,N/A,N/A,N/A
JRJC,Erro ao buscar dados,-,,,,,,,,N/A,N/A,N/A
JRO,Erro ao buscar dados,-,,,,,,,,N/A,N/A,N/A
JRS,Erro ao buscar dados,-,,,,,,,,N/A,N/A,N/A
JRSH,Erro ao buscar dados,-,,,,,,,,N/A,N/A,N/A
JRVR,Erro ao buscar dados,-,,,,,,,,N/A,N/A,N/A
JSD,Erro ao buscar dados,-,,,,,,,,N/A,N/A,N/A
JSM,Erro ao buscar dados,-,,,,,,,,N/A,N/A,N/A
JSMD,Erro ao buscar dados,-,,,,,,,,N/A,N/A,N/A
JSML,Erro ao buscar dados,-,,,,,,,,N/A,N/A,N/A
JT,Erro ao buscar dados,-,,,,,,,,N/A,N/A,N/A
JTA,Erro ao buscar dados,-,,,,,,,,N/A,N/A,N/A
JTD,Erro ao buscar dados,-,,,,,,,,N/A,N/A,N/A
JUPW,Erro ao buscar dados,-,,,,,,,,N/A,N/A,N/A
JUPWW,Erro ao buscar dados,-,,,,,,,,N/A,N/A,N/A
JVA,Erro ao buscar dados,-,,,,,,,,N/A,N/A,N/A
JW.A,Erro ao buscar dados,-,,,,,,,,N/A,N/A,N/A
JW.B,Erro ao buscar dados,-,,,,,,,,N/A,N/A,N/A
JWN,Erro ao buscar dados,-,,,,,,,,N/A,N/A,N/A
JWS,Erro ao buscar dados,-,,,,,,,,N/A,N/A,N/A
JWS.U,Erro ao buscar dados,-,,,,,,,,N/A,N/A,N/A
JWS.WS,Erro ao buscar dados,-,,,,,,,,N/A,N/A,N/A
JYAC,Erro ao buscar dados,-,,,,,,,,N/A,N/A,N/A
JYNT,Erro ao buscar dados,-,,,,,,,,N/A,N/A,N/A
K,Erro ao buscar dados,-,,,,,,,,N/A,N/A,N/A
KAI,Erro ao buscar dados,-,,,,,,,,N/A,N/A,N/A
KAIRU,Erro ao buscar dados,-,,,,,,,,N/A,N/A,N/A
KALA,Erro ao buscar dados,-,,,,,,,,N/A,N/A,N/A
KALU,Erro ao buscar dados,-,,,,,,,,N/A,N/A,N/A
KALV,Erro ao buscar dados,-,,,,,,,,N/A,N/A,N/A
KAMN,Erro ao buscar dados,-,,,,,,,,N/A,N/A,N/A
KAR,Erro ao buscar dados,-,,,,,,,,N/A,N/A,N/A
KB,Erro ao buscar dados,-,,,,,,,,N/A,N/A,N/A
KEY,Erro ao buscar dados,-,,,,,,,,N/A,N/A,N/A
KEYS,Erro ao buscar dados,-,,,,,,,,N/A,N/A,N/A
KEY^I,Erro ao buscar dados,-,,,,,,,,N/A,N/A,N/A
KEY^J,Erro ao buscar dados,-,,,,,,,,N/A,N/A,N/A
KEY^K,Erro ao buscar dados,-,,,,,,,,N/A,N/A,N/A
KF,Erro ao buscar dados,-,,,,,,,,N/A,N/A,N/A
KFFB,Erro ao buscar dados,-,,,,,,,,N/A,N/A,N/A
KFRC,Erro ao buscar dados,-,,,,,,,,N/A,N/A,N/A
KFS,Erro ao buscar dados,-,,,,,,,,N/A,N/A,N/A
KFY,Erro ao buscar dados,-,,,,,,,,N/A,N/A,N/A
KGC,Erro ao buscar dados,-,,,,,,,,N/A,N/A,N/A
KHC,Erro ao buscar dados,-,,,,,,,,N/A,N/A,N/A
KIDS,Erro ao buscar dados,-,,,,,,,,N/A,N/A,N/A
KIM,Erro ao buscar dados,-,,,,,,,,N/A,N/A,N/A
KIM^L,Erro ao buscar dados,-,,,,,,,,N/A,N/A,N/A
KIM^M,Erro ao buscar dados,-,,,,,,,,N/A,N/A,N/A
KIN,Erro ao buscar dados,-,,,,,,,,N/A,N/A,N/A
KINS,Erro ao buscar dados,-,,,,,,,,N/A,N/A,N/A
KINZU,Erro ao buscar dados,-,,,,,,,,N/A,N/A,N/A
KIO,Erro ao buscar dados,-,,,,,,,,N/A,N/A,N/A
KIRK,Erro ao buscar dados,-,,,,,,,,N/A,N/A,N/A
KKR,Erro ao buscar dados,-,,,,,,,,N/A,N/A,N/A
KKR^A,Erro ao buscar dados,-,,,,,,,,N/A,N/A,N/A
KKR^B,Erro ao buscar dados,-,,,,,,,,N/A,N/A,N/A
KKR^C,Erro ao buscar dados,-,,,,,,,,N/A,N/A,N/A
KBAL,Erro ao buscar dados,-,,,,,,,,N/A,N/A,N/A
KBH,Erro ao buscar dados,-,,,,,,,,N/A,N/A,N/A
KBNT,Erro ao buscar dados,-,,,,,,,,N/A,N/A,N/A
KBNTW,Erro ao buscar dados,-,,,,,,,,N/A,N/A,N/A
KBR,Erro ao buscar dados,-,,,,,,,,N/A,N/A,N/A
KBSF,Erro ao buscar dados,-,,,,,,,,N/A,N/A,N/A
KBWB,Erro ao buscar dados,-,,,,,,,,N/A,N/A,N/A
KBWD,Erro ao buscar dados,-,,,,,,,,N/A,N/A,N/A
KBWP,Erro ao buscar dados,-,,,,,,,,N/A,N/A,N/A
KBWR,Erro ao buscar dados,-,,,,,,,,N/A,N/A,N/A
KBWY,Erro ao buscar dados,-,,,,,,,,N/A,N/A,N/A
KC,Erro ao buscar dados,-,,,,,,,,N/A,N/A,N/A
KCAPL,Erro ao buscar dados,-,,,,,,,,N/A,N/A,N/A
KDMN,Erro ao buscar dados,-,,,,,,,,N/A,N/A,N/A
KDNY,Erro ao buscar dados,-,,,,,,,,N/A,N/A,N/A
KDP,Erro ao buscar dados,-,,,,,,,,N/A,N/A,N/A
KE,Erro ao buscar dados,-,,,,,,,,N/A,N/A,N/A
KELYA,Erro ao buscar dados,-,,,,,,,,N/A,N/A,N/A
KELYB,Erro ao buscar dados,-,,,,,,,,N/A,N/A,N/A
KEN,Erro ao buscar dados,-,,,,,,,,N/A,N/A,N/A
KEP,Erro ao buscar dados,-,,,,,,,,N/A,N/A,N/A
KEQU,Erro ao buscar dados,-,,,,,,,,N/A,N/A,N/A
KERN,Erro ao buscar dados,-,,,,,,,,N/A,N/A,N/A
KERNW,Erro ao buscar dados,-,,,,,,,,N/A,N/A,N/A
KEX,Erro ao buscar dados,-,,,,,,,,N/A,N/A,N/A
KL,Erro ao buscar dados,-,,,,,,,,N/A,N/A,N/A
KLAC,Erro ao buscar dados,-,,,,,,,,N/A,N/A,N/A
KLAQU,Erro ao buscar dados,-,,,,,,,,N/A,N/A,N/A
KLBN11.SA,Erro ao buscar dados,-,,,,,,,,N/A,N/A,N/A
KLDO,Erro ao buscar dados,-,,,,,,,,N/A,N/A,N/A
KLIC,Erro ao buscar dados,-,,,,,,,,N/A,N/A,N/A
KLXE,Erro ao buscar dados,-,,,,,,,,N/A,N/A,N/A
KMB,Erro ao buscar dados,-,,,,,,,,N/A,N/A,N/A
KMDA,Erro ao buscar dados,-,,,,,,,,N/A,N/A,N/A
KMF,Erro ao buscar dados,-,,,,,,,,N/A,N/A,N/A
KMI,Erro ao buscar dados,-,,,,,,,,N/A,N/A,N/A
KMPH,Erro ao buscar dados,-,,,,,,,,N/A,N/A,N/A
KMPR,Erro ao buscar dados,-,,,,,,,,N/A,N/A,N/A
KMT,Erro ao buscar dados,-,,,,,,,,N/A,N/A,N/A
KMX,Erro ao buscar dados,-,,,,,,,,N/A,N/A,N/A
KN,Erro ao buscar dados,-,,,,,,,,N/A,N/A,N/A
KNDI,Erro ao buscar dados,-,,,,,,,,N/A,N/A,N/A
KNL,Erro ao buscar dados,-,,,,,,,,N/A,N/A,N/A
KNOP,Erro ao buscar dados,-,,,,,,,,N/A,N/A,N/A
KNSA,Erro ao buscar dados,-,,,,,,,,N/A,N/A,N/A
KNSL,Erro ao buscar dados,-,,,,,,,,N/A,N/A,N/A
KNTE,Erro ao buscar dados,-,,,,,,,,N/A,N/A,N/A
KNX,Erro ao buscar dados,-,,,,,,,,N/A,N/A,N/A
KO,Erro ao buscar dados,-,,,,,,,,N/A,N/A,N/A
KOD,Erro ao buscar dados,-,,,,,,,,N/A,N/A,N/A
KODK,Erro ao buscar dados,-,,,,,,,,N/A,N/A,N/A
KOF,Erro ao buscar dados,-,,,,,,,,N/A,N/A,N/A
KOP,Erro ao buscar dados,-,,,,,,,,N/A,N/A,N/A
KOPN,Erro ao buscar dados,-,,,,,,,,N/A,N/A,N/A
KOR,Erro ao buscar dados,-,,,,,,,,N/A,N/A,N/A
KOS,Erro ao buscar dados,-,,,,,,,,N/A,N/A,N/A
KOSS,Erro ao buscar dados,-,,,,,,,,N/A,N/A,N/A
KPTI,Erro ao buscar dados,-,,,,,,,,N/A,N/A,N/A
KR,Erro ao buscar dados,-,,,,,,,,N/A,N/A,N/A
KRA,Erro ao buscar dados,-,,,,,,,,N/A,N/A,N/A
KRBP,Erro ao buscar dados,-,,,,,,,,N/A,N/A,N/A
KRC,Erro ao buscar dados,-,,,,,,,,N/A,N/A,N/A
KREF,Erro ao buscar dados,-,,,,,,,,N/A,N/A,N/A
KRG,Erro ao buscar dados,-,,,,,,,,N/A,N/A,N/A
KRKR,Erro ao buscar dados,-,,,,,,,,N/A,N/A,N/A
KRMA,Erro ao buscar dados,-,,,,,,,,N/A,N/A,N/A
KRMD,Erro ao buscar dados,-,,,,,,,,N/A,N/A,N/A
KRNT,Erro ao buscar dados,-,,,,,,,,N/A,N/A,N/A
KRNY,Erro ao buscar dados,-,,,,,,,,N/A,N/A,N/A
KRO,Erro ao buscar dados,-,,,,,,,,N/A,N/A,N/A
KRON,Erro ao buscar dados,-,,,,,,,,N/A,N/A,N/A
KROS,Erro ao buscar dados,-,,,,,,,,N/A,N/A,N/A
KRP,Erro ao buscar dados,-,,,,,,,,N/A,N/A,N/A
KRTX,Erro ao buscar dados,-,,,,,,,,N/A,N/A,N/A
KRUS,Erro ao buscar dados,-,,,,,,,,N/A,N/A,N/A
KYMR,Erro ao buscar dados,-,,,,,,,,N/A,N/A,N/A
KYN,Erro ao buscar dados,-,,,,,,,,N/A,N/A,N/A
KZIA,Erro ao buscar dados,-,,,,,,,,N/A,N/A,N/A
KZR,Erro ao buscar dados,-,,,,,,,,N/A,N/A,N/A
L,Erro ao buscar dados,-,,,,,,,,N/A,N/A,N/A
LAC,Erro ao buscar dados,-,,,,,,,,N/A,N/A,N/A
LACQ,Erro ao buscar dados,-,,,,,,,,N/A,N/A,N/A
LACQU,Erro ao buscar dados,-,,,,,,,,N/A,N/A,N/A
LACQW,Erro ao buscar dados,-,,,,,,,,N/A,N/A,N/A
LAD,Erro ao buscar dados,-,,,,,,,,N/A,N/A,N/A
LADR,Erro ao buscar dados,-,,,,,,,,N/A,N/A,N/A
LAIX,Erro ao buscar dados,-,,,,,,,,N/A,N/A,N/A
LAKE,Erro ao buscar dados,-,,,,,,,,N/A,N/A,N/A
LAMR,Erro ao buscar dados,-,,,,,,,,N/A,N/A,N/A
LANC,Erro ao buscar dados,-,,,,,,,,N/A,N/A,N/A
LAND,Erro ao buscar dados,-,,,,,,,,N/A,N/A,N/A
LANDO,Erro ao buscar dados,-,,,,,,,,N/A,N/A,N/A
LANDP,Erro ao buscar dados,-,,,,,,,,N/A,N/A,N/A
LARK,Erro ao buscar dados,-,,,,,,,,N/A,N/A,N/A
LASR,Erro ao buscar dados,-,,,,,,,,N/A,N/A,N/A
LATN,Erro ao buscar dados,-,,,,,,,,N/A,N/A,N/A
LATNU,Erro ao buscar dados,-,,,,,,,,N/A,N/A,N/A
LATNW,Erro ao buscar dados,-,,,,,,,,N/A,N/A,N/A
LAUR,Erro ao buscar dados,-,,,,,,,,N/A,N/A,N/A
LAWS,Erro ao buscar dados,-,,,,,,,,N/A,N/A,N/A
LAZ,Erro ao buscar dados,-,,,,,,,,N/A,N/A,N/A
LAZR,Erro ao buscar dados,-,,,,,,,,N/A,N/A,N/A
LAZRW,Erro ao buscar dados,-,,,,,,,,N/A,N/A,N/A
LAZY,Erro ao buscar dados,-,,,,,,,,N/A,N/A,N/A
LB,Erro ao buscar dados,-,,,,,,,,N/A,N/A,N/A
LBAI,Erro ao buscar dados,-,,,,,,,,N/A,N/A,N/A
LBC,Erro ao buscar dados,-,,,,,,,,N/A,N/A,N/A
LBRDA,Erro ao buscar dados,-,,,,,,,,N/A,N/A,N/A
LBRDK,Erro ao buscar dados,-,,,,,,,,N/A,N/A,N/A
LBRDP,Erro ao buscar dados,-,,,,,,,,N/A,N/A,N/A
LBRT,Erro ao buscar dados,-,,,,,,,,N/A,N/A,N/A
LBTYA,Erro ao buscar dados,-,,,,,,,,N/A,N/A,N/A
LBTYB,Erro ao buscar dados,-,,,,,,,,N/A,N/A,N/A
LBTYK,Erro ao buscar dados,-,,,,,,,,N/A,N/A,N/A
LC,Erro ao buscar dados,-,,,,,,,,N/A,N/A,N/A
LCAP,Erro ao buscar dados,-,,,,,,,,N/A,N/A,N/A
LCAPU,Erro ao buscar dados,-,,,,,,,,N/A,N/A,N/A
LCAPW,Erro ao buscar dados,-,,,,,,,,N/A,N/A,N/A
LCI,Erro ao buscar dados,-,,,,,,,,N/A,N/A,N/A
LCII,Erro ao buscar dados,-,,,,,,,,N/A,N/A,N/A
LCNB,Erro ao buscar dados,-,,,,,,,,N/A,N/A,N/A
LCUT,Erro ao buscar dados,-,,,,,,,,N/A,N/A,N/A
LCY,Erro ao buscar dados,-,,,,,,,,N/A,N/A,N/A
LCYAU,Erro ao buscar dados,-,,,,,,,,N/A,N/A,N/A
LCYAW,Erro ao buscar dados,-,,,,,,,,N/A,N/A,N/A
LDEM,Erro ao buscar dados,-,,,,,,,,N/A,N/A,N/A
LDL,Erro ao buscar dados,-,,,,,,,,N/A,N/A,N/A
LDOS,Erro ao buscar dados,-,,,,,,,,N/A,N/A,N/A
LDP,Erro ao buscar dados,-,,,,,,,,N/A,N/A,N/A
LDSF,Erro ao buscar dados,-,,,,,,,,N/A,N/A,N/A
LE,Erro ao buscar dados,-,,,,,,,,N/A,N/A,N/A
LEA,Erro ao buscar dados,-,,,,,,,,N/A,N/A,N/A
LEAF,Erro ao buscar dados,-,,,,,,,,N/A,N/A,N/A
LEAP,Erro ao buscar dados,-,,,,,,,,N/A,N/A,N/A
LEAP.U,Erro ao buscar dados,-,,,,,,,,N/A,N/A,N/A
LEAP.WS,Erro ao buscar dados,-,,,,,,,,N/A,N/A,N/A
LECO,Erro ao buscar dados,-,,,,,,,,N/A,N/A,N/A
LEDS,Erro ao buscar dados,-,,,,,,,,N/A,N/A,N/A
LEE,Erro ao buscar dados,-,,,,,,,,N/A,N/A,N/A
LEG,Erro ao buscar dados,-,,,,,,,,N/A,N/A,N/A
LEGH,Erro ao buscar dados,-,,,,,,,,N/A,N/A,N/A
LEGN,Erro ao buscar dados,-,,,,,,,,N/A,N/A,N/A
LEGOU,Erro ao buscar dados,-,,,,,,,,N/A,N/A,N/A
LEGR,Erro ao buscar dados,-,,,,,,,,N/A,N/A,N/A
LEJU,Erro ao buscar dados,-,,,,,,,,N/A,N/A,N/A
LEN,Erro ao buscar dados,-,,,,,,,,N/A,N/A,N/A
LEN.B,Erro ao buscar dados,-,,,,,,,,N/A,N/A,N/A
LEO,Erro ao buscar dados,-,,,,,,,,N/A,N/A,N/A
LESL,Erro ao buscar dados,-,,,,,,,,N/A,N/A,N/A
LEVI,Erro ao buscar dados,-,,,,,,,,N/A,N/A,N/A
KRYS,Erro ao buscar dados,-,,,,,,,,N/A,N/A,N/A
KSM,Erro ao buscar dados,-,,,,,,,,N/A,N/A,N/A
KSMT,Erro ao buscar dados,-,,,,,,,,N/A,N/A,N/A
KSMTU,Erro ao buscar dados,-,,,,,,,,N/A,N/A,N/A
KSMTW,Erro ao buscar dados,-,,,,,,,,N/A,N/A,N/A
KSPN,Erro ao buscar dados,-,,,,,,,,N/A,N/A,N/A
KSS,Erro ao buscar dados,-,,,,,,,,N/A,N/A,N/A
KSU,Erro ao buscar dados,-,,,,,,,,N/A,N/A,N/A
KSU^,Erro ao buscar dados,-,,,,,,,,N/A,N/A,N/A
KT,Erro ao buscar dados,-,,,,,,,,N/A,N/A,N/A
KTB,Erro ao buscar dados,-,,,,,,,,N/A,N/A,N/A
KTCC,Erro ao buscar dados,-,,,,,,,,N/A,N/A,N/A
KTF,Erro ao buscar dados,-,,,,,,,,N/A,N/A,N/A
KTH,Erro ao buscar dados,-,,,,,,,,N/A,N/A,N/A
KTN,Erro ao buscar dados,-,,,,,,,,N/A,N/A,N/A
KTOS,Erro ao buscar dados,-,,,,,,,,N/A,N/A,N/A
KTRA,Erro ao buscar dados,-,,,,,,,,N/A,N/A,N/A
KUKE,Erro ao buscar dados,-,,,,,,,,N/A,N/A,N/A
KURA,Erro ao buscar dados,-,,,,,,,,N/A,N/A,N/A
KVHI,Erro ao buscar dados,-,,,,,,,,N/A,N/A,N/A
KW,Erro ao buscar dados,-,,,,,,,,N/A,N/A,N/A
KWAC.U,Erro ao buscar dados,-,,,,,,,,N/A,N/A,N/A
KWEB,Erro ao buscar dados,-,,,,,,,,N/A,N/A,N/A
KWR,Erro ao buscar dados,-,,,,,,,,N/A,N/A,N/A
KXIN,Erro ao buscar dados,-,,,,,,,,N/A,N/A,N/A
LEVL,Erro ao buscar dados,-,,,,,,,,N/A,N/A,N/A
LEVLP,Erro ao buscar dados,-,,,,,,,,N/A,N/A,N/A
LEXX,Erro ao buscar dados,-,,,,,,,,N/A,N/A,N/A
LEXXW,Erro ao buscar dados,-,,,,,,,,N/A,N/A,N/A
LFC,Erro ao buscar dados,-,,,,,,,,N/A,N/A,N/A
LFT,Erro ao buscar dados,-,,,,,,,,N/A,N/A,N/A
LFTR,Erro ao buscar dados,-,,,,,,,,N/A,N/A,N/A
LFTRU,Erro ao buscar dados,-,,,,,,,,N/A,N/A,N/A
LFTRW,Erro ao buscar dados,-,,,,,,,,N/A,N/A,N/A
LFUS,Erro ao buscar dados,-,,,,,,,,N/A,N/A,N/A
LFVN,Erro ao buscar dados,-,,,,,,,,N/A,N/A,N/A
LGF.A,Erro ao buscar dados,-,,,,,,,,N/A,N/A,N/A
LGF.B,Erro ao buscar dados,-,,,,,,,,N/A,N/A,N/A
LGHL,Erro ao buscar dados,-,,,,,,,,N/A,N/A,N/A
LGHLW,Erro ao buscar dados,-,,,,,,,,N/A,N/A,N/A
LGI,Erro ao buscar dados,-,,,,,,,,N/A,N/A,N/A
LGIH,Erro ao buscar dados,-,,,,,,,,N/A,N/A,N/A
LGND,Erro ao buscar dados,-,,,,,,,,N/A,N/A,N/A
LGVW,Erro ao buscar dados,-,,,,,,,,N/A,N/A,N/A
LGVW.U,Erro ao buscar dados,-,,,,,,,,N/A,N/A,N/A
LGVW.WS,Erro ao buscar dados,-,,,,,,,,N/A,N/A,N/A
LH,Erro ao buscar dados,-,,,,,,,,N/A,N/A,N/A
LHC.U,Erro ao buscar dados,-,,,,,,,,N/A,N/A,N/A
LHCG,Erro ao buscar dados,-,,,,,,,,N/A,N/A,N/A
LHX,Erro ao buscar dados,-,,,,,,,,N/A,N/A,N/A
LKOR,Erro ao buscar dados,-,,,,,,,,N/A,N/A,N/A
LKQ,Erro ao buscar dados,-,,,,,,,,N/A,N/A,N/A
LL,Erro ao buscar dados,-,,,,,,,,N/A,N/A,N/A
LLIT,Erro ao buscar dados,-,,,,,,,,N/A,N/A,N/A
LLNW,Erro ao buscar dados,-,,,,,,,,N/A,N/A,N/A
LLY,Erro ao buscar dados,-,,,,,,,,N/A,N/A,N/A
LMACU,Erro ao buscar dados,-,,,,,,,,N/A,N/A,N/A
LMAT,Erro ao buscar dados,-,,,,,,,,N/A,N/A,N/A
LMB,Erro ao buscar dados,-,,,,,,,,N/A,N/A,N/A
LMBS,Erro ao buscar dados,-,,,,,,,,N/A,N/A,N/A
LMFA,Erro ao buscar dados,-,,,,,,,,N/A,N/A,N/A
LMND,Erro ao buscar dados,-,,,,,,,,N/A,N/A,N/A
LMNL,Erro ao buscar dados,-,,,,,,,,N/A,N/A,N/A
LMNR,Erro ao buscar dados,-,,,,,,,,N/A,N/A,N/A
LMNX,Erro ao buscar dados,-,,,,,,,,N/A,N/A,N/A
LMPX,Erro ao buscar dados,-,,,,,,,,N/A,N/A,N/A
LMRK,Erro ao buscar dados,-,,,,,,,,N/A,N/A,N/A
LMRKN,Erro ao buscar dados,-,,,,,,,,N/A,N/A,N/A
LMRKO,Erro ao buscar dados,-,,,,,,,,N/A,N/A,N/A
LMRKP,Erro ao buscar dados,-,,,,,,,,N/A,N/A,N/A
LMST,Erro ao buscar dados,-,,,,,,,,N/A,N/A,N/A
LMT,Erro ao buscar dados,-,,,,,,,,N/A,N/A,N/A
LNC,Erro ao buscar dados,-,,,,,,,,N/A,N/A,N/A
LND,Erro ao buscar dados,-,,,,,,,,N/A,N/A,N/A
LNDC,Erro ao buscar dados,-,,,,,,,,N/A,N/A,N/A
LI,Erro ao buscar dados,-,,,,,,,,N/A,N/A,N/A
LIFE,Erro ao buscar dados,-,,,,,,,,N/A,N/A,N/A
LII,Erro ao buscar dados,-,,,,,,,,N/A,N/A,N/A
LILA,Erro ao buscar dados,-,,,,,,,,N/A,N/A,N/A
LILAK,Erro ao buscar dados,-,,,,,,,,N/A,N/A,N/A
LIN,Erro ao buscar dados,-,,,,,,,,N/A,N/A,N/A
LINC,Erro ao buscar dados,-,,,,,,,,N/A,N/A,N/A
LIND,Erro ao buscar dados,-,,,,,,,,N/A,N/A,N/A
LINX,Erro ao buscar dados,-,,,,,,,,N/A,N/A,N/A
LIQT,Erro ao buscar dados,-,,,,,,,,N/A,N/A,N/A
LITB,Erro ao buscar dados,-,,,,,,,,N/A,N/A,N/A
LITE,Erro ao buscar dados,-,,,,,,,,N/A,N/A,N/A
LIVE,Erro ao buscar dados,-,,,,,,,,N/A,N/A,N/A
LIVK,Erro ao buscar dados,-,,,,,,,,N/A,N/A,N/A
LIVKU,Erro ao buscar dados,-,,,,,,,,N/A,N/A,N/A
LIVKW,Erro ao buscar dados,-,,,,,,,,N/A,N/A,N/A
LIVN,Erro ao buscar dados,-,,,,,,,,N/A,N/A,N/A
LIVX,Erro ao buscar dados,-,,,,,,,,N/A,N/A,N/A
LIXT,Erro ao buscar dados,-,,,,,,,,N/A,N/A,N/A
LIXTW,Erro ao buscar dados,-,,,,,,,,N/A,N/A,N/A
LIZI,Erro ao buscar dados,-,,,,,,,,N/A,N/A,N/A
LJAQU,Erro ao buscar dados,-,,,,,,,,N/A,N/A,N/A
LJPC,Erro ao buscar dados,-,,,,,,,,N/A,N/A,N/A
LKCO,Erro ao buscar dados,-,,,,,,,,N/A,N/A,N/A
LKFN,Erro ao buscar dados,-,,,,,,,,N/A,N/A,N/A
LNFA,Erro ao buscar dados,-,,,,,,,,N/A,N/A,N/A
LNFA.U,Erro ao buscar dados,-,,,,,,,,N/A,N/A,N/A
LNFA.WS,Erro ao buscar dados,-,,,,,,,,N/A,N/A,N/A
LNGR,Erro ao buscar dados,-,,,,,,,,N/A,N/A,N/A
LNN,Erro ao buscar dados,-,,,,,,,,N/A,N/A,N/A
LNSR,Erro ao buscar dados,-,,,,,,,,N/A,N/A,N/A
LNT,Erro ao buscar dados,-,,,,,,,,N/A,N/A,N/A
LNTH,Erro ao buscar dados,-,,,,,,,,N/A,N/A,N/A
LOAC,Erro ao buscar dados,-,,,,,,,,N/A,N/A,N/A
LOACR,Erro ao buscar dados,-,,,,,,,,N/A,N/A,N/A
LOACU,Erro ao buscar dados,-,,,,,,,,N/A,N/A,N/A
LOACW,Erro ao buscar dados,-,,,,,,,,N/A,N/A,N/A
LOAN,Erro ao buscar dados,-,,,,,,,,N/A,N/A,N/A
LOB,Erro ao buscar dados,-,,,,,,,,N/A,N/A,N/A
LOCO,Erro ao buscar dados,-,,,,,,,,N/A,N/A,N/A
LOGC,Erro ao buscar dados,-,,,,,,,,N/A,N/A,N/A
LOGI,Erro ao buscar dados,-,,,,,,,,N/A,N/A,N/A
LOKB.U,Erro ao buscar dados,-,,,,,,,,N/A,N/A,N/A
LOMA,Erro ao buscar dados,-,,,,,,,,N/A,N/A,N/A
LOOP,Erro ao buscar dados,-,,,,,,,,N/A,N/A,N/A
LOPE,Erro ao buscar dados,-,,,,,,,,N/A,N/A,N/A
LORL,Erro ao buscar dados,-,,,,,,,,N/A,N/A,N/A
LOTZ,Erro ao buscar dados,-,,,,,,,,N/A,N/A,N/A
LOTZW,Erro ao buscar dados,-,,,,,,,,N/A,N/A,N/A
LOVE,Erro ao buscar dados,-,,,,,,,,N/A,N/A,N/A
LSTR,Erro ao buscar dados,-,,,,,,,,N/A,N/A,N/A
LSXMA,Erro ao buscar dados,-,,,,,,,,N/A,N/A,N/A
LSXMB,Erro ao buscar dados,-,,,,,,,,N/A,N/A,N/A
LSXMK,Erro ao buscar dados,-,,,,,,,,N/A,N/A,N/A
LTBR,Erro ao buscar dados,-,,,,,,,,N/A,N/A,N/A
LTC,Erro ao buscar dados,-,,,,,,,,N/A,N/A,N/A
LTHM,Erro ao buscar dados,-,,,,,,,,N/A,N/A,N/A
LTRN,Erro ao buscar dados,-,,,,,,,,N/A,N/A,N/A
LTRPA,Erro ao buscar dados,-,,,,,,,,N/A,N/A,N/A
LTRPB,Erro ao buscar dados,-,,,,,,,,N/A,N/A,N/A
LTRX,Erro ao buscar dados,-,,,,,,,,N/A,N/A,N/A
LU,Erro ao buscar dados,-,,,,,,,,N/A,N/A,N/A
LUB,Erro ao buscar dados,-,,,,,,,,N/A,N/A,N/A
LULU,Erro ao buscar dados,-,,,,,,,,N/A,N/A,N/A
LUMN,Erro ao buscar dados,-,,,,,,,,N/A,N/A,N/A
LUMO,Erro ao buscar dados,-,,,,,,,,N/A,N/A,N/A
LUNA,Erro ao buscar dados,-,,,,,,,,N/A,N/A,N/A
LUNG,Erro ao buscar dados,-,,,,,,,,N/A,N/A,N/A
LUV,Erro ao buscar dados,-,,,,,,,,N/A,N/A,N/A
LUXA,Erro ao buscar dados,-,,,,,,,,N/A,N/A,N/A
LUXAU,Erro ao buscar dados,-,,,,,,,,N/A,N/A,N/A
LUXAW,Erro ao buscar dados,-,,,,,,,,N/A,N/A,N/A
LVHD,Erro ao buscar dados,-,,,,,,,,N/A,N/A,N/A
LVS,Erro ao buscar dados,-,,,,,,,,N/A,N/A,N/A
LW,Erro ao buscar dados,-,,,,,,,,N/A,N/A,N/A
LOW,Erro ao buscar dados,-,,,,,,,,N/A,N/A,N/A
LPCN,Erro ao buscar dados,-,,,,,,,,N/A,N/A,N/A
LPG,Erro ao buscar dados,-,,,,,,,,N/A,N/A,N/A
LPI,Erro ao buscar dados,-,,,,,,,,N/A,N/A,N/A
LPL,Erro ao buscar dados,-,,,,,,,,N/A,N/A,N/A
LPLA,Erro ao buscar dados,-,,,,,,,,N/A,N/A,N/A
LPRO,Erro ao buscar dados,-,,,,,,,,N/A,N/A,N/A
LPSN,Erro ao buscar dados,-,,,,,,,,N/A,N/A,N/A
LPTH,Erro ao buscar dados,-,,,,,,,,N/A,N/A,N/A
LPTX,Erro ao buscar dados,-,,,,,,,,N/A,N/A,N/A
LPX,Erro ao buscar dados,-,,,,,,,,N/A,N/A,N/A
LQDA,Erro ao buscar dados,-,,,,,,,,N/A,N/A,N/A
LQDT,Erro ao buscar dados,-,,,,,,,,N/A,N/A,N/A
LRCX,Erro ao buscar dados,-,,,,,,,,N/A,N/A,N/A
LREN3.SA,Erro ao buscar dados,-,,,,,,,,N/A,N/A,N/A
LRGE,Erro ao buscar dados,-,,,,,,,,N/A,N/A,N/A
LRMR,Erro ao buscar dados,-,,,,,,,,N/A,N/A,N/A
LRN,Erro ao buscar dados,-,,,,,,,,N/A,N/A,N/A
LSAQ,Erro ao buscar dados,-,,,,,,,,N/A,N/A,N/A
LSBK,Erro ao buscar dados,-,,,,,,,,N/A,N/A,N/A
LSCC,Erro ao buscar dados,-,,,,,,,,N/A,N/A,N/A
LSEA,Erro ao buscar dados,-,,,,,,,,N/A,N/A,N/A
LSEAW,Erro ao buscar dados,-,,,,,,,,N/A,N/A,N/A
LSI,Erro ao buscar dados,-,,,,,,,,N/A,N/A,N/A
LSPD,Erro ao buscar dados,-,,,,,,,,N/A,N/A,N/A
LWACU,Erro ao buscar dados,-,,,,,,,,N/A,N/A,N/A
LWAY,Erro ao buscar dados,-,,,,,,,,N/A,N/A,N/A
LWSA3.SA,Erro ao buscar dados,-,,,,,,,,N/A,N/A,N/A
LX,Erro ao buscar dados,-,,,,,,,,N/A,N/A,N/A
LXEH,Erro ao buscar dados,-,,,,,,,,N/A,N/A,N/A
LXFR,Erro ao buscar dados,-,,,,,,,,N/A,N/A,N/A
LXP,Erro ao buscar dados,-,,,,,,,,N/A,N/A,N/A
LXP^C,Erro ao buscar dados,-,,,,,,,,N/A,N/A,N/A
LXRX,Erro ao buscar dados,-,,,,,,,,N/A,N/A,N/A
LXU,Erro ao buscar dados,-,,,,,,,,N/A,N/A,N/A
LYB,Erro ao buscar dados,-,,,,,,,,N/A,N/A,N/A
LYFT,Erro ao buscar dados,-,,,,,,,,N/A,N/A,N/A
LYG,Erro ao buscar dados,-,,,,,,,,N/A,N/A,N/A
LYL,Erro ao buscar dados,-,,,,,,,,N/A,N/A,N/A
LYRA,Erro ao buscar dados,-,,,,,,,,N/A,N/A,N/A
LYTS,Erro ao buscar dados,-,,,,,,,,N/A,N/A,N/A
LYV,Erro ao buscar dados,-,,,,,,,,N/A,N/A,N/A
LZB,Erro ao buscar dados,-,,,,,,,,N/A,N/A,N/A
M,Erro ao buscar dados,-,,,,,,,,N/A,N/A,N/A
MA,Erro ao buscar dados,-,,,,,,,,N/A,N/A,N/A
MAA,Erro ao buscar dados,-,,,,,,,,N/A,N/A,N/A
MAAC,Erro ao buscar dados,-,,,,,,,,N/A,N/A,N/A
MAACU,Erro ao buscar dados,-,,,,,,,,N/A,N/A,N/A
MAACW,Erro ao buscar dados,-,,,,,,,,N/A,N/A,N/A
MAA^I,Erro ao buscar dados,-,,,,,,,,N/A,N/A,N/A
MAC,Erro ao buscar dados,-,,,,,,,,N/A,N/A,N/A
MACK,Erro ao buscar dados,-,,,,,,,,N/A,N/A,N/A
MACU,Erro ao buscar dados,-,,,,,,,,N/A,N/A,N/A
MACUU,Erro ao buscar dados,-,,,,,,,,N/A,N/A,N/A
MACUW,Erro ao buscar dados,-,,,,,,,,N/A,N/A,N/A
MAGS,Erro ao buscar dados,-,,,,,,,,N/A,N/A,N/A
MAIN,Erro ao buscar dados,-,,,,,,,,N/A,N/A,N/A
MAN,Erro ao buscar dados,-,,,,,,,,N/A,N/A,N/A
MANH,Erro ao buscar dados,-,,,,,,,,N/A,N/A,N/A
MANT,Erro ao buscar dados,-,,,,,,,,N/A,N/A,N/A
MANU,Erro ao buscar dados,-,,,,,,,,N/A,N/A,N/A
MAR,Erro ao buscar dados,-,,,,,,,,N/A,N/A,N/A
MARA,Erro ao buscar dados,-,,,,,,,,N/A,N/A,N/A
MARK,Erro ao buscar dados,-,,,,,,,,N/A,N/A,N/A
MARPS,Erro ao buscar dados,-,,,,,,,,N/A,N/A,N/A
MAS,Erro ao buscar dados,-,,,,,,,,N/A,N/A,N/A
MASI,Erro ao buscar dados,-,,,,,,,,N/A,N/A,N/A
MASS,Erro ao buscar dados,-,,,,,,,,N/A,N/A,N/A
MAT,Erro ao buscar dados,-,,,,,,,,N/A,N/A,N/A
MATW,Erro ao buscar dados,-,,,,,,,,N/A,N/A,N/A
MATX,Erro ao buscar dados,-,,,,,,,,N/A,N/A,N/A
MAV,Erro ao buscar dados,-,,,,,,,,N/A,N/A,N/A
MAX,Erro ao buscar dados,-,,,,,,,,N/A,N/A,N/A
MAXN,Erro ao buscar dados,-,,,,,,,,N/A,N/A,N/A
MAXR,Erro ao buscar dados,-,,,,,,,,N/A,N/A,N/A
MAYS,Erro ao buscar dados,-,,,,,,,,N/A,N/A,N/A
MBB,Erro ao buscar dados,-,,,,,,,,N/A,N/A,N/A
MBCN,Erro ao buscar dados,-,,,,,,,,N/A,N/A,N/A
MBI,Erro ao buscar dados,-,,,,,,,,N/A,N/A,N/A
MBII,Erro ao buscar dados,-,,,,,,,,N/A,N/A,N/A
MBIN,Erro ao buscar dados,-,,,,,,,,N/A,N/A,N/A
MBINO,Erro ao buscar dados,-,,,,,,,,N/A,N/A,N/A
MBINP,Erro ao buscar dados,-,,,,,,,,N/A,N/A,N/A
MBIO,Erro ao buscar dados,-,,,,,,,,N/A,N/A,N/A
MBNKP,Erro ao buscar dados,-,,,,,,,,N/A,N/A,N/A
MBOT,Erro ao buscar dados,-,,,,,,,,N/A,N/A,N/A
MBRX,Erro ao buscar dados,-,,,,,,,,N/A,N/A,N/A
MBSD,Erro ao buscar dados,-,,,,,,,,N/A,N/A,N/A
MBT,Erro ao buscar dados,-,,,,,,,,N/A,N/A,N/A
MBUU,Erro ao buscar dados,-,,,,,,,,N/A,N/A,N/A
MBWM,Erro ao buscar dados,-,,,,,,,,N/A,N/A,N/A
MC,Erro ao buscar dados,-,,,,,,,,N/A,N/A,N/A
MCA,Erro ao buscar dados,-,,,,,,,,N/A,N/A,N/A
MCAC,Erro ao buscar dados,-,,,,,,,,N/A,N/A,N/A
MCACR,Erro ao buscar dados,-,,,,,,,,N/A,N/A,N/A
MCACU,Erro ao buscar dados,-,,,,,,,,N/A,N/A,N/A
MCADU,Erro ao buscar dados,-,,,,,,,,N/A,N/A,N/A
MCB,Erro ao buscar dados,-,,,,,,,,N/A,N/A,N/A
MCBC,Erro ao buscar dados,-,,,,,,,,N/A,N/A,N/A
MCBS,Erro ao buscar dados,-,,,,,,,,N/A,N/A,N/A
MDIA,Erro ao buscar dados,-,,,,,,,,N/A,N/A,N/A
MDIV,Erro ao buscar dados,-,,,,,,,,N/A,N/A,N/A
MDJH,Erro ao buscar dados,-,,,,,,,,N/A,N/A,N/A
MDLA,Erro ao buscar dados,-,,,,,,,,N/A,N/A,N/A
MDLQ,Erro ao buscar dados,-,,,,,,,,N/A,N/A,N/A
MDLX,Erro ao buscar dados,-,,,,,,,,N/A,N/A,N/A
MDLY,Erro ao buscar dados,-,,,,,,,,N/A,N/A,N/A
MDLZ,Erro ao buscar dados,-,,,,,,,,N/A,N/A,N/A
MDNA,Erro ao buscar dados,-,,,,,,,,N/A,N/A,N/A
MDP,Erro ao buscar dados,-,,,,,,,,N/A,N/A,N/A
MDRR,Erro ao buscar dados,-,,,,,,,,N/A,N/A,N/A
MDRRP,Erro ao buscar dados,-,,,,,,,,N/A,N/A,N/A
MDRX,Erro ao buscar dados,-,,,,,,,,N/A,N/A,N/A
MDT,Erro ao buscar dados,-,,,,,,,,N/A,N/A,N/A
MDU,Erro ao buscar dados,-,,,,,,,,N/A,N/A,N/A
MDVL,Erro ao buscar dados,-,,,,,,,,N/A,N/A,N/A
MDWD,Erro ao buscar dados,-,,,,,,,,N/A,N/A,N/A
MDWT,Erro ao buscar dados,-,,,,,,,,N/A,N/A,N/A
MDXG,Erro ao buscar dados,-,,,,,,,,N/A,N/A,N/A
MEC,Erro ao buscar dados,-,,,,,,,,N/A,N/A,N/A
MED,Erro ao buscar dados,-,,,,,,,,N/A,N/A,N/A
MEDP,Erro ao buscar dados,-,,,,,,,,N/A,N/A,N/A
MEDS,Erro ao buscar dados,-,,,,,,,,N/A,N/A,N/A
MEG,Erro ao buscar dados,-,,,,,,,,N/A,N/A,N/A
MEI,Erro ao buscar dados,-,,,,,,,,N/A,N/A,N/A
MCD,Erro ao buscar dados,-,,,,,,,,N/A,N/A,N/A
MCEF,Erro ao buscar dados,-,,,,,,,,N/A,N/A,N/A
MCFE,Erro ao buscar dados,-,,,,,,,,N/A,N/A,N/A
MCFT,Erro ao buscar dados,-,,,,,,,,N/A,N/A,N/A
MCHI,Erro ao buscar dados,-,,,,,,,,N/A,N/A,N/A
MCHP,Erro ao buscar dados,-,,,,,,,,N/A,N/A,N/A
MCHX,Erro ao buscar dados,-,,,,,,,,N/A,N/A,N/A
MCI,Erro ao buscar dados,-,,,,,,,,N/A,N/A,N/A
MCK,Erro ao buscar dados,-,,,,,,,,N/A,N/A,N/A
MCMJ,Erro ao buscar dados,-,,,,,,,,N/A,N/A,N/A
MCMJW,Erro ao buscar dados,-,,,,,,,,N/A,N/A,N/A
MCN,Erro ao buscar dados,-,,,,,,,,N/A,N/A,N/A
MCO,Erro ao buscar dados,-,,,,,,,,N/A,N/A,N/A
MCR,Erro ao buscar dados,-,,,,,,,,N/A,N/A,N/A
MCRB,Erro ao buscar dados,-,,,,,,,,N/A,N/A,N/A
MCRI,Erro ao buscar dados,-,,,,,,,,N/A,N/A,N/A
MCS,Erro ao buscar dados,-,,,,,,,,N/A,N/A,N/A
MCY,Erro ao buscar dados,-,,,,,,,,N/A,N/A,N/A
MD,Erro ao buscar dados,-,,,,,,,,N/A,N/A,N/A
MDB,Erro ao buscar dados,-,,,,,,,,N/A,N/A,N/A
MDC,Erro ao buscar dados,-,,,,,,,,N/A,N/A,N/A
MDCA,Erro ao buscar dados,-,,,,,,,,N/A,N/A,N/A
MDGL,Erro ao buscar dados,-,,,,,,,,N/A,N/A,N/A
MDGS,Erro ao buscar dados,-,,,,,,,,N/A,N/A,N/A
MDGSW,Erro ao buscar dados,-,,,,,,,,N/A,N/A,N/A
MFL,Erro ao buscar dados,-,,,,,,,,N/A,N/A,N/A
MFM,Erro ao buscar dados,-,,,,,,,,N/A,N/A,N/A
MFNC,Erro ao buscar dados,-,,,,,,,,N/A,N/A,N/A
MFT,Erro ao buscar dados,-,,,,,,,,N/A,N/A,N/A
MFV,Erro ao buscar dados,-,,,,,,,,N/A,N/A,N/A
MG,Erro ao buscar dados,-,,,,,,,,N/A,N/A,N/A
MGA,Erro ao buscar dados,-,,,,,,,,N/A,N/A,N/A
MGEE,Erro ao buscar dados,-,,,,,,,,N/A,N/A,N/A
MGF,Erro ao buscar dados,-,,,,,,,,N/A,N/A,N/A
MGI,Erro ao buscar dados,-,,,,,,,,N/A,N/A,N/A
MGIC,Erro ao buscar dados,-,,,,,,,,N/A,N/A,N/A
MGLN,Erro ao buscar dados,-,,,,,,,,N/A,N/A,N/A
MGLU3.SA,Erro ao buscar dados,-,,,,,,,,N/A,N/A,N/A
MGM,Erro ao buscar dados,-,,,,,,,,N/A,N/A,N/A
MGNI,Erro ao buscar dados,-,,,,,,,,N/A,N/A,N/A
MGNX,Erro ao buscar dados,-,,,,,,,,N/A,N/A,N/A
MGP,Erro ao buscar dados,-,,,,,,,,N/A,N/A,N/A
MGPI,Erro ao buscar dados,-,,,,,,,,N/A,N/A,N/A
MGR,Erro ao buscar dados,-,,,,,,,,N/A,N/A,N/A
MGRB,Erro ao buscar dados,-,,,,,,,,N/A,N/A,N/A
MGRC,Erro ao buscar dados,-,,,,,,,,N/A,N/A,N/A
MGTA,Erro ao buscar dados,-,,,,,,,,N/A,N/A,N/A
MGTX,Erro ao buscar dados,-,,,,,,,,N/A,N/A,N/A
MGU,Erro ao buscar dados,-,,,,,,,,N/A,N/A,N/A
MGY,Erro ao buscar dados,-,,,,,,,,N/A,N/A,N/A
MEIP,Erro ao buscar dados,-,,,,,,,,N/A,N/A,N/A
MELI,Erro ao buscar dados,-,,,,,,,,N/A,N/A,N/A
MEN,Erro ao buscar dados,-,,,,,,,,N/A,N/A,N/A
MEOH,Erro ao buscar dados,-,,,,,,,,N/A,N/A,N/A
MERC,Erro ao buscar dados,-,,,,,,,,N/A,N/A,N/A
MER^K,Erro ao buscar dados,-,,,,,,,,N/A,N/A,N/A
MESA,Erro ao buscar dados,-,,,,,,,,N/A,N/A,N/A
MESO,Erro ao buscar dados,-,,,,,,,,N/A,N/A,N/A
MET,Erro ao buscar dados,-,,,,,,,,N/A,N/A,N/A
METC,Erro ao buscar dados,-,,,,,,,,N/A,N/A,N/A
METX,Erro ao buscar dados,-,,,,,,,,N/A,N/A,N/A
METXW,Erro ao buscar dados,-,,,,,,,,N/A,N/A,N/A
MET^A,Erro ao buscar dados,-,,,,,,,,N/A,N/A,N/A
MET^E,Erro ao buscar dados,-,,,,,,,,N/A,N/A,N/A
MET^F,Erro ao buscar dados,-,,,,,,,,N/A,N/A,N/A
MFA,Erro ao buscar dados,-,,,,,,,,N/A,N/A,N/A
MFA^B,Erro ao buscar dados,-,,,,,,,,N/A,N/A,N/A
MFA^C,Erro ao buscar dados,-,,,,,,,,N/A,N/A,N/A
MFC,Erro ao buscar dados,-,,,,,,,,N/A,N/A,N/A
MFD,Erro ao buscar dados,-,,,,,,,,N/A,N/A,N/A
MFG,Erro ao buscar dados,-,,,,,,,,N/A,N/A,N/A
MFGP,Erro ao buscar dados,-,,,,,,,,N/A,N/A,N/A
MFH,Erro ao buscar dados,-,,,,,,,,N/A,N/A,N/A
MFIN,Erro ao buscar dados,-,,,,,,,,N/A,N/A,N/A
MFINL,Erro ao buscar dados,-,,,,,,,,N/A,N/A,N/A
MGYR,Erro ao buscar dados,-,,,,,,,,N/A,N/A,N/A
MHD,Erro ao buscar dados,-,,,,,,,,N/A,N/A,N/A
MHE,Erro ao buscar dados,-,,,,,,,,N/A,N/A,N/A
MHF,Erro ao buscar dados,-,,,,,,,,N/A,N/A,N/A
MHI,Erro ao buscar dados,-,,,,,,,,N/A,N/A,N/A
MHK,Erro ao buscar dados,-,,,,,,,,N/A,N/A,N/A
MHLA,Erro ao buscar dados,-,,,,,,,,N/A,N/A,N/A
MHLD,Erro ao buscar dados,-,,,,,,,,N/A,N/A,N/A
MHN,Erro ao buscar dados,-,,,,,,,,N/A,N/A,N/A
MHNC,Erro ao buscar dados,-,,,,,,,,N/A,N/A,N/A
MHO,Erro ao buscar dados,-,,,,,,,,N/A,N/A,N/A
MH^A,Erro ao buscar dados,-,,,,,,,,N/A,N/A,N/A
MH^C,Erro ao buscar dados,-,,,,,,,,N/A,N/A,N/A
MH^D,Erro ao buscar dados,-,,,,,,,,N/A,N/A,N/A
MIC,Erro ao buscar dados,-,,,,,,,,N/A,N/A,N/A
MICT,Erro ao buscar dados,-,,,,,,,,N/A,N/A,N/A
MIDD,Erro ao buscar dados,-,,,,,,,,N/A,N/A,N/A
MIE,Erro ao buscar dados,-,,,,,,,,N/A,N/A,N/A
MIK,Erro ao buscar dados,-,,,,,,,,N/A,N/A,N/A
MILN,Erro ao buscar dados,-,,,,,,,,N/A,N/A,N/A
MIME,Erro ao buscar dados,-,,,,,,,,N/A,N/A,N/A
MIN,Erro ao buscar dados,-,,,,,,,,N/A,N/A,N/A
MIND,Erro ao buscar dados,-,,,,,,,,N/A,N/A,N/A
MINDP,Erro ao buscar dados,-,,,,,,,,N/A,N/A,N/A
MIRM,Erro ao buscar dados,-,,,,,,,,N/A,N/A,N/A
MIST,Erro ao buscar dados,-,,,,,,,,N/A,N/A,N/A
MITK,Erro ao buscar dados,-,,,,,,,,N/A,N/A,N/A
MITO,Erro ao buscar dados,-,,,,,,,,N/A,N/A,N/A
MITT,Erro ao buscar dados,-,,,,,,,,N/A,N/A,N/A
MITT^A,Erro ao buscar dados,-,,,,,,,,N/A,N/A,N/A
MITT^B,Erro ao buscar dados,-,,,,,,,,N/A,N/A,N/A
MITT^C,Erro ao buscar dados,-,,,,,,,,N/A,N/A,N/A
MIXT,Erro ao buscar dados,-,,,,,,,,N/A,N/A,N/A
MIY,Erro ao buscar dados,-,,,,,,,,N/A,N/A,N/A
MKC,Erro ao buscar dados,-,,,,,,,,N/A,N/A,N/A
MKC.V,Erro ao buscar dados,-,,,,,,,,N/A,N/A,N/A
MKD,Erro ao buscar dados,-,,,,,,,,N/A,N/A,N/A
MKGI,Erro ao buscar dados,-,,,,,,,,N/A,N/A,N/A
MKL,Erro ao buscar dados,-,,,,,,,,N/A,N/A,N/A
MKSI,Erro ao buscar dados,-,,,,,,,,N/A,N/A,N/A
MKTX,Erro ao buscar dados,-,,,,,,,,N/A,N/A,N/A
MLAB,Erro ao buscar dados,-,,,,,,,,N/A,N/A,N/A
MLAC,Erro ao buscar dados,-,,,,,,,,N/A,N/A,N/A
MLACU,Erro ao buscar dados,-,,,,,,,,N/A,N/A,N/A
MLACW,Erro ao buscar dados,-,,,,,,,,N/A,N/A,N/A
MLCO,Erro ao buscar dados,-,,,,,,,,N/A,N/A,N/A
MLHR,Erro ao buscar dados,-,,,,,,,,N/A,N/A,N/A
MLI,Erro ao buscar dados,-,,,,,,,,N/A,N/A,N/A
MLM,Erro ao buscar dados,-,,,,,,,,N/A,N/A,N/A
MLND,Erro ao buscar dados,-,,,,,,,,N/A,N/A,N/A
MLP,Erro ao buscar dados,-,,,,,,,,N/A,N/A,N/A
MLR,Erro ao buscar dados,-,,,,,,,,N/A,N/A,N/A
MLVF,Erro ao buscar dados,-,,,,,,,,N/A,N/A,N/A
MMAC,Erro ao buscar dados,-,,,,,,,,N/A,N/A,N/A
MMC,Erro ao buscar dados,-,,,,,,,,N/A,N/A,N/A
MMD,Erro ao buscar dados,-,,,,,,,,N/A,N/A,N/A
MMI,Erro ao buscar dados,-,,,,,,,,N/A,N/A,N/A
MMLP,Erro ao buscar dados,-,,,,,,,,N/A,N/A,N/A
MMM,Erro ao buscar dados,-,,,,,,,,N/A,N/A,N/A
MMP,Erro ao buscar dados,-,,,,,,,,N/A,N/A,N/A
MMS,Erro ao buscar dados,-,,,,,,,,N/A,N/A,N/A
MMSI,Erro ao buscar dados,-,,,,,,,,N/A,N/A,N/A
MMT,Erro ao buscar dados,-,,,,,,,,N/A,N/A,N/A
MMU,Erro ao buscar dados,-,,,,,,,,N/A,N/A,N/A
MMYT,Erro ao buscar dados,-,,,,,,,,N/A,N/A,N/A
MN,Erro ao buscar dados,-,,,,,,,,N/A,N/A,N/A
MNDO,Erro ao buscar dados,-,,,,,,,,N/A,N/A,N/A
MNKD,Erro ao buscar dados,-,,,,,,,,N/A,N/A,N/A
MNOV,Erro ao buscar dados,-,,,,,,,,N/A,N/A,N/A
MNP,Erro ao buscar dados,-,,,,,,,,N/A,N/A,N/A
MNPR,Erro ao buscar dados,-,,,,,,,,N/A,N/A,N/A
MNR,Erro ao buscar dados,-,,,,,,,,N/A,N/A,N/A
MNRL,Erro ao buscar dados,-,,,,,,,,N/A,N/A,N/A
MNRO,Erro ao buscar dados,-,,,,,,,,N/A,N/A,N/A
MNR^C,Erro ao buscar dados,-,,,,,,,,N/A,N/A,N/A
MRCC,Erro ao buscar dados,-,,,,,,,,N/A,N/A,N/A
MRCCL,Erro ao buscar dados,-,,,,,,,,N/A,N/A,N/A
MRCY,Erro ao buscar dados,-,,,,,,,,N/A,N/A,N/A
MREO,Erro ao buscar dados,-,,,,,,,,N/A,N/A,N/A
MRFG3.SA,Erro ao buscar dados,-,,,,,,,,N/A,N/A,N/A
MRIN,Erro ao buscar dados,-,,,,,,,,N/A,N/A,N/A
MRK,Erro ao buscar dados,-,,,,,,,,N/A,N/A,N/A
MRKR,Erro ao buscar dados,-,,,,,,,,N/A,N/A,N/A
MRLN,Erro ao buscar dados,-,,,,,,,,N/A,N/A,N/A
MRM,Erro ao buscar dados,-,,,,,,,,N/A,N/A,N/A
MRNA,Erro ao buscar dados,-,,,,,,,,N/A,N/A,N/A
MRNS,Erro ao buscar dados,-,,,,,,,,N/A,N/A,N/A
MRO,Erro ao buscar dados,-,,,,,,,,N/A,N/A,N/A
MRSN,Erro ao buscar dados,-,,,,,,,,N/A,N/A,N/A
MRTN,Erro ao buscar dados,-,,,,,,,,N/A,N/A,N/A
MRTX,Erro ao buscar dados,-,,,,,,,,N/A,N/A,N/A
MRUS,Erro ao buscar dados,-,,,,,,,,N/A,N/A,N/A
MRVE3.SA,Erro ao buscar dados,-,,,,,,,,N/A,N/A,N/A
MRVI,Erro ao buscar dados,-,,,,,,,,N/A,N/A,N/A
MRVL,Erro ao buscar dados,-,,,,,,,,N/A,N/A,N/A
MS,Erro ao buscar dados,-,,,,,,,,N/A,N/A,N/A
MSA,Erro ao buscar dados,-,,,,,,,,N/A,N/A,N/A
MSB,Erro ao buscar dados,-,,,,,,,,N/A,N/A,N/A
MSBI,Erro ao buscar dados,-,,,,,,,,N/A,N/A,N/A
MSC,Erro ao buscar dados,-,,,,,,,,N/A,N/A,N/A
MNSB,Erro ao buscar dados,-,,,,,,,,N/A,N/A,N/A
MNSBP,Erro ao buscar dados,-,,,,,,,,N/A,N/A,N/A
MNSO,Erro ao buscar dados,-,,,,,,,,N/A,N/A,N/A
MNST,Erro ao buscar dados,-,,,,,,,,N/A,N/A,N/A
MNTK,Erro ao buscar dados,-,,,,,,,,N/A,N/A,N/A
MNTX,Erro ao buscar dados,-,,,,,,,,N/A,N/A,N/A
MO,Erro ao buscar dados,-,,,,,,,,N/A,N/A,N/A
MOD,Erro ao buscar dados,-,,,,,,,,N/A,N/A,N/A
MODN,Erro ao buscar dados,-,,,,,,,,N/A,N/A,N/A
MODV,Erro ao buscar dados,-,,,,,,,,N/A,N/A,N/A
MOFG,Erro ao buscar dados,-,,,,,,,,N/A,N/A,N/A
MOG.A,Erro ao buscar dados,-,,,,,,,,N/A,N/A,N/A
MOG.B,Erro ao buscar dados,-,,,,,,,,N/A,N/A,N/A
MOGO,Erro ao buscar dados,-,,,,,,,,N/A,N/A,N/A
MOGU,Erro ao buscar dados,-,,,,,,,,N/A,N/A,N/A
MOH,Erro ao buscar dados,-,,,,,,,,N/A,N/A,N/A
MOHO,Erro ao buscar dados,-,,,,,,,,N/A,N/A,N/A
MOMO,Erro ao buscar dados,-,,,,,,,,N/A,N/A,N/A
MONCU,Erro ao buscar dados,-,,,,,,,,N/A,N/A,N/A
MOR,Erro ao buscar dados,-,,,,,,,,N/A,N/A,N/A
MORF,Erro ao buscar dados,-,,,,,,,,N/A,N/A,N/A
MORN,Erro ao buscar dados,-,,,,,,,,N/A,N/A,N/A
MOS,Erro ao buscar dados,-,,,,,,,,N/A,N/A,N/A
MOSY,Erro ao buscar dados,-,,,,,,,,N/A,N/A,N/A
MOTN,Erro ao buscar dados,-,,,,,,,,N/A,N/A,N/A
MOTNU,Erro ao buscar dados,-,,,,,,,,N/A,N/A,N/A
MOTNW,Erro ao buscar dados,-,,,,,,,,N/A,N/A,N/A
MOTS,Erro ao buscar dados,-,,,,,,,,N/A,N/A,N/A
MOTV.U,Erro ao buscar dados,-,,,,,,,,N/A,N/A,N/A
MOV,Erro ao buscar dados,-,,,,,,,,N/A,N/A,N/A
MOXC,Erro ao buscar dados,-,,,,,,,,N/A,N/A,N/A
MP,Erro ao buscar dados,-,,,,,,,,N/A,N/A,N/A
MP.WS,Erro ao buscar dados,-,,,,,,,,N/A,N/A,N/A
MPA,Erro ao buscar dados,-,,,,,,,,N/A,N/A,N/A
MPAA,Erro ao buscar dados,-,,,,,,,,N/A,N/A,N/A
MPB,Erro ao buscar dados,-,,,,,,,,N/A,N/A,N/A
MPC,Erro ao buscar dados,-,,,,,,,,N/A,N/A,N/A
MPLN,Erro ao buscar dados,-,,,,,,,,N/A,N/A,N/A
MPLN.WS,Erro ao buscar dados,-,,,,,,,,N/A,N/A,N/A
MPLX,Erro ao buscar dados,-,,,,,,,,N/A,N/A,N/A
MPV,Erro ao buscar dados,-,,,,,,,,N/A,N/A,N/A
MPW,Erro ao buscar dados,-,,,,,,,,N/A,N/A,N/A
MPWR,Erro ao buscar dados,-,,,,,,,,N/A,N/A,N/A
MPX,Erro ao buscar dados,-,,,,,,,,N/A,N/A,N/A
MQT,Erro ao buscar dados,-,,,,,,,,N/A,N/A,N/A
MQY,Erro ao buscar dados,-,,,,,,,,N/A,N/A,N/A
MRACU,Erro ao buscar dados,-,,,,,,,,N/A,N/A,N/A
MRAM,Erro ao buscar dados,-,,,,,,,,N/A,N/A,N/A
MRBK,Erro ao buscar dados,-,,,,,,,,N/A,N/A,N/A
MRC,Erro ao buscar dados,-,,,,,,,,N/A,N/A,N/A
MSCI,Erro ao buscar dados,-,,,,,,,,N/A,N/A,N/A
MSD,Erro ao buscar dados,-,,,,,,,,N/A,N/A,N/A
MSEX,Erro ao buscar dados,-,,,,,,,,N/A,N/A,N/A
MSFT,Erro ao buscar dados,-,,,,,,,,N/A,N/A,N/A
MSGE,Erro ao buscar dados,-,,,,,,,,N/A,N/A,N/A
MSGM,Erro ao buscar dados,-,,,,,,,,N/A,N/A,N/A
MSGN,Erro ao buscar dados,-,,,,,,,,N/A,N/A,N/A
MSGS,Erro ao buscar dados,-,,,,,,,,N/A,N/A,N/A
MSI,Erro ao buscar dados,-,,,,,,,,N/A,N/A,N/A
MSM,Erro ao buscar dados,-,,,,,,,,N/A,N/A,N/A
MSON,Erro ao buscar dados,-,,,,,,,,N/A,N/A,N/A
MSP,Erro ao buscar dados,-,,,,,,,,N/A,N/A,N/A
MSTR,Erro ao buscar dados,-,,,,,,,,N/A,N/A,N/A
MSVB,Erro ao buscar dados,-,,,,,,,,N/A,N/A,N/A
MS^A,Erro ao buscar dados,-,,,,,,,,N/A,N/A,N/A
MS^E,Erro ao buscar dados,-,,,,,,,,N/A,N/A,N/A
MS^F,Erro ao buscar dados,-,,,,,,,,N/A,N/A,N/A
MS^I,Erro ao buscar dados,-,,,,,,,,N/A,N/A,N/A
MS^K,Erro ao buscar dados,-,,,,,,,,N/A,N/A,N/A
MS^L,Erro ao buscar dados,-,,,,,,,,N/A,N/A,N/A
MT,Erro ao buscar dados,-,,,,,,,,N/A,N/A,N/A
MTACU,Erro ao buscar dados,-,,,,,,,,N/A,N/A,N/A
MTB,Erro ao buscar dados,-,,,,,,,,N/A,N/A,N/A
MTBC,Erro ao buscar dados,-,,,,,,,,N/A,N/A,N/A
MTBCP,Erro ao buscar dados,-,,,,,,,,N/A,N/A,N/A
MTC,Erro ao buscar dados,-,,,,,,,,N/A,N/A,N/A
MTCH,Erro ao buscar dados,-,,,,,,,,N/A,N/A,N/A
MTCN,Erro ao buscar dados,-,,,,,,,,N/A,N/A,N/A
MTCR,Erro ao buscar dados,-,,,,,,,,N/A,N/A,N/A
MTD,Erro ao buscar dados,-,,,,,,,,N/A,N/A,N/A
MTDR,Erro ao buscar dados,-,,,,,,,,N/A,N/A,N/A
MTEM,Erro ao buscar dados,-,,,,,,,,N/A,N/A,N/A
MTEX,Erro ao buscar dados,-,,,,,,,,N/A,N/A,N/A
MTG,Erro ao buscar dados,-,,,,,,,,N/A,N/A,N/A
MTH,Erro ao buscar dados,-,,,,,,,,N/A,N/A,N/A
MTL,Erro ao buscar dados,-,,,,,,,,N/A,N/A,N/A
MTLS,Erro ao buscar dados,-,,,,,,,,N/A,N/A,N/A
MTL^,Erro ao buscar dados,-,,,,,,,,N/A,N/A,N/A
MTN,Erro ao buscar dados,-,,,,,,,,N/A,N/A,N/A
MTOR,Erro ao buscar dados,-,,,,,,,,N/A,N/A,N/A
MTP,Erro ao buscar dados,-,,,,,,,,N/A,N/A,N/A
MTR,Erro ao buscar dados,-,,,,,,,,N/A,N/A,N/A
MTRN,Erro ao buscar dados,-,,,,,,,,N/A,N/A,N/A
MTRX,Erro ao buscar dados,-,,,,,,,,N/A,N/A,N/A
MTSC,Erro ao buscar dados,-,,,,,,,,N/A,N/A,N/A
MTSI,Erro ao buscar dados,-,,,,,,,,N/A,N/A,N/A
MTSL,Erro ao buscar dados,-,,,,,,,,N/A,N/A,N/A
MTT,Erro ao buscar dados,-,,,,,,,,N/A,N/A,N/A
MTW,Erro ao buscar dados,-,,,,,,,,N/A,N/A,N/A
MTX,Erro ao buscar dados,-,,,,,,,,N/A,N/A,N/A
MTZ,Erro ao buscar dados,-,,,,,,,,N/A,N/A,N/A
MU,Erro ao buscar dados,-,,,,,,,,N/A,N/A,N/A
MUA,Erro ao buscar dados,-,,,,,,,,N/A,N/A,N/A
MUC,Erro ao buscar dados,-,,,,,,,,N/A,N/A,N/A
MUDSU,Erro ao buscar dados,-,,,,,,,,N/A,N/A,N/A
MUE,Erro ao buscar dados,-,,,,,,,,N/A,N/A,N/A
MUFG,Erro ao buscar dados,-,,,,,,,,N/A,N/A,N/A
MUH,Erro ao buscar dados,-,,,,,,,,N/A,N/A,N/A
MUI,Erro ao buscar dados,-,,,,,,,,N/A,N/A,N/A
MUJ,Erro ao buscar dados,-,,,,,,,,N/A,N/A,N/A
MULT3.SA,Erro ao buscar dados,-,,,,,,,,N/A,N/A,N/A
MUR,Erro ao buscar dados,-,,,,,,,,N/A,N/A,N/A
MUS,Erro ao buscar dados,-,,,,,,,,N/A,N/A,N/A
MUSA,Erro ao buscar dados,-,,,,,,,,N/A,N/A,N/A
MUX,Erro ao buscar dados,-,,,,,,,,N/A,N/A,N/A
MVBF,Erro ao buscar dados,-,,,,,,,,N/A,N/A,N/A
MVF,Erro ao buscar dados,-,,,,,,,,N/A,N/A,N/A
MVIS,Erro ao buscar dados,-,,,,,,,,N/A,N/A,N/A
MVNR,Erro ao buscar dados,-,,,,,,,,N/A,N/A,N/A
MVO,Erro ao buscar dados,-,,,,,,,,N/A,N/A,N/A
MVT,Erro ao buscar dados,-,,,,,,,,N/A,N/A,N/A
MWA,Erro ao buscar dados,-,,,,,,,,N/A,N/A,N/A
MWK,Erro ao buscar dados,-,,,,,,,,N/A,N/A,N/A
MX,Erro ao buscar dados,-,,,,,,,,N/A,N/A,N/A
MXE,Erro ao buscar dados,-,,,,,,,,N/A,N/A,N/A
NARI,Erro ao buscar dados,-,,,,,,,,N/A,N/A,N/A
NAT,Erro ao buscar dados,-,,,,,,,,N/A,N/A,N/A
NATH,Erro ao buscar dados,-,,,,,,,,N/A,N/A,N/A
NATI,Erro ao buscar dados,-,,,,,,,,N/A,N/A,N/A
NATR,Erro ao buscar dados,-,,,,,,,,N/A,N/A,N/A
NAV,Erro ao buscar dados,-,,,,,,,,N/A,N/A,N/A
NAVI,Erro ao buscar dados,-,,,,,,,,N/A,N/A,N/A
NAV^D,Erro ao buscar dados,-,,,,,,,,N/A,N/A,N/A
NAZ,Erro ao buscar dados,-,,,,,,,,N/A,N/A,N/A
NBAC,Erro ao buscar dados,-,,,,,,,,N/A,N/A,N/A
NBACR,Erro ao buscar dados,-,,,,,,,,N/A,N/A,N/A
NBACU,Erro ao buscar dados,-,,,,,,,,N/A,N/A,N/A
NBACW,Erro ao buscar dados,-,,,,,,,,N/A,N/A,N/A
NBB,Erro ao buscar dados,-,,,,,,,,N/A,N/A,N/A
NBEV,Erro ao buscar dados,-,,,,,,,,N/A,N/A,N/A
NBHC,Erro ao buscar dados,-,,,,,,,,N/A,N/A,N/A
NBIX,Erro ao buscar dados,-,,,,,,,,N/A,N/A,N/A
NBLX,Erro ao buscar dados,-,,,,,,,,N/A,N/A,N/A
NBN,Erro ao buscar dados,-,,,,,,,,N/A,N/A,N/A
NBR,Erro ao buscar dados,-,,,,,,,,N/A,N/A,N/A
NBRV,Erro ao buscar dados,-,,,,,,,,N/A,N/A,N/A
NBR^A,Erro ao buscar dados,-,,,,,,,,N/A,N/A,N/A
NBSE,Erro ao buscar dados,-,,,,,,,,N/A,N/A,N/A
NBTB,Erro ao buscar dados,-,,,,,,,,N/A,N/A,N/A
NBTX,Erro ao buscar dados,-,,,,,,,,N/A,N/A,N/A
MXF,Erro ao buscar dados,-,,,,,,,,N/A,N/A,N/A
MXIM,Erro ao buscar dados,-,,,,,,,,N/A,N/A,N/A
MXL,Erro ao buscar dados,-,,,,,,,,N/A,N/A,N/A
MYC,Erro ao buscar dados,-,,,,,,,,N/A,N/A,N/A
MYD,Erro ao buscar dados,-,,,,,,,,N/A,N/A,N/A
MYE,Erro ao buscar dados,-,,,,,,,,N/A,N/A,N/A
MYF,Erro ao buscar dados,-,,,,,,,,N/A,N/A,N/A
MYFW,Erro ao buscar dados,-,,,,,,,,N/A,N/A,N/A
MYGN,Erro ao buscar dados,-,,,,,,,,N/A,N/A,N/A
MYI,Erro ao buscar dados,-,,,,,,,,N/A,N/A,N/A
MYJ,Erro ao buscar dados,-,,,,,,,,N/A,N/A,N/A
MYN,Erro ao buscar dados,-,,,,,,,,N/A,N/A,N/A
MYOV,Erro ao buscar dados,-,,,,,,,,N/A,N/A,N/A
MYRG,Erro ao buscar dados,-,,,,,,,,N/A,N/A,N/A
MYSZ,Erro ao buscar dados,-,,,,,,,,N/A,N/A,N/A
MYT,Erro ao buscar dados,-,,,,,,,,N/A,N/A,N/A
MYTE,Erro ao buscar dados,-,,,,,,,,N/A,N/A,N/A
MZA,Erro ao buscar dados,-,,,,,,,,N/A,N/A,N/A
NAACU,Erro ao buscar dados,-,,,,,,,,N/A,N/A,N/A
NAC,Erro ao buscar dados,-,,,,,,,,N/A,N/A,N/A
NAD,Erro ao buscar dados,-,,,,,,,,N/A,N/A,N/A
NAII,Erro ao buscar dados,-,,,,,,,,N/A,N/A,N/A
NAKD,Erro ao buscar dados,-,,,,,,,,N/A,N/A,N/A
NAN,Erro ao buscar dados,-,,,,,,,,N/A,N/A,N/A
NAOV,Erro ao buscar dados,-,,,,,,,,N/A,N/A,N/A
NEE^K,Erro ao buscar dados,-,,,,,,,,N/A,N/A,N/A
NEE^N,Erro ao buscar dados,-,,,,,,,,N/A,N/A,N/A
NEE^O,Erro ao buscar dados,-,,,,,,,,N/A,N/A,N/A
NEE^P,Erro ao buscar dados,-,,,,,,,,N/A,N/A,N/A
NEE^Q,Erro ao buscar dados,-,,,,,,,,N/A,N/A,N/A
NEM,Erro ao buscar dados,-,,,,,,,,N/A,N/A,N/A
NEO,Erro ao buscar dados,-,,,,,,,,N/A,N/A,N/A
NEOG,Erro ao buscar dados,-,,,,,,,,N/A,N/A,N/A
NEON,Erro ao buscar dados,-,,,,,,,,N/A,N/A,N/A
NEOS,Erro ao buscar dados,-,,,,,,,,N/A,N/A,N/A
NEP,Erro ao buscar dados,-,,,,,,,,N/A,N/A,N/A
NEPH,Erro ao buscar dados,-,,,,,,,,N/A,N/A,N/A
NEPT,Erro ao buscar dados,-,,,,,,,,N/A,N/A,N/A
NERV,Erro ao buscar dados,-,,,,,,,,N/A,N/A,N/A
NESR,Erro ao buscar dados,-,,,,,,,,N/A,N/A,N/A
NESRW,Erro ao buscar dados,-,,,,,,,,N/A,N/A,N/A
NET,Erro ao buscar dados,-,,,,,,,,N/A,N/A,N/A
NETE,Erro ao buscar dados,-,,,,,,,,N/A,N/A,N/A
NEU,Erro ao buscar dados,-,,,,,,,,N/A,N/A,N/A
NEV,Erro ao buscar dados,-,,,,,,,,N/A,N/A,N/A
NEW,Erro ao buscar dados,-,,,,,,,,N/A,N/A,N/A
NEWA,Erro ao buscar dados,-,,,,,,,,N/A,N/A,N/A
NEWR,Erro ao buscar dados,-,,,,,,,,N/A,N/A,N/A
NEWT,Erro ao buscar dados,-,,,,,,,,N/A,N/A,N/A
NEWTI,Erro ao buscar dados,-,,,,,,,,N/A,N/A,N/A
NC,Erro ao buscar dados,-,,,,,,,,N/A,N/A,N/A
NCA,Erro ao buscar dados,-,,,,,,,,N/A,N/A,N/A
NCB,Erro ao buscar dados,-,,,,,,,,N/A,N/A,N/A
NCBS,Erro ao buscar dados,-,,,,,,,,N/A,N/A,N/A
NCLH,Erro ao buscar dados,-,,,,,,,,N/A,N/A,N/A
NCMI,Erro ao buscar dados,-,,,,,,,,N/A,N/A,N/A
NCNA,Erro ao buscar dados,-,,,,,,,,N/A,N/A,N/A
NCNO,Erro ao buscar dados,-,,,,,,,,N/A,N/A,N/A
NCR,Erro ao buscar dados,-,,,,,,,,N/A,N/A,N/A
NCSM,Erro ao buscar dados,-,,,,,,,,N/A,N/A,N/A
NCTY,Erro ao buscar dados,-,,,,,,,,N/A,N/A,N/A
NCV,Erro ao buscar dados,-,,,,,,,,N/A,N/A,N/A
NCV^A,Erro ao buscar dados,-,,,,,,,,N/A,N/A,N/A
NCZ,Erro ao buscar dados,-,,,,,,,,N/A,N/A,N/A
NCZ^A,Erro ao buscar dados,-,,,,,,,,N/A,N/A,N/A
NDAQ,Erro ao buscar dados,-,,,,,,,,N/A,N/A,N/A
NDLS,Erro ao buscar dados,-,,,,,,,,N/A,N/A,N/A
NDMO,Erro ao buscar dados,-,,,,,,,,N/A,N/A,N/A
NDP,Erro ao buscar dados,-,,,,,,,,N/A,N/A,N/A
NDRA,Erro ao buscar dados,-,,,,,,,,N/A,N/A,N/A
NDRAW,Erro ao buscar dados,-,,,,,,,,N/A,N/A,N/A
NDSN,Erro ao buscar dados,-,,,,,,,,N/A,N/A,N/A
NEA,Erro ao buscar dados,-,,,,,,,,N/A,N/A,N/A
NEBCU,Erro ao buscar dados,-,,,,,,,,N/A,N/A,N/A
NEE,Erro ao buscar dados,-,,,,,,,,N/A,N/A,N/A
NEWTL,Erro ao buscar dados,-,,,,,,,,N/A,N/A,N/A
NEX,Erro ao buscar dados,-,,,,,,,,N/A,N/A,N/A
NEXA,Erro ao buscar dados,-,,,,,,,,N/A,N/A,N/A
NEXT,Erro ao buscar dados,-,,,,,,,,N/A,N/A,N/A
NFBK,Erro ao buscar dados,-,,,,,,,,N/A,N/A,N/A
NFE,Erro ao buscar dados,-,,,,,,,,N/A,N/A,N/A
NFG,Erro ao buscar dados,-,,,,,,,,N/A,N/A,N/A
NFH,Erro ao buscar dados,-,,,,,,,,N/A,N/A,N/A
NFH.WS,Erro ao buscar dados,-,,,,,,,,N/A,N/A,N/A
NFJ,Erro ao buscar dados,-,,,,,,,,N/A,N/A,N/A
NFLX,Erro ao buscar dados,-,,,,,,,,N/A,N/A,N/A
NFTY,Erro ao buscar dados,-,,,,,,,,N/A,N/A,N/A
NGA,Erro ao buscar dados,-,,,,,,,,N/A,N/A,N/A
NGA.U,Erro ao buscar dados,-,,,,,,,,N/A,N/A,N/A
NGA.WS,Erro ao buscar dados,-,,,,,,,,N/A,N/A,N/A
NGAB.U,Erro ao buscar dados,-,,,,,,,,N/A,N/A,N/A
NGAC,Erro ao buscar dados,-,,,,,,,,N/A,N/A,N/A
NGACU,Erro ao buscar dados,-,,,,,,,,N/A,N/A,N/A
NGACW,Erro ao buscar dados,-,,,,,,,,N/A,N/A,N/A
NGG,Erro ao buscar dados,-,,,,,,,,N/A,N/A,N/A
NGHCO,Erro ao buscar dados,-,,,,,,,,N/A,N/A,N/A
NGHCP,Erro ao buscar dados,-,,,,,,,,N/A,N/A,N/A
NGHCZ,Erro ao buscar dados,-,,,,,,,,N/A,N/A,N/A
NGL,Erro ao buscar dados,-,,,,,,,,N/A,N/A,N/A
NGL^B,Erro ao buscar dados,-,,,,,,,,N/A,N/A,N/A
NGL^C,Erro ao buscar dados,-,,,,,,,,N/A,N/A,N/A
NGM,Erro ao buscar dados,-,,,,,,,,N/A,N/A,N/A
NGMS,Erro ao buscar dados,-,,,,,,,,N/A,N/A,N/A
NGS,Erro ao buscar dados,-,,,,,,,,N/A,N/A,N/A
NGVC,Erro ao buscar dados,-,,,,,,,,N/A,N/A,N/A
NGVT,Erro ao buscar dados,-,,,,,,,,N/A,N/A,N/A
NH,Erro ao buscar dados,-,,,,,,,,N/A,N/A,N/A
NHA,Erro ao buscar dados,-,,,,,,,,N/A,N/A,N/A
NHF,Erro ao buscar dados,-,,,,,,,,N/A,N/A,N/A
NHI,Erro ao buscar dados,-,,,,,,,,N/A,N/A,N/A
NHIC,Erro ao buscar dados,-,,,,,,,,N/A,N/A,N/A
NHICU,Erro ao buscar dados,-,,,,,,,,N/A,N/A,N/A
NHICW,Erro ao buscar dados,-,,,,,,,,N/A,N/A,N/A
NHLD,Erro ao buscar dados,-,,,,,,,,N/A,N/A,N/A
NHLDW,Erro ao buscar dados,-,,,,,,,,N/A,N/A,N/A
NHTC,Erro ao buscar dados,-,,,,,,,,N/A,N/A,N/A
NI,Erro ao buscar dados,-,,,,,,,,N/A,N/A,N/A
NICE,Erro ao buscar dados,-,,,,,,,,N/A,N/A,N/A
NICK,Erro ao buscar dados,-,,,,,,,,N/A,N/A,N/A
NID,Erro ao buscar dados,-,,,,,,,,N/A,N/A,N/A
NIE,Erro ao buscar dados,-,,,,,,,,N/A,N/A,N/A
NIM,Erro ao buscar dados,-,,,,,,,,N/A,N/A,N/A
NINE,Erro ao buscar dados,-,,,,,,,,N/A,N/A,N/A
NIO,Erro ao buscar dados,-,,,,,,,,N/A,N/A,N/A
NIQ,Erro ao buscar dados,-,,,,,,,,N/A,N/A,N/A
NMCI,Erro ao buscar dados,-,,,,,,,,N/A,N/A,N/A
NMCO,Erro ao buscar dados,-,,,,,,,,N/A,N/A,N/A
NMFC,Erro ao buscar dados,-,,,,,,,,N/A,N/A,N/A
NMFCL,Erro ao buscar dados,-,,,,,,,,N/A,N/A,N/A
NMI,Erro ao buscar dados,-,,,,,,,,N/A,N/A,N/A
NMIH,Erro ao buscar dados,-,,,,,,,,N/A,N/A,N/A
NMK^B,Erro ao buscar dados,-,,,,,,,,N/A,N/A,N/A
NMK^C,Erro ao buscar dados,-,,,,,,,,N/A,N/A,N/A
NMM,Erro ao buscar dados,-,,,,,,,,N/A,N/A,N/A
NMMC,Erro ao buscar dados,-,,,,,,,,N/A,N/A,N/A
NMMCU,Erro ao buscar dados,-,,,,,,,,N/A,N/A,N/A
NMMCW,Erro ao buscar dados,-,,,,,,,,N/A,N/A,N/A
NMR,Erro ao buscar dados,-,,,,,,,,N/A,N/A,N/A
NMRD,Erro ao buscar dados,-,,,,,,,,N/A,N/A,N/A
NMRK,Erro ao buscar dados,-,,,,,,,,N/A,N/A,N/A
NMS,Erro ao buscar dados,-,,,,,,,,N/A,N/A,N/A
NMT,Erro ao buscar dados,-,,,,,,,,N/A,N/A,N/A
NMTR,Erro ao buscar dados,-,,,,,,,,N/A,N/A,N/A
NMY,Erro ao buscar dados,-,,,,,,,,N/A,N/A,N/A
NMZ,Erro ao buscar dados,-,,,,,,,,N/A,N/A,N/A
NM^G,Erro ao buscar dados,-,,,,,,,,N/A,N/A,N/A
NM^H,Erro ao buscar dados,-,,,,,,,,N/A,N/A,N/A
NNA,Erro ao buscar dados,-,,,,,,,,N/A,N/A,N/A
NNBR,Erro ao buscar dados,-,,,,,,,,N/A,N/A,N/A
NNDM,Erro ao buscar dados,-,,,,,,,,N/A,N/A,N/A
NISN,Erro ao buscar dados,-,,,,,,,,N/A,N/A,N/A
NIU,Erro ao buscar dados,-,,,,,,,,N/A,N/A,N/A
NI^B,Erro ao buscar dados,-,,,,,,,,N/A,N/A,N/A
NJR,Erro ao buscar dados,-,,,,,,,,N/A,N/A,N/A
NJV,Erro ao buscar dados,-,,,,,,,,N/A,N/A,N/A
NK,Erro ao buscar dados,-,,,,,,,,N/A,N/A,N/A
NKE,Erro ao buscar dados,-,,,,,,,,N/A,N/A,N/A
NKG,Erro ao buscar dados,-,,,,,,,,N/A,N/A,N/A
NKLA,Erro ao buscar dados,-,,,,,,,,N/A,N/A,N/A
NKSH,Erro ao buscar dados,-,,,,,,,,N/A,N/A,N/A
NKTR,Erro ao buscar dados,-,,,,,,,,N/A,N/A,N/A
NKTX,Erro ao buscar dados,-,,,,,,,,N/A,N/A,N/A
NKX,Erro ao buscar dados,-,,,,,,,,N/A,N/A,N/A
NL,Erro ao buscar dados,-,,,,,,,,N/A,N/A,N/A
NLOK,Erro ao buscar dados,-,,,,,,,,N/A,N/A,N/A
NLS,Erro ao buscar dados,-,,,,,,,,N/A,N/A,N/A
NLSN,Erro ao buscar dados,-,,,,,,,,N/A,N/A,N/A
NLSP,Erro ao buscar dados,-,,,,,,,,N/A,N/A,N/A
NLSPW,Erro ao buscar dados,-,,,,,,,,N/A,N/A,N/A
NLTX,Erro ao buscar dados,-,,,,,,,,N/A,N/A,N/A
NLY,Erro ao buscar dados,-,,,,,,,,N/A,N/A,N/A
NLY^F,Erro ao buscar dados,-,,,,,,,,N/A,N/A,N/A
NLY^G,Erro ao buscar dados,-,,,,,,,,N/A,N/A,N/A
NLY^I,Erro ao buscar dados,-,,,,,,,,N/A,N/A,N/A
NM,Erro ao buscar dados,-,,,,,,,,N/A,N/A,N/A
NNI,Erro ao buscar dados,-,,,,,,,,N/A,N/A,N/A
NNN,Erro ao buscar dados,-,,,,,,,,N/A,N/A,N/A
NNN^F,Erro ao buscar dados,-,,,,,,,,N/A,N/A,N/A
NNOX,Erro ao buscar dados,-,,,,,,,,N/A,N/A,N/A
NNY,Erro ao buscar dados,-,,,,,,,,N/A,N/A,N/A
NOA,Erro ao buscar dados,-,,,,,,,,N/A,N/A,N/A
NOACU,Erro ao buscar dados,-,,,,,,,,N/A,N/A,N/A
NOAH,Erro ao buscar dados,-,,,,,,,,N/A,N/A,N/A
NOC,Erro ao buscar dados,-,,,,,,,,N/A,N/A,N/A
NODK,Erro ao buscar dados,-,,,,,,,,N/A,N/A,N/A
NOK,Erro ao buscar dados,-,,,,,,,,N/A,N/A,N/A
NOM,Erro ao buscar dados,-,,,,,,,,N/A,N/A,N/A
NOMD,Erro ao buscar dados,-,,,,,,,,N/A,N/A,N/A
NOV,Erro ao buscar dados,-,,,,,,,,N/A,N/A,N/A
NOVA,Erro ao buscar dados,-,,,,,,,,N/A,N/A,N/A
NOVN,Erro ao buscar dados,-,,,,,,,,N/A,N/A,N/A
NOVS,Erro ao buscar dados,-,,,,,,,,N/A,N/A,N/A
NOVSU,Erro ao buscar dados,-,,,,,,,,N/A,N/A,N/A
NOVSW,Erro ao buscar dados,-,,,,,,,,N/A,N/A,N/A
NOVT,Erro ao buscar dados,-,,,,,,,,N/A,N/A,N/A
NOW,Erro ao buscar dados,-,,,,,,,,N/A,N/A,N/A
NP,Erro ao buscar dados,-,,,,,,,,N/A,N/A,N/A
NPA,Erro ao buscar dados,-,,,,,,,,N/A,N/A,N/A
NPAUU,Erro ao buscar dados,-,,,,,,,,N/A,N/A,N/A
NPAWW,Erro ao buscar dados,-,,,,,,,,N/A,N/A,N/A
NPK,Erro ao buscar dados,-,,,,,,,,N/A,N/A,N/A
NPN,Erro ao buscar dados,-,,,,,,,,N/A,N/A,N/A
NPO,Erro ao buscar dados,-,,,,,,,,N/A,N/A,N/A
NPTN,Erro ao buscar dados,-,,,,,,,,N/A,N/A,N/A
NPV,Erro ao buscar dados,-,,,,,,,,N/A,N/A,N/A
NQP,Erro ao buscar dados,-,,,,,,,,N/A,N/A,N/A
NR,Erro ao buscar dados,-,,,,,,,,N/A,N/A,N/A
NRBO,Erro ao buscar dados,-,,,,,,,,N/A,N/A,N/A
NRC,Erro ao buscar dados,-,,,,,,,,N/A,N/A,N/A
NREF,Erro ao buscar dados,-,,,,,,,,N/A,N/A,N/A
NREF^A,Erro ao buscar dados,-,,,,,,,,N/A,N/A,N/A
NRG,Erro ao buscar dados,-,,,,,,,,N/A,N/A,N/A
NRGX,Erro ao buscar dados,-,,,,,,,,N/A,N/A,N/A
NRIM,Erro ao buscar dados,-,,,,,,,,N/A,N/A,N/A
NRIX,Erro ao buscar dados,-,,,,,,,,N/A,N/A,N/A
NRK,Erro ao buscar dados,-,,,,,,,,N/A,N/A,N/A
NRP,Erro ao buscar dados,-,,,,,,,,N/A,N/A,N/A
NRT,Erro ao buscar dados,-,,,,,,,,N/A,N/A,N/A
NRUC,Erro ao buscar dados,-,,,,,,,,N/A,N/A,N/A
NRZ,Erro ao buscar dados,-,,,,,,,,N/A,N/A,N/A
NRZ^A,Erro ao buscar dados,-,,,,,,,,N/A,N/A,N/A
NRZ^B,Erro ao buscar dados,-,,,,,,,,N/A,N/A,N/A
NRZ^C,Erro ao buscar dados,-,,,,,,,,N/A,N/A,N/A
NS,Erro ao buscar dados,-,,,,,,,,N/A,N/A,N/A
NSA,Erro ao buscar dados,-,,,,,,,,N/A,N/A,N/A
NSA^A,Erro ao buscar dados,-,,,,,,,,N/A,N/A,N/A
NSC,Erro ao buscar dados,-,,,,,,,,N/A,N/A,N/A
NSCO,Erro ao buscar dados,-,,,,,,,,N/A,N/A,N/A
NSCO.WS,Erro ao buscar dados,-,,,,,,,,N/A,N/A,N/A
NSEC,Erro ao buscar dados,-,,,,,,,,N/A,N/A,N/A
NSH,Erro ao buscar dados,-,,,,,,,,N/A,N/A,N/A
NSH.U,Erro ao buscar dados,-,,,,,,,,N/A,N/A,N/A
NSH.WS,Erro ao buscar dados,-,,,,,,,,N/A,N/A,N/A
NSIT,Erro ao buscar dados,-,,,,,,,,N/A,N/A,N/A
NSL,Erro ao buscar dados,-,,,,,,,,N/A,N/A,N/A
NSP,Erro ao buscar dados,-,,,,,,,,N/A,N/A,N/A
NSS,Erro ao buscar dados,-,,,,,,,,N/A,N/A,N/A
NSSC,Erro ao buscar dados,-,,,,,,,,N/A,N/A,N/A
NSTG,Erro ao buscar dados,-,,,,,,,,N/A,N/A,N/A
NSYS,Erro ao buscar dados,-,,,,,,,,N/A,N/A,N/A
NS^A,Erro ao buscar dados,-,,,,,,,,N/A,N/A,N/A
NS^B,Erro ao buscar dados,-,,,,,,,,N/A,N/A,N/A
NS^C,Erro ao buscar dados,-,,,,,,,,N/A,N/A,N/A
NTAP,Erro ao buscar dados,-,,,,,,,,N/A,N/A,N/A
NTB,Erro ao buscar dados,-,,,,,,,,N/A,N/A,N/A
NTCO,Erro ao buscar dados,-,,,,,,,,N/A,N/A,N/A
NTCO3.SA,Erro ao buscar dados,-,,,,,,,,N/A,N/A,N/A
NTCT,Erro ao buscar dados,-,,,,,,,,N/A,N/A,N/A
NTEC,Erro ao buscar dados,-,,,,,,,,N/A,N/A,N/A
NTES,Erro ao buscar dados,-,,,,,,,,N/A,N/A,N/A
NTEST,Erro ao buscar dados,-,,,,,,,,N/A,N/A,N/A
NTEST.A,Erro ao buscar dados,-,,,,,,,,N/A,N/A,N/A
NTEST.B,Erro ao buscar dados,-,,,,,,,,N/A,N/A,N/A
NTEST.C,Erro ao buscar dados,-,,,,,,,,N/A,N/A,N/A
NTG,Erro ao buscar dados,-,,,,,,,,N/A,N/A,N/A
NTGR,Erro ao buscar dados,-,,,,,,,,N/A,N/A,N/A
NTIC,Erro ao buscar dados,-,,,,,,,,N/A,N/A,N/A
NTLA,Erro ao buscar dados,-,,,,,,,,N/A,N/A,N/A
NTNX,Erro ao buscar dados,-,,,,,,,,N/A,N/A,N/A
NTP,Erro ao buscar dados,-,,,,,,,,N/A,N/A,N/A
NTR,Erro ao buscar dados,-,,,,,,,,N/A,N/A,N/A
NTRA,Erro ao buscar dados,-,,,,,,,,N/A,N/A,N/A
NTRS,Erro ao buscar dados,-,,,,,,,,N/A,N/A,N/A
NTRSO,Erro ao buscar dados,-,,,,,,,,N/A,N/A,N/A
NTST,Erro ao buscar dados,-,,,,,,,,N/A,N/A,N/A
NTUS,Erro ao buscar dados,-,,,,,,,,N/A,N/A,N/A
NTWK,Erro ao buscar dados,-,,,,,,,,N/A,N/A,N/A
NTZ,Erro ao buscar dados,-,,,,,,,,N/A,N/A,N/A
NU,Erro ao buscar dados,-,,,,,,,,N/A,N/A,N/A
NUAN,Erro ao buscar dados,-,,,,,,,,N/A,N/A,N/A
NUE,Erro ao buscar dados,-,,,,,,,,N/A,N/A,N/A
NUM,Erro ao buscar dados,-,,,,,,,,N/A,N/A,N/A
NUO,Erro ao buscar dados,-,,,,,,,,N/A,N/A,N/A
NURO,Erro ao buscar dados,-,,,,,,,,N/A,N/A,N/A
NUS,Erro ao buscar dados,-,,,,,,,,N/A,N/A,N/A
NUV,Erro ao buscar dados,-,,,,,,,,N/A,N/A,N/A
NUVA,Erro ao buscar dados,-,,,,,,,,N/A,N/A,N/A
NUW,Erro ao buscar dados,-,,,,,,,,N/A,N/A,N/A
NUZE,Erro ao buscar dados,-,,,,,,,,N/A,N/A,N/A
NVAX,Erro ao buscar dados,-,,,,,,,,N/A,N/A,N/A
NVCN,Erro ao buscar dados,-,,,,,,,,N/A,N/A,N/A
NVCR,Erro ao buscar dados,-,,,,,,,,N/A,N/A,N/A
NVDA,Erro ao buscar dados,-,,,,,,,,N/A,N/A,N/A
NVEC,Erro ao buscar dados,-,,,,,,,,N/A,N/A,N/A
NVEE,Erro ao buscar dados,-,,,,,,,,N/A,N/A,N/A
NVFY,Erro ao buscar dados,-,,,,,,,,N/A,N/A,N/A
NVG,Erro ao buscar dados,-,,,,,,,,N/A,N/A,N/A
NVGS,Erro ao buscar dados,-,,,,,,,,N/A,N/A,N/A
NVIV,Erro ao buscar dados,-,,,,,,,,N/A,N/A,N/A
NVMI,Erro ao buscar dados,-,,,,,,,,N/A,N/A,N/A
NVO,Erro ao buscar dados,-,,,,,,,,N/A,N/A,N/A
NVR,Erro ao buscar dados,-,,,,,,,,N/A,N/A,N/A
NVRO,Erro ao buscar dados,-,,,,,,,,N/A,N/A,N/A
NVS,Erro ao buscar dados,-,,,,,,,,N/A,N/A,N/A
NVST,Erro ao buscar dados,-,,,,,,,,N/A,N/A,N/A
NVT,Erro ao buscar dados,-,,,,,,,,N/A,N/A,N/A
NVTA,Erro ao buscar dados,-,,,,,,,,N/A,N/A,N/A
NWBI,Erro ao buscar dados,-,,,,,,,,N/A,N/A,N/A
NWE,Erro ao buscar dados,-,,,,,,,,N/A,N/A,N/A
NWFL,Erro ao buscar dados,-,,,,,,,,N/A,N/A,N/A
NWG,Erro ao buscar dados,-,,,,,,,,N/A,N/A,N/A
NWHM,Erro ao buscar dados,-,,,,,,,,N/A,N/A,N/A
NWL,Erro ao buscar dados,-,,,,,,,,N/A,N/A,N/A
NWLI,Erro ao buscar dados,-,,,,,,,,N/A,N/A,N/A
NWN,Erro ao buscar dados,-,,,,,,,,N/A,N/A,N/A
NWPX,Erro ao buscar dados,-,,,,,,,,N/A,N/A,N/A
NWS,Erro ao buscar dados,-,,,,,,,,N/A,N/A,N/A
NWSA,Erro ao buscar dados,-,,,,,,,,N/A,N/A,N/A
NX,Erro ao buscar dados,-,,,,,,,,N/A,N/A,N/A
NXC,Erro ao buscar dados,-,,,,,,,,N/A,N/A,N/A
NXGN,Erro ao buscar dados,-,,,,,,,,N/A,N/A,N/A
NXJ,Erro ao buscar dados,-,,,,,,,,N/A,N/A,N/A
NXN,Erro ao buscar dados,-,,,,,,,,N/A,N/A,N/A
NXP,Erro ao buscar dados,-,,,,,,,,N/A,N/A,N/A
NXPI,Erro ao buscar dados,-,,,,,,,,N/A,N/A,N/A
NXQ,Erro ao buscar dados,-,,,,,,,,N/A,N/A,N/A
NXR,Erro ao buscar dados,-,,,,,,,,N/A,N/A,N/A
NXRT,Erro ao buscar dados,-,,,,,,,,N/A,N/A,N/A
NXST,Erro ao buscar dados,-,,,,,,,,N/A,N/A,N/A
NXTC,Erro ao buscar dados,-,,,,,,,,N/A,N/A,N/A
NXTD,Erro ao buscar dados,-,,,,,,,,N/A,N/A,N/A
NXTG,Erro ao buscar dados,-,,,,,,,,N/A,N/A,N/A
NYC,Erro ao buscar dados,-,,,,,,,,N/A,N/A,N/A
NYCB,Erro ao buscar dados,-,,,,,,,,N/A,N/A,N/A
NYCB^A,Erro ao buscar dados,-,,,,,,,,N/A,N/A,N/A
NYCB^U,Erro ao buscar dados,-,,,,,,,,N/A,N/A,N/A
NYMT,Erro ao buscar dados,-,,,,,,,,N/A,N/A,N/A
NYMTM,Erro ao buscar dados,-,,,,,,,,N/A,N/A,N/A
NYMTN,Erro ao buscar dados,-,,,,,,,,N/A,N/A,N/A
NYMTO,Erro ao buscar dados,-,,,,,,,,N/A,N/A,N/A
NYMTP,Erro ao buscar dados,-,,,,,,,,N/A,N/A,N/A
NYMX,Erro ao buscar dados,-,,,,,,,,N/A,N/A,N/A
NYT,Erro ao buscar dados,-,,,,,,,,N/A,N/A,N/A
NYV,Erro ao buscar dados,-,,,,,,,,N/A,N/A,N/A
NZF,Erro ao buscar dados,-,,,,,,,,N/A,N/A,N/A
O,Erro ao buscar dados,-,,,,,,,,N/A,N/A,N/A
OACB,Erro ao buscar dados,-,,,,,,,,N/A,N/A,N/A
OACB.U,Erro ao buscar dados,-,,,,,,,,N/A,N/A,N/A
OACB.WS,Erro ao buscar dados,-,,,,,,,,N/A,N/A,N/A
OAK^A,Erro ao buscar dados,-,,,,,,,,N/A,N/A,N/A
OAK^B,Erro ao buscar dados,-,,,,,,,,N/A,N/A,N/A
OAS,Erro ao buscar dados,-,,,,,,,,N/A,N/A,N/A
OBAS,Erro ao buscar dados,-,,,,,,,,N/A,N/A,N/A
OBCI,Erro ao buscar dados,-,,,,,,,,N/A,N/A,N/A
OBLN,Erro ao buscar dados,-,,,,,,,,N/A,N/A,N/A
OBNK,Erro ao buscar dados,-,,,,,,,,N/A,N/A,N/A
OBSV,Erro ao buscar dados,-,,,,,,,,N/A,N/A,N/A
OC,Erro ao buscar dados,-,,,,,,,,N/A,N/A,N/A
OCA,Erro ao buscar dados,-,,,,,,,,N/A,N/A,N/A
OCA.U,Erro ao buscar dados,-,,,,,,,,N/A,N/A,N/A
OCA.WS,Erro ao buscar dados,-,,,,,,,,N/A,N/A,N/A
OCAXU,Erro ao buscar dados,-,,,,,,,,N/A,N/A,N/A
OCC,Erro ao buscar dados,-,,,,,,,,N/A,N/A,N/A
OCCI,Erro ao buscar dados,-,,,,,,,,N/A,N/A,N/A
OCCIP,Erro ao buscar dados,-,,,,,,,,N/A,N/A,N/A
OCFC,Erro ao buscar dados,-,,,,,,,,N/A,N/A,N/A
OCFCP,Erro ao buscar dados,-,,,,,,,,N/A,N/A,N/A
OCFT,Erro ao buscar dados,-,,,,,,,,N/A,N/A,N/A
OCG,Erro ao buscar dados,-,,,,,,,,N/A,N/A,N/A
OCGN,Erro ao buscar dados,-,,,,,,,,N/A,N/A,N/A
OCN,Erro ao buscar dados,-,,,,,,,,N/A,N/A,N/A
OCSI,Erro ao buscar dados,-,,,,,,,,N/A,N/A,N/A
OCSL,Erro ao buscar dados,-,,,,,,,,N/A,N/A,N/A
OCUL,Erro ao buscar dados,-,,,,,,,,N/A,N/A,N/A
OCUP,Erro ao buscar dados,-,,,,,,,,N/A,N/A,N/A
ODC,Erro ao buscar dados,-,,,,,,,,N/A,N/A,N/A
ODFL,Erro ao buscar dados,-,,,,,,,,N/A,N/A,N/A
ODP,Erro ao buscar dados,-,,,,,,,,N/A,N/A,N/A
ODT,Erro ao buscar dados,-,,,,,,,,N/A,N/A,N/A
OEC,Erro ao buscar dados,-,,,,,,,,N/A,N/A,N/A
OEG,Erro ao buscar dados,-,,,,,,,,N/A,N/A,N/A
OEPWU,Erro ao buscar dados,-,,,,,,,,N/A,N/A,N/A
OESX,Erro ao buscar dados,-,,,,,,,,N/A,N/A,N/A
OFC,Erro ao buscar dados,-,,,,,,,,N/A,N/A,N/A
OFED,Erro ao buscar dados,-,,,,,,,,N/A,N/A,N/A
OFG,Erro ao buscar dados,-,,,,,,,,N/A,N/A,N/A
OFG^A,Erro ao buscar dados,-,,,,,,,,N/A,N/A,N/A
OFG^B,Erro ao buscar dados,-,,,,,,,,N/A,N/A,N/A
OFG^D,Erro ao buscar dados,-,,,,,,,,N/A,N/A,N/A
OFIX,Erro ao buscar dados,-,,,,,,,,N/A,N/A,N/A
OFLX,Erro ao buscar dados,-,,,,,,,,N/A,N/A,N/A
OFS,Erro ao buscar dados,-,,,,,,,,N/A,N/A,N/A
OFSSG,Erro ao buscar dados,-,,,,,,,,N/A,N/A,N/A
OFSSI,Erro ao buscar dados,-,,,,,,,,N/A,N/A,N/A
OFSSL,Erro ao buscar dados,-,,,,,,,,N/A,N/A,N/A
OFSSZ,Erro ao buscar dados,-,,,,,,,,N/A,N/A,N/A
OGE,Erro ao buscar dados,-,,,,,,,,N/A,N/A,N/A
OGI,Erro ao buscar dados,-,,,,,,,,N/A,N/A,N/A
OGS,Erro ao buscar dados,-,,,,,,,,N/A,N/A,N/A
OHI,Erro ao buscar dados,-,,,,,,,,N/A,N/A,N/A
OI,Erro ao buscar dados,-,,,,,,,,N/A,N/A,N/A
OIA,Erro ao buscar dados,-,,,,,,,,N/A,N/A,N/A
OIBR.C,Erro ao buscar dados,-,,,,,,,,N/A,N/A,N/A
OII,Erro ao buscar dados,-,,,,,,,,N/A,N/A,N/A
OIIM,Erro ao buscar dados,-,,,,,,,,N/A,N/A,N/A
OIS,Erro ao buscar dados,-,,,,,,,,N/A,N/A,N/A
OKE,Erro ao buscar dados,-,,,,,,,,N/A,N/A,N/A
OKTA,Erro ao buscar dados,-,,,,,,,,N/A,N/A,N/A
OLB,Erro ao buscar dados,-,,,,,,,,N/A,N/A,N/A
OLD,Erro ao buscar dados,-,,,,,,,,N/A,N/A,N/A
OLED,Erro ao buscar dados,-,,,,,,,,N/A,N/A,N/A
OLLI,Erro ao buscar dados,-,,,,,,,,N/A,N/A,N/A
OLMA,Erro ao buscar dados,-,,,,,,,,N/A,N/A,N/A
OLN,Erro ao buscar dados,-,,,,,,,,N/A,N/A,N/A
OLP,Erro ao buscar dados,-,,,,,,,,N/A,N/A,N/A
OM,Erro ao buscar dados,-,,,,,,,,N/A,N/A,N/A
OMAB,Erro ao buscar dados,-,,,,,,,,N/A,N/A,N/A
OMC,Erro ao buscar dados,-,,,,,,,,N/A,N/A,N/A
OMCL,Erro ao buscar dados,-,,,,,,,,N/A,N/A,N/A
OMEG,Erro ao buscar dados,-,,,,,,,,N/A,N/A,N/A
OMER,Erro ao buscar dados,-,,,,,,,,N/A,N/A,N/A
OMEX,Erro ao buscar dados,-,,,,,,,,N/A,N/A,N/A
OMF,Erro ao buscar dados,-,,,,,,,,N/A,N/A,N/A
OMI,Erro ao buscar dados,-,,,,,,,,N/A,N/A,N/A
OMP,Erro ao buscar dados,-,,,,,,,,N/A,N/A,N/A
ON,Erro ao buscar dados,-,,,,,,,,N/A,N/A,N/A
ONB,Erro ao buscar dados,-,,,,,,,,N/A,N/A,N/A
ONCR,Erro ao buscar dados,-,,,,,,,,N/A,N/A,N/A
ONCS,Erro ao buscar dados,-,,,,,,,,N/A,N/A,N/A
ONCT,Erro ao buscar dados,-,,,,,,,,N/A,N/A,N/A
ONCY,Erro ao buscar dados,-,,,,,,,,N/A,N/A,N/A
ONDS,Erro ao buscar dados,-,,,,,,,,N/A,N/A,N/A
ONE,Erro ao buscar dados,-,,,,,,,,N/A,N/A,N/A
ONEM,Erro ao buscar dados,-,,,,,,,,N/A,N/A,N/A
ONEQ,Erro ao buscar dados,-,,,,,,,,N/A,N/A,N/A
ONEW,Erro ao buscar dados,-,,,,,,,,N/A,N/A,N/A
ONTO,Erro ao buscar dados,-,,,,,,,,N/A,N/A,N/A
ONTX,Erro ao buscar dados,-,,,,,,,,N/A,N/A,N/A
ONTXW,Erro ao buscar dados,-,,,,,,,,N/A,N/A,N/A
ONVO,Erro ao buscar dados,-,,,,,,,,N/A,N/A,N/A
OOMA,Erro ao buscar dados,-,,,,,,,,N/A,N/A,N/A
OPBK,Erro ao buscar dados,-,,,,,,,,N/A,N/A,N/A
OPCH,Erro ao buscar dados,-,,,,,,,,N/A,N/A,N/A
OPEN,Erro ao buscar dados,-,,,,,,,,N/A,N/A,N/A
OPENW,Erro ao buscar dados,-,,,,,,,,N/A,N/A,N/A
OPGN,Erro ao buscar dados,-,,,,,,,,N/A,N/A,N/A
OPHC,Erro ao buscar dados,-,,,,,,,,N/A,N/A,N/A
OPI,Erro ao buscar dados,-,,,,,,,,N/A,N/A,N/A
OPINI,Erro ao buscar dados,-,,,,,,,,N/A,N/A,N/A
OPINL,Erro ao buscar dados,-,,,,,,,,N/A,N/A,N/A
OPK,Erro ao buscar dados,-,,,,,,,,N/A,N/A,N/A
OPNT,Erro ao buscar dados,-,,,,,,,,N/A,N/A,N/A
OPOF,Erro ao buscar dados,-,,,,,,,,N/A,N/A,N/A
OPP,Erro ao buscar dados,-,,,,,,,,N/A,N/A,N/A
OPP^A,Erro ao buscar dados,-,,,,,,,,N/A,N/A,N/A
OPRA,Erro ao buscar dados,-,,,,,,,,N/A,N/A,N/A
OPRT,Erro ao buscar dados,-,,,,,,,,N/A,N/A,N/A
OPRX,Erro ao buscar dados,-,,,,,,,,N/A,N/A,N/A
OPT,Erro ao buscar dados,-,,,,,,,,N/A,N/A,N/A
OPTN,Erro ao buscar dados,-,,,,,,,,N/A,N/A,N/A
OPTT,Erro ao buscar dados,-,,,,,,,,N/A,N/A,N/A
OPY,Erro ao buscar dados,-,,,,,,,,N/A,N/A,N/A
OR,Erro ao buscar dados,-,,,,,,,,N/A,N/A,N/A
ORA,Erro ao buscar dados,-,,,,,,,,N/A,N/A,N/A
ORAN,Erro ao buscar dados,-,,,,,,,,N/A,N/A,N/A
ORBC,Erro ao buscar dados,-,,,,,,,,N/A,N/A,N/A
ORC,Erro ao buscar dados,-,,,,,,,,N/A,N/A,N/A
ORCC,Erro ao buscar dados,-,,,,,,,,N/A,N/A,N/A
ORCL,Erro ao buscar dados,-,,,,,,,,N/A,N/A,N/A
ORGO,Erro ao buscar dados,-,,,,,,,,N/A,N/A,N/A
ORGS,Erro ao buscar dados,-,,,,,,,,N/A,N/A,N/A
ORI,Erro ao buscar dados,-,,,,,,,,N/A,N/A,N/A
ORIC,Erro ao buscar dados,-,,,,,,,,N/A,N/A,N/A
ORLY,Erro ao buscar dados,-,,,,,,,,N/A,N/A,N/A
ORMP,Erro ao buscar dados,-,,,,,,,,N/A,N/A,N/A
ORN,Erro ao buscar dados,-,,,,,,,,N/A,N/A,N/A
ORPH,Erro ao buscar dados,-,,,,,,,,N/A,N/A,N/A
ORRF,Erro ao buscar dados,-,,,,,,,,N/A,N/A,N/A
ORTX,Erro ao buscar dados,-,,,,,,,,N/A,N/A,N/A
OSB,Erro ao buscar dados,-,,,,,,,,N/A,N/A,N/A
OSBC,Erro ao buscar dados,-,,,,,,,,N/A,N/A,N/A
OSG,Erro ao buscar dados,-,,,,,,,,N/A,N/A,N/A
OSH,Erro ao buscar dados,-,,,,,,,,N/A,N/A,N/A
OSIS,Erro ao buscar dados,-,,,,,,,,N/A,N/A,N/A
OSK,Erro ao buscar dados,-,,,,,,,,N/A,N/A,N/A
OSMT,Erro ao buscar dados,-,,,,,,,,N/A,N/A,N/A
OSN,Erro ao buscar dados,-,,,,,,,,N/A,N/A,N/A
OSPN,Erro ao buscar dados,-,,,,,,,,N/A,N/A,N/A
OSS,Erro ao buscar dados,-,,,,,,,,N/A,N/A,N/A
OSTK,Erro ao buscar dados,-,,,,,,,,N/A,N/A,N/A
OSTRU,Erro ao buscar dados,-,,,,,,,,N/A,N/A,N/A
OSUR,Erro ao buscar dados,-,,,,,,,,N/A,N/A,N/A
OSW,Erro ao buscar dados,-,,,,,,,,N/A,N/A,N/A
OTEL,Erro ao buscar dados,-,,,,,,,,N/A,N/A,N/A
OTEX,Erro ao buscar dados,-,,,,,,,,N/A,N/A,N/A
OTIC,Erro ao buscar dados,-,,,,,,,,N/A,N/A,N/A
OTIS,Erro ao buscar dados,-,,,,,,,,N/A,N/A,N/A
OTLK,Erro ao buscar dados,-,,,,,,,,N/A,N/A,N/A
OTLKW,Erro ao buscar dados,-,,,,,,,,N/A,N/A,N/A
OTRA,Erro ao buscar dados,-,,,,,,,,N/A,N/A,N/A
OTRAU,Erro ao buscar dados,-,,,,,,,,N/A,N/A,N/A
OTRAW,Erro ao buscar dados,-,,,,,,,,N/A,N/A,N/A
OTRK,Erro ao buscar dados,-,,,,,,,,N/A,N/A,N/A
OTRKP,Erro ao buscar dados,-,,,,,,,,N/A,N/A,N/A
OTTR,Erro ao buscar dados,-,,,,,,,,N/A,N/A,N/A
OUT,Erro ao buscar dados,-,,,,,,,,N/A,N/A,N/A
OVBC,Erro ao buscar dados,-,,,,,,,,N/A,N/A,N/A
OVID,Erro ao buscar dados,-,,,,,,,,N/A,N/A,N/A
OVLY,Erro ao buscar dados,-,,,,,,,,N/A,N/A,N/A
OVV,Erro ao buscar dados,-,,,,,,,,N/A,N/A,N/A
PACXU,Erro ao buscar dados,-,,,,,,,,N/A,N/A,N/A
PAE,Erro ao buscar dados,-,,,,,,,,N/A,N/A,N/A
PAEWW,Erro ao buscar dados,-,,,,,,,,N/A,N/A,N/A
PAG,Erro ao buscar dados,-,,,,,,,,N/A,N/A,N/A
PAGP,Erro ao buscar dados,-,,,,,,,,N/A,N/A,N/A
PAGS,Erro ao buscar dados,-,,,,,,,,N/A,N/A,N/A
PAHC,Erro ao buscar dados,-,,,,,,,,N/A,N/A,N/A
PAI,Erro ao buscar dados,-,,,,,,,,N/A,N/A,N/A
PAIC,Erro ao buscar dados,-,,,,,,,,N/A,N/A,N/A
PAICU,Erro ao buscar dados,-,,,,,,,,N/A,N/A,N/A
PAICW,Erro ao buscar dados,-,,,,,,,,N/A,N/A,N/A
PAM,Erro ao buscar dados,-,,,,,,,,N/A,N/A,N/A
PANA,Erro ao buscar dados,-,,,,,,,,N/A,N/A,N/A
PANA.U,Erro ao buscar dados,-,,,,,,,,N/A,N/A,N/A
PANA.WS,Erro ao buscar dados,-,,,,,,,,N/A,N/A,N/A
PAND,Erro ao buscar dados,-,,,,,,,,N/A,N/A,N/A
PANL,Erro ao buscar dados,-,,,,,,,,N/A,N/A,N/A
PANW,Erro ao buscar dados,-,,,,,,,,N/A,N/A,N/A
PAQCU,Erro ao buscar dados,-,,,,,,,,N/A,N/A,N/A
PAR,Erro ao buscar dados,-,,,,,,,,N/A,N/A,N/A
PARR,Erro ao buscar dados,-,,,,,,,,N/A,N/A,N/A
PASG,Erro ao buscar dados,-,,,,,,,,N/A,N/A,N/A
PATI,Erro ao buscar dados,-,,,,,,,,N/A,N/A,N/A
PATK,Erro ao buscar dados,-,,,,,,,,N/A,N/A,N/A
PAVM,Erro ao buscar dados,-,,,,,,,,N/A,N/A,N/A
OXBR,Erro ao buscar dados,-,,,,,,,,N/A,N/A,N/A
OXBRW,Erro ao buscar dados,-,,,,,,,,N/A,N/A,N/A
OXFD,Erro ao buscar dados,-,,,,,,,,N/A,N/A,N/A
OXLC,Erro ao buscar dados,-,,,,,,,,N/A,N/A,N/A
OXLCM,Erro ao buscar dados,-,,,,,,,,N/A,N/A,N/A
OXLCO,Erro ao buscar dados,-,,,,,,,,N/A,N/A,N/A
OXLCP,Erro ao buscar dados,-,,,,,,,,N/A,N/A,N/A
OXM,Erro ao buscar dados,-,,,,,,,,N/A,N/A,N/A
OXSQ,Erro ao buscar dados,-,,,,,,,,N/A,N/A,N/A
OXSQL,Erro ao buscar dados,-,,,,,,,,N/A,N/A,N/A
OXSQZ,Erro ao buscar dados,-,,,,,,,,N/A,N/A,N/A
OXY,Erro ao buscar dados,-,,,,,,,,N/A,N/A,N/A
OXY.WS,Erro ao buscar dados,-,,,,,,,,N/A,N/A,N/A
OYST,Erro ao buscar dados,-,,,,,,,,N/A,N/A,N/A
OZK,Erro ao buscar dados,-,,,,,,,,N/A,N/A,N/A
OZON,Erro ao buscar dados,-,,,,,,,,N/A,N/A,N/A
PAA,Erro ao buscar dados,-,,,,,,,,N/A,N/A,N/A
PAAS,Erro ao buscar dados,-,,,,,,,,N/A,N/A,N/A
PAC,Erro ao buscar dados,-,,,,,,,,N/A,N/A,N/A
PACB,Erro ao buscar dados,-,,,,,,,,N/A,N/A,N/A
PACE,Erro ao buscar dados,-,,,,,,,,N/A,N/A,N/A
PACE.U,Erro ao buscar dados,-,,,,,,,,N/A,N/A,N/A
PACE.WS,Erro ao buscar dados,-,,,,,,,,N/A,N/A,N/A
PACK,Erro ao buscar dados,-,,,,,,,,N/A,N/A,N/A
PACW,Erro ao buscar dados,-,,,,,,,,N/A,N/A,N/A
PAVMW,Erro ao buscar dados,-,,,,,,,,N/A,N/A,N/A
PAVMZ,Erro ao buscar dados,-,,,,,,,,N/A,N/A,N/A
PAX,Erro ao buscar dados,-,,,,,,,,N/A,N/A,N/A
PAYA,Erro ao buscar dados,-,,,,,,,,N/A,N/A,N/A
PAYAW,Erro ao buscar dados,-,,,,,,,,N/A,N/A,N/A
PAYC,Erro ao buscar dados,-,,,,,,,,N/A,N/A,N/A
PAYS,Erro ao buscar dados,-,,,,,,,,N/A,N/A,N/A
PAYX,Erro ao buscar dados,-,,,,,,,,N/A,N/A,N/A
PB,Erro ao buscar dados,-,,,,,,,,N/A,N/A,N/A
PBA,Erro ao buscar dados,-,,,,,,,,N/A,N/A,N/A
PBB,Erro ao buscar dados,-,,,,,,,,N/A,N/A,N/A
PBC,Erro ao buscar dados,-,,,,,,,,N/A,N/A,N/A
PBCT,Erro ao buscar dados,-,,,,,,,,N/A,N/A,N/A
PBCTP,Erro ao buscar dados,-,,,,,,,,N/A,N/A,N/A
PBF,Erro ao buscar dados,-,,,,,,,,N/A,N/A,N/A
PBFS,Erro ao buscar dados,-,,,,,,,,N/A,N/A,N/A
PBFX,Erro ao buscar dados,-,,,,,,,,N/A,N/A,N/A
PBH,Erro ao buscar dados,-,,,,,,,,N/A,N/A,N/A
PBHC,Erro ao buscar dados,-,,,,,,,,N/A,N/A,N/A
PBI,Erro ao buscar dados,-,,,,,,,,N/A,N/A,N/A
PBIP,Erro ao buscar dados,-,,,,,,,,N/A,N/A,N/A
PBI^B,Erro ao buscar dados,-,,,,,,,,N/A,N/A,N/A
PBLA,Erro ao buscar dados,-,,,,,,,,N/A,N/A,N/A
PBPB,Erro ao buscar dados,-,,,,,,,,N/A,N/A,N/A
PBR,Erro ao buscar dados,-,,,,,,,,N/A,N/A,N/A
PBR.A,Erro ao buscar dados,-,,,,,,,,N/A,N/A,N/A
PBT,Erro ao buscar dados,-,,,,,,,,N/A,N/A,N/A
PBTS,Erro ao buscar dados,-,,,,,,,,N/A,N/A,N/A
PBY,Erro ao buscar dados,-,,,,,,,,N/A,N/A,N/A
PBYI,Erro ao buscar dados,-,,,,,,,,N/A,N/A,N/A
PCAR,Erro ao buscar dados,-,,,,,,,,N/A,N/A,N/A
PCAR3.SA,Erro ao buscar dados,-,,,,,,,,N/A,N/A,N/A
PCB,Erro ao buscar dados,-,,,,,,,,N/A,N/A,N/A
PCF,Erro ao buscar dados,-,,,,,,,,N/A,N/A,N/A
PCG,Erro ao buscar dados,-,,,,,,,,N/A,N/A,N/A
PCGU,Erro ao buscar dados,-,,,,,,,,N/A,N/A,N/A
PCH,Erro ao buscar dados,-,,,,,,,,N/A,N/A,N/A
PCI,Erro ao buscar dados,-,,,,,,,,N/A,N/A,N/A
PCK,Erro ao buscar dados,-,,,,,,,,N/A,N/A,N/A
PCM,Erro ao buscar dados,-,,,,,,,,N/A,N/A,N/A
PCN,Erro ao buscar dados,-,,,,,,,,N/A,N/A,N/A
PCOM,Erro ao buscar dados,-,,,,,,,,N/A,N/A,N/A
PCPC.U,Erro ao buscar dados,-,,,,,,,,N/A,N/A,N/A
PCPL,Erro ao buscar dados,-,,,,,,,,N/A,N/A,N/A
PCPL.U,Erro ao buscar dados,-,,,,,,,,N/A,N/A,N/A
PCPL.WS,Erro ao buscar dados,-,,,,,,,,N/A,N/A,N/A
PCQ,Erro ao buscar dados,-,,,,,,,,N/A,N/A,N/A
PCRX,Erro ao buscar dados,-,,,,,,,,N/A,N/A,N/A
PCSA,Erro ao buscar dados,-,,,,,,,,N/A,N/A,N/A
PCSB,Erro ao buscar dados,-,,,,,,,,N/A,N/A,N/A
PCTI,Erro ao buscar dados,-,,,,,,,,N/A,N/A,N/A
PCTY,Erro ao buscar dados,-,,,,,,,,N/A,N/A,N/A
PCVX,Erro ao buscar dados,-,,,,,,,,N/A,N/A,N/A
PCYG,Erro ao buscar dados,-,,,,,,,,N/A,N/A,N/A
PCYO,Erro ao buscar dados,-,,,,,,,,N/A,N/A,N/A
PD,Erro ao buscar dados,-,,,,,,,,N/A,N/A,N/A
PDAC,Erro ao buscar dados,-,,,,,,,,N/A,N/A,N/A
PDAC.U,Erro ao buscar dados,-,,,,,,,,N/A,N/A,N/A
PDAC.WS,Erro ao buscar dados,-,,,,,,,,N/A,N/A,N/A
PDBC,Erro ao buscar dados,-,,,,,,,,N/A,N/A,N/A
PDCE,Erro ao buscar dados,-,,,,,,,,N/A,N/A,N/A
PDCO,Erro ao buscar dados,-,,,,,,,,N/A,N/A,N/A
PDD,Erro ao buscar dados,-,,,,,,,,N/A,N/A,N/A
PDEV,Erro ao buscar dados,-,,,,,,,,N/A,N/A,N/A
PDEX,Erro ao buscar dados,-,,,,,,,,N/A,N/A,N/A
PDFS,Erro ao buscar dados,-,,,,,,,,N/A,N/A,N/A
PDI,Erro ao buscar dados,-,,,,,,,,N/A,N/A,N/A
PDLB,Erro ao buscar dados,-,,,,,,,,N/A,N/A,N/A
PDM,Erro ao buscar dados,-,,,,,,,,N/A,N/A,N/A
PDP,Erro ao buscar dados,-,,,,,,,,N/A,N/A,N/A
PDS,Erro ao buscar dados,-,,,,,,,,N/A,N/A,N/A
PDSB,Erro ao buscar dados,-,,,,,,,,N/A,N/A,N/A
PDT,Erro ao buscar dados,-,,,,,,,,N/A,N/A,N/A
PEAK,Erro ao buscar dados,-,,,,,,,,N/A,N/A,N/A
PEB,Erro ao buscar dados,-,,,,,,,,N/A,N/A,N/A
PEBK,Erro ao buscar dados,-,,,,,,,,N/A,N/A,N/A
PEBO,Erro ao buscar dados,-,,,,,,,,N/A,N/A,N/A
PEB^C,Erro ao buscar dados,-,,,,,,,,N/A,N/A,N/A
PEB^D,Erro ao buscar dados,-,,,,,,,,N/A,N/A,N/A
PEB^E,Erro ao buscar dados,-,,,,,,,,N/A,N/A,N/A
PEB^F,Erro ao buscar dados,-,,,,,,,,N/A,N/A,N/A
PEG,Erro ao buscar dados,-,,,,,,,,N/A,N/A,N/A
PEGA,Erro ao buscar dados,-,,,,,,,,N/A,N/A,N/A
PEI,Erro ao buscar dados,-,,,,,,,,N/A,N/A,N/A
PEIX,Erro ao buscar dados,-,,,,,,,,N/A,N/A,N/A
PEI^B,Erro ao buscar dados,-,,,,,,,,N/A,N/A,N/A
PEI^C,Erro ao buscar dados,-,,,,,,,,N/A,N/A,N/A
PEI^D,Erro ao buscar dados,-,,,,,,,,N/A,N/A,N/A
PEN,Erro ao buscar dados,-,,,,,,,,N/A,N/A,N/A
PENN,Erro ao buscar dados,-,,,,,,,,N/A,N/A,N/A
PEO,Erro ao buscar dados,-,,,,,,,,N/A,N/A,N/A
PEP,Erro ao buscar dados,-,,,,,,,,N/A,N/A,N/A
PERI,Erro ao buscar dados,-,,,,,,,,N/A,N/A,N/A
PESI,Erro ao buscar dados,-,,,,,,,,N/A,N/A,N/A
PETQ,Erro ao buscar dados,-,,,,,,,,N/A,N/A,N/A
PETR3.SA,Erro ao buscar dados,-,,,,,,,,N/A,N/A,N/A
PETR4.SA,Erro ao buscar dados,-,,,,,,,,N/A,N/A,N/A
PETS,Erro ao buscar dados,-,,,,,,,,N/A,N/A,N/A
PETZ,Erro ao buscar dados,-,,,,,,,,N/A,N/A,N/A
PETZ3.SA,Erro ao buscar dados,-,,,,,,,,N/A,N/A,N/A
PEY,Erro ao buscar dados,-,,,,,,,,N/A,N/A,N/A
PEZ,Erro ao buscar dados,-,,,,,,,,N/A,N/A,N/A
PFBC,Erro ao buscar dados,-,,,,,,,,N/A,N/A,N/A
PFBI,Erro ao buscar dados,-,,,,,,,,N/A,N/A,N/A
PFC,Erro ao buscar dados,-,,,,,,,,N/A,N/A,N/A
PFD,Erro ao buscar dados,-,,,,,,,,N/A,N/A,N/A
PFE,Erro ao buscar dados,-,,,,,,,,N/A,N/A,N/A
PFF,Erro ao buscar dados,-,,,,,,,,N/A,N/A,N/A
PFG,Erro ao buscar dados,-,,,,,,,,N/A,N/A,N/A
PFGC,Erro ao buscar dados,-,,,,,,,,N/A,N/A,N/A
PFH,Erro ao buscar dados,-,,,,,,,,N/A,N/A,N/A
PFHD,Erro ao buscar dados,-,,,,,,,,N/A,N/A,N/A
PFI,Erro ao buscar dados,-,,,,,,,,N/A,N/A,N/A
PFIE,Erro ao buscar dados,-,,,,,,,,N/A,N/A,N/A
PFIN,Erro ao buscar dados,-,,,,,,,,N/A,N/A,N/A
PFIS,Erro ao buscar dados,-,,,,,,,,N/A,N/A,N/A
PFL,Erro ao buscar dados,-,,,,,,,,N/A,N/A,N/A
PFLT,Erro ao buscar dados,-,,,,,,,,N/A,N/A,N/A
PFM,Erro ao buscar dados,-,,,,,,,,N/A,N/A,N/A
PFMT,Erro ao buscar dados,-,,,,,,,,N/A,N/A,N/A
PFN,Erro ao buscar dados,-,,,,,,,,N/A,N/A,N/A
PFO,Erro ao buscar dados,-,,,,,,,,N/A,N/A,N/A
PFPT,Erro ao buscar dados,-,,,,,,,,N/A,N/A,N/A
PFS,Erro ao buscar dados,-,,,,,,,,N/A,N/A,N/A
PFSI,Erro ao buscar dados,-,,,,,,,,N/A,N/A,N/A
PFSW,Erro ao buscar dados,-,,,,,,,,N/A,N/A,N/A
PFX,Erro ao buscar dados,-,,,,,,,,N/A,N/A,N/A
PFXNL,Erro ao buscar dados,-,,,,,,,,N/A,N/A,N/A
PG,Erro ao buscar dados,-,,,,,,,,N/A,N/A,N/A
PGC,Erro ao buscar dados,-,,,,,,,,N/A,N/A,N/A
PGEN,Erro ao buscar dados,-,,,,,,,,N/A,N/A,N/A
PGJ,Erro ao buscar dados,-,,,,,,,,N/A,N/A,N/A
PGNY,Erro ao buscar dados,-,,,,,,,,N/A,N/A,N/A
PGP,Erro ao buscar dados,-,,,,,,,,N/A,N/A,N/A
PGR,Erro ao buscar dados,-,,,,,,,,N/A,N/A,N/A
PGRE,Erro ao buscar dados,-,,,,,,,,N/A,N/A,N/A
PGTI,Erro ao buscar dados,-,,,,,,,,N/A,N/A,N/A
PGZ,Erro ao buscar dados,-,,,,,,,,N/A,N/A,N/A
PH,Erro ao buscar dados,-,,,,,,,,N/A,N/A,N/A
PHAR,Erro ao buscar dados,-,,,,,,,,N/A,N/A,N/A
PHAS,Erro ao buscar dados,-,,,,,,,,N/A,N/A,N/A
PHAT,Erro ao buscar dados,-,,,,,,,,N/A,N/A,N/A
PHCF,Erro ao buscar dados,-,,,,,,,,N/A,N/A,N/A
PHD,Erro ao buscar dados,-,,,,,,,,N/A,N/A,N/A
PHG,Erro ao buscar dados,-,,,,,,,,N/A,N/A,N/A
PHI,Erro ao buscar dados,-,,,,,,,,N/A,N/A,N/A
PHIC,Erro ao buscar dados,-,,,,,,,,N/A,N/A,N/A
PHICU,Erro ao buscar dados,-,,,,,,,,N/A,N/A,N/A
PHICW,Erro ao buscar dados,-,,,,,,,,N/A,N/A,N/A
PHIO,Erro ao buscar dados,-,,,,,,,,N/A,N/A,N/A
PIPP.WS,Erro ao buscar dados,-,,,,,,,,N/A,N/A,N/A
PIPR,Erro ao buscar dados,-,,,,,,,,N/A,N/A,N/A
PIRS,Erro ao buscar dados,-,,,,,,,,N/A,N/A,N/A
PIXY,Erro ao buscar dados,-,,,,,,,,N/A,N/A,N/A
PIZ,Erro ao buscar dados,-,,,,,,,,N/A,N/A,N/A
PJT,Erro ao buscar dados,-,,,,,,,,N/A,N/A,N/A
PK,Erro ao buscar dados,-,,,,,,,,N/A,N/A,N/A
PKBK,Erro ao buscar dados,-,,,,,,,,N/A,N/A,N/A
PKE,Erro ao buscar dados,-,,,,,,,,N/A,N/A,N/A
PKG,Erro ao buscar dados,-,,,,,,,,N/A,N/A,N/A
PKI,Erro ao buscar dados,-,,,,,,,,N/A,N/A,N/A
PKO,Erro ao buscar dados,-,,,,,,,,N/A,N/A,N/A
PKOH,Erro ao buscar dados,-,,,,,,,,N/A,N/A,N/A
PKW,Erro ao buscar dados,-,,,,,,,,N/A,N/A,N/A
PKX,Erro ao buscar dados,-,,,,,,,,N/A,N/A,N/A
PLAB,Erro ao buscar dados,-,,,,,,,,N/A,N/A,N/A
PLAN,Erro ao buscar dados,-,,,,,,,,N/A,N/A,N/A
PLAY,Erro ao buscar dados,-,,,,,,,,N/A,N/A,N/A
PLBC,Erro ao buscar dados,-,,,,,,,,N/A,N/A,N/A
PLCE,Erro ao buscar dados,-,,,,,,,,N/A,N/A,N/A
PLD,Erro ao buscar dados,-,,,,,,,,N/A,N/A,N/A
PLIN,Erro ao buscar dados,-,,,,,,,,N/A,N/A,N/A
PLL,Erro ao buscar dados,-,,,,,,,,N/A,N/A,N/A
PLMR,Erro ao buscar dados,-,,,,,,,,N/A,N/A,N/A
PLNT,Erro ao buscar dados,-,,,,,,,,N/A,N/A,N/A
PHIOW,Erro ao buscar dados,-,,,,,,,,N/A,N/A,N/A
PHK,Erro ao buscar dados,-,,,,,,,,N/A,N/A,N/A
PHM,Erro ao buscar dados,-,,,,,,,,N/A,N/A,N/A
PHO,Erro ao buscar dados,-,,,,,,,,N/A,N/A,N/A
PHR,Erro ao buscar dados,-,,,,,,,,N/A,N/A,N/A
PHT,Erro ao buscar dados,-,,,,,,,,N/A,N/A,N/A
PHUN,Erro ao buscar dados,-,,,,,,,,N/A,N/A,N/A
PHUNW,Erro ao buscar dados,-,,,,,,,,N/A,N/A,N/A
PHX,Erro ao buscar dados,-,,,,,,,,N/A,N/A,N/A
PI,Erro ao buscar dados,-,,,,,,,,N/A,N/A,N/A
PIAI,Erro ao buscar dados,-,,,,,,,,N/A,N/A,N/A
PIAI.U,Erro ao buscar dados,-,,,,,,,,N/A,N/A,N/A
PIAI.WS,Erro ao buscar dados,-,,,,,,,,N/A,N/A,N/A
PICO,Erro ao buscar dados,-,,,,,,,,N/A,N/A,N/A
PID,Erro ao buscar dados,-,,,,,,,,N/A,N/A,N/A
PIE,Erro ao buscar dados,-,,,,,,,,N/A,N/A,N/A
PII,Erro ao buscar dados,-,,,,,,,,N/A,N/A,N/A
PIM,Erro ao buscar dados,-,,,,,,,,N/A,N/A,N/A
PINC,Erro ao buscar dados,-,,,,,,,,N/A,N/A,N/A
PINE,Erro ao buscar dados,-,,,,,,,,N/A,N/A,N/A
PING,Erro ao buscar dados,-,,,,,,,,N/A,N/A,N/A
PINS,Erro ao buscar dados,-,,,,,,,,N/A,N/A,N/A
PIO,Erro ao buscar dados,-,,,,,,,,N/A,N/A,N/A
PIPP,Erro ao buscar dados,-,,,,,,,,N/A,N/A,N/A
PIPP.U,Erro ao buscar dados,-,,,,,,,,N/A,N/A,N/A
PLOW,Erro ao buscar dados,-,,,,,,,,N/A,N/A,N/A
PLPC,Erro ao buscar dados,-,,,,,,,,N/A,N/A,N/A
PLRX,Erro ao buscar dados,-,,,,,,,,N/A,N/A,N/A
PLSE,Erro ao buscar dados,-,,,,,,,,N/A,N/A,N/A
PLT,Erro ao buscar dados,-,,,,,,,,N/A,N/A,N/A
PLTK,Erro ao buscar dados,-,,,,,,,,N/A,N/A,N/A
PLTR,Erro ao buscar dados,-,,,,,,,,N/A,N/A,N/A
PLUG,Erro ao buscar dados,-,,,,,,,,N/A,N/A,N/A
PLUS,Erro ao buscar dados,-,,,,,,,,N/A,N/A,N/A
PLW,Erro ao buscar dados,-,,,,,,,,N/A,N/A,N/A
PLXP,Erro ao buscar dados,-,,,,,,,,N/A,N/A,N/A
PLXS,Erro ao buscar dados,-,,,,,,,,N/A,N/A,N/A
PLYA,Erro ao buscar dados,-,,,,,,,,N/A,N/A,N/A
PLYM,Erro ao buscar dados,-,,,,,,,,N/A,N/A,N/A
PM,Erro ao buscar dados,-,,,,,,,,N/A,N/A,N/A
PMBC,Erro ao buscar dados,-,,,,,,,,N/A,N/A,N/A
PMD,Erro ao buscar dados,-,,,,,,,,N/A,N/A,N/A
PME,Erro ao buscar dados,-,,,,,,,,N/A,N/A,N/A
PMF,Erro ao buscar dados,-,,,,,,,,N/A,N/A,N/A
PML,Erro ao buscar dados,-,,,,,,,,N/A,N/A,N/A
PMM,Erro ao buscar dados,-,,,,,,,,N/A,N/A,N/A
PMO,Erro ao buscar dados,-,,,,,,,,N/A,N/A,N/A
PMT,Erro ao buscar dados,-,,,,,,,,N/A,N/A,N/A
PMT^A,Erro ao buscar dados,-,,,,,,,,N/A,N/A,N/A
PMT^B,Erro ao buscar dados,-,,,,,,,,N/A,N/A,N/A
PMVC,Erro ao buscar dados,-,,,,,,,,N/A,N/A,N/A
PMVC.U,Erro ao buscar dados,-,,,,,,,,N/A,N/A,N/A
PMVC.WS,Erro ao buscar dados,-,,,,,,,,N/A,N/A,N/A
PMVP,Erro ao buscar dados,-,,,,,,,,N/A,N/A,N/A
PMX,Erro ao buscar dados,-,,,,,,,,N/A,N/A,N/A
PNBK,Erro ao buscar dados,-,,,,,,,,N/A,N/A,N/A
PNC,Erro ao buscar dados,-,,,,,,,,N/A,N/A,N/A
PNC^P,Erro ao buscar dados,-,,,,,,,,N/A,N/A,N/A
PNF,Erro ao buscar dados,-,,,,,,,,N/A,N/A,N/A
PNFP,Erro ao buscar dados,-,,,,,,,,N/A,N/A,N/A
PNFPP,Erro ao buscar dados,-,,,,,,,,N/A,N/A,N/A
PNI,Erro ao buscar dados,-,,,,,,,,N/A,N/A,N/A
PNM,Erro ao buscar dados,-,,,,,,,,N/A,N/A,N/A
PNNT,Erro ao buscar dados,-,,,,,,,,N/A,N/A,N/A
PNNTG,Erro ao buscar dados,-,,,,,,,,N/A,N/A,N/A
PNQI,Erro ao buscar dados,-,,,,,,,,N/A,N/A,N/A
PNR,Erro ao buscar dados,-,,,,,,,,N/A,N/A,N/A
PNRG,Erro ao buscar dados,-,,,,,,,,N/A,N/A,N/A
PNTG,Erro ao buscar dados,-,,,,,,,,N/A,N/A,N/A
PNTM.U,Erro ao buscar dados,-,,,,,,,,N/A,N/A,N/A
PNW,Erro ao buscar dados,-,,,,,,,,N/A,N/A,N/A
POAI,Erro ao buscar dados,-,,,,,,,,N/A,N/A,N/A
PODD,Erro ao buscar dados,-,,,,,,,,N/A,N/A,N/A
POLA,Erro ao buscar dados,-,,,,,,,,N/A,N/A,N/A
POOL,Erro ao buscar dados,-,,,,,,,,N/A,N/A,N/A
POR,Erro ao buscar dados,-,,,,,,,,N/A,N/A,N/A
POSH,Erro ao buscar dados,-,,,,,,,,N/A,N/A,N/A
POST,Erro ao buscar dados,-,,,,,,,,N/A,N/A,N/A
POTX,Erro ao buscar dados,-,,,,,,,,N/A,N/A,N/A
POWI,Erro ao buscar dados,-,,,,,,,,N/A,N/A,N/A
POWL,Erro ao buscar dados,-,,,,,,,,N/A,N/A,N/A
POWRU,Erro ao buscar dados,-,,,,,,,,N/A,N/A,N/A
POWW,Erro ao buscar dados,-,,,,,,,,N/A,N/A,N/A
PPBI,Erro ao buscar dados,-,,,,,,,,N/A,N/A,N/A
PPBT,Erro ao buscar dados,-,,,,,,,,N/A,N/A,N/A
PPC,Erro ao buscar dados,-,,,,,,,,N/A,N/A,N/A
PPD,Erro ao buscar dados,-,,,,,,,,N/A,N/A,N/A
PPG,Erro ao buscar dados,-,,,,,,,,N/A,N/A,N/A
PPGHU,Erro ao buscar dados,-,,,,,,,,N/A,N/A,N/A
PPH,Erro ao buscar dados,-,,,,,,,,N/A,N/A,N/A
PPIH,Erro ao buscar dados,-,,,,,,,,N/A,N/A,N/A
PPL,Erro ao buscar dados,-,,,,,,,,N/A,N/A,N/A
PPR,Erro ao buscar dados,-,,,,,,,,N/A,N/A,N/A
PPSI,Erro ao buscar dados,-,,,,,,,,N/A,N/A,N/A
PPT,Erro ao buscar dados,-,,,,,,,,N/A,N/A,N/A
PPX,Erro ao buscar dados,-,,,,,,,,N/A,N/A,N/A
PQG,Erro ao buscar dados,-,,,,,,,,N/A,N/A,N/A
PRA,Erro ao buscar dados,-,,,,,,,,N/A,N/A,N/A
PRAA,Erro ao buscar dados,-,,,,,,,,N/A,N/A,N/A
PRAH,Erro ao buscar dados,-,,,,,,,,N/A,N/A,N/A
PRAX,Erro ao buscar dados,-,,,,,,,,N/A,N/A,N/A
PRCH,Erro ao buscar dados,-,,,,,,,,N/A,N/A,N/A
PRCHW,Erro ao buscar dados,-,,,,,,,,N/A,N/A,N/A
PRDO,Erro ao buscar dados,-,,,,,,,,N/A,N/A,N/A
PRE^G,Erro ao buscar dados,-,,,,,,,,N/A,N/A,N/A
PRE^H,Erro ao buscar dados,-,,,,,,,,N/A,N/A,N/A
PRE^I,Erro ao buscar dados,-,,,,,,,,N/A,N/A,N/A
PRFT,Erro ao buscar dados,-,,,,,,,,N/A,N/A,N/A
PRFX,Erro ao buscar dados,-,,,,,,,,N/A,N/A,N/A
PRFZ,Erro ao buscar dados,-,,,,,,,,N/A,N/A,N/A
PRG,Erro ao buscar dados,-,,,,,,,,N/A,N/A,N/A
PRGO,Erro ao buscar dados,-,,,,,,,,N/A,N/A,N/A
PRGS,Erro ao buscar dados,-,,,,,,,,N/A,N/A,N/A
PRGX,Erro ao buscar dados,-,,,,,,,,N/A,N/A,N/A
PRI,Erro ao buscar dados,-,,,,,,,,N/A,N/A,N/A
PRIF^A,Erro ao buscar dados,-,,,,,,,,N/A,N/A,N/A
PRIF^B,Erro ao buscar dados,-,,,,,,,,N/A,N/A,N/A
PRIF^C,Erro ao buscar dados,-,,,,,,,,N/A,N/A,N/A
PRIF^D,Erro ao buscar dados,-,,,,,,,,N/A,N/A,N/A
PRIF^E,Erro ao buscar dados,-,,,,,,,,N/A,N/A,N/A
PRIF^F,Erro ao buscar dados,-,,,,,,,,N/A,N/A,N/A
PRIM,Erro ao buscar dados,-,,,,,,,,N/A,N/A,N/A
PRIO3.SA,Erro ao buscar dados,-,,,,,,,,N/A,N/A,N/A
PRLB,Erro ao buscar dados,-,,,,,,,,N/A,N/A,N/A
PRLD,Erro ao buscar dados,-,,,,,,,,N/A,N/A,N/A
PRMW,Erro ao buscar dados,-,,,,,,,,N/A,N/A,N/A
PRN,Erro ao buscar dados,-,,,,,,,,N/A,N/A,N/A
PRO,Erro ao buscar dados,-,,,,,,,,N/A,N/A,N/A
PROF,Erro ao buscar dados,-,,,,,,,,N/A,N/A,N/A
PROG,Erro ao buscar dados,-,,,,,,,,N/A,N/A,N/A
PROS,Erro ao buscar dados,-,,,,,,,,N/A,N/A,N/A
PROV,Erro ao buscar dados,-,,,,,,,,N/A,N/A,N/A
PRPB,Erro ao buscar dados,-,,,,,,,,N/A,N/A,N/A
PRPB.U,Erro ao buscar dados,-,,,,,,,,N/A,N/A,N/A
PRPB.WS,Erro ao buscar dados,-,,,,,,,,N/A,N/A,N/A
PRPH,Erro ao buscar dados,-,,,,,,,,N/A,N/A,N/A
PRPL,Erro ao buscar dados,-,,,,,,,,N/A,N/A,N/A
PRPO,Erro ao buscar dados,-,,,,,,,,N/A,N/A,N/A
PRQR,Erro ao buscar dados,-,,,,,,,,N/A,N/A,N/A
PRS,Erro ao buscar dados,-,,,,,,,,N/A,N/A,N/A
PRSP,Erro ao buscar dados,-,,,,,,,,N/A,N/A,N/A
PRSRU,Erro ao buscar dados,-,,,,,,,,N/A,N/A,N/A
PRT,Erro ao buscar dados,-,,,,,,,,N/A,N/A,N/A
PRTA,Erro ao buscar dados,-,,,,,,,,N/A,N/A,N/A
PRTC,Erro ao buscar dados,-,,,,,,,,N/A,N/A,N/A
PRTH,Erro ao buscar dados,-,,,,,,,,N/A,N/A,N/A
PRTK,Erro ao buscar dados,-,,,,,,,,N/A,N/A,N/A
PRTS,Erro ao buscar dados,-,,,,,,,,N/A,N/A,N/A
PRTY,Erro ao buscar dados,-,,,,,,,,N/A,N/A,N/A
PRU,Erro ao buscar dados,-,,,,,,,,N/A,N/A,N/A
PRVB,Erro ao buscar dados,-,,,,,,,,N/A,N/A,N/A
PRVL,Erro ao buscar dados,-,,,,,,,,N/A,N/A,N/A
PS,Erro ao buscar dados,-,,,,,,,,N/A,N/A,N/A
PSA,Erro ao buscar dados,-,,,,,,,,N/A,N/A,N/A
PSAC,Erro ao buscar dados,-,,,,,,,,N/A,N/A,N/A
PSACU,Erro ao buscar dados,-,,,,,,,,N/A,N/A,N/A
PSACW,Erro ao buscar dados,-,,,,,,,,N/A,N/A,N/A
PSA^C,Erro ao buscar dados,-,,,,,,,,N/A,N/A,N/A
PSA^D,Erro ao buscar dados,-,,,,,,,,N/A,N/A,N/A
PSA^E,Erro ao buscar dados,-,,,,,,,,N/A,N/A,N/A
PSA^F,Erro ao buscar dados,-,,,,,,,,N/A,N/A,N/A
PSA^G,Erro ao buscar dados,-,,,,,,,,N/A,N/A,N/A
PSA^H,Erro ao buscar dados,-,,,,,,,,N/A,N/A,N/A
PSA^I,Erro ao buscar dados,-,,,,,,,,N/A,N/A,N/A
PSA^J,Erro ao buscar dados,-,,,,,,,,N/A,N/A,N/A
PSA^K,Erro ao buscar dados,-,,,,,,,,N/A,N/A,N/A
PSA^L,Erro ao buscar dados,-,,,,,,,,N/A,N/A,N/A
PSA^M,Erro ao buscar dados,-,,,,,,,,N/A,N/A,N/A
PSA^N,Erro ao buscar dados,-,,,,,,,,N/A,N/A,N/A
PSA^O,Erro ao buscar dados,-,,,,,,,,N/A,N/A,N/A
PSB,Erro ao buscar dados,-,,,,,,,,N/A,N/A,N/A
PSB^W,Erro ao buscar dados,-,,,,,,,,N/A,N/A,N/A
PSB^X,Erro ao buscar dados,-,,,,,,,,N/A,N/A,N/A
PSB^Y,Erro ao buscar dados,-,,,,,,,,N/A,N/A,N/A
PSB^Z,Erro ao buscar dados,-,,,,,,,,N/A,N/A,N/A
PSC,Erro ao buscar dados,-,,,,,,,,N/A,N/A,N/A
PSCC,Erro ao buscar dados,-,,,,,,,,N/A,N/A,N/A
PSCD,Erro ao buscar dados,-,,,,,,,,N/A,N/A,N/A
PSCE,Erro ao buscar dados,-,,,,,,,,N/A,N/A,N/A
PSCF,Erro ao buscar dados,-,,,,,,,,N/A,N/A,N/A
PSCH,Erro ao buscar dados,-,,,,,,,,N/A,N/A,N/A
PSCI,Erro ao buscar dados,-,,,,,,,,N/A,N/A,N/A
PSCM,Erro ao buscar dados,-,,,,,,,,N/A,N/A,N/A
PSCT,Erro ao buscar dados,-,,,,,,,,N/A,N/A,N/A
PSCU,Erro ao buscar dados,-,,,,,,,,N/A,N/A,N/A
PSEC,Erro ao buscar dados,-,,,,,,,,N/A,N/A,N/A
PSET,Erro ao buscar dados,-,,,,,,,,N/A,N/A,N/A
PSF,Erro ao buscar dados,-,,,,,,,,N/A,N/A,N/A
PSHG,Erro ao buscar dados,-,,,,,,,,N/A,N/A,N/A
PSL,Erro ao buscar dados,-,,,,,,,,N/A,N/A,N/A
PSMT,Erro ao buscar dados,-,,,,,,,,N/A,N/A,N/A
PSN,Erro ao buscar dados,-,,,,,,,,N/A,N/A,N/A
PSNL,Erro ao buscar dados,-,,,,,,,,N/A,N/A,N/A
PSO,Erro ao buscar dados,-,,,,,,,,N/A,N/A,N/A
PSTG,Erro ao buscar dados,-,,,,,,,,N/A,N/A,N/A
PSTH,Erro ao buscar dados,-,,,,,,,,N/A,N/A,N/A
PSTH.WS,Erro ao buscar dados,-,,,,,,,,N/A,N/A,N/A
PSTI,Erro ao buscar dados,-,,,,,,,,N/A,N/A,N/A
PSTL,Erro ao buscar dados,-,,,,,,,,N/A,N/A,N/A
PSTV,Erro ao buscar dados,-,,,,,,,,N/A,N/A,N/A
PSTX,Erro ao buscar dados,-,,,,,,,,N/A,N/A,N/A
PSX,Erro ao buscar dados,-,,,,,,,,N/A,N/A,N/A
PSXP,Erro ao buscar dados,-,,,,,,,,N/A,N/A,N/A
PT,Erro ao buscar dados,-,,,,,,,,N/A,N/A,N/A
PTA,Erro ao buscar dados,-,,,,,,,,N/A,N/A,N/A
PTC,Erro ao buscar dados,-,,,,,,,,N/A,N/A,N/A
PTCT,Erro ao buscar dados,-,,,,,,,,N/A,N/A,N/A
PTE,Erro ao buscar dados,-,,,,,,,,N/A,N/A,N/A
PTEN,Erro ao buscar dados,-,,,,,,,,N/A,N/A,N/A
PTF,Erro ao buscar dados,-,,,,,,,,N/A,N/A,N/A
PTGX,Erro ao buscar dados,-,,,,,,,,N/A,N/A,N/A
PTH,Erro ao buscar dados,-,,,,,,,,N/A,N/A,N/A
PTICU,Erro ao buscar dados,-,,,,,,,,N/A,N/A,N/A
PTMN,Erro ao buscar dados,-,,,,,,,,N/A,N/A,N/A
PTNR,Erro ao buscar dados,-,,,,,,,,N/A,N/A,N/A
PTON,Erro ao buscar dados,-,,,,,,,,N/A,N/A,N/A
PTPI,Erro ao buscar dados,-,,,,,,,,N/A,N/A,N/A
PTR,Erro ao buscar dados,-,,,,,,,,N/A,N/A,N/A
PTRS,Erro ao buscar dados,-,,,,,,,,N/A,N/A,N/A
PTSI,Erro ao buscar dados,-,,,,,,,,N/A,N/A,N/A
PTVCA,Erro ao buscar dados,-,,,,,,,,N/A,N/A,N/A
PTVCB,Erro ao buscar dados,-,,,,,,,,N/A,N/A,N/A
PTVE,Erro ao buscar dados,-,,,,,,,,N/A,N/A,N/A
PTY,Erro ao buscar dados,-,,,,,,,,N/A,N/A,N/A
PUBM,Erro ao buscar dados,-,,,,,,,,N/A,N/A,N/A
PYS,Erro ao buscar dados,-,,,,,,,,N/A,N/A,N/A
PYT,Erro ao buscar dados,-,,,,,,,,N/A,N/A,N/A
PYZ,Erro ao buscar dados,-,,,,,,,,N/A,N/A,N/A
PZC,Erro ao buscar dados,-,,,,,,,,N/A,N/A,N/A
PZN,Erro ao buscar dados,-,,,,,,,,N/A,N/A,N/A
PZZA,Erro ao buscar dados,-,,,,,,,,N/A,N/A,N/A
QABA,Erro ao buscar dados,-,,,,,,,,N/A,N/A,N/A
QADA,Erro ao buscar dados,-,,,,,,,,N/A,N/A,N/A
QADB,Erro ao buscar dados,-,,,,,,,,N/A,N/A,N/A
QAT,Erro ao buscar dados,-,,,,,,,,N/A,N/A,N/A
QCLN,Erro ao buscar dados,-,,,,,,,,N/A,N/A,N/A
QCOM,Erro ao buscar dados,-,,,,,,,,N/A,N/A,N/A
QCRH,Erro ao buscar dados,-,,,,,,,,N/A,N/A,N/A
QD,Erro ao buscar dados,-,,,,,,,,N/A,N/A,N/A
QDEL,Erro ao buscar dados,-,,,,,,,,N/A,N/A,N/A
QELL,Erro ao buscar dados,-,,,,,,,,N/A,N/A,N/A
QELLU,Erro ao buscar dados,-,,,,,,,,N/A,N/A,N/A
QELLW,Erro ao buscar dados,-,,,,,,,,N/A,N/A,N/A
QEP,Erro ao buscar dados,-,,,,,,,,N/A,N/A,N/A
QFIN,Erro ao buscar dados,-,,,,,,,,N/A,N/A,N/A
QGEN,Erro ao buscar dados,-,,,,,,,,N/A,N/A,N/A
QH,Erro ao buscar dados,-,,,,,,,,N/A,N/A,N/A
QIWI,Erro ao buscar dados,-,,,,,,,,N/A,N/A,N/A
QK,Erro ao buscar dados,-,,,,,,,,N/A,N/A,N/A
QLC,Erro ao buscar dados,-,,,,,,,,N/A,N/A,N/A
PUI,Erro ao buscar dados,-,,,,,,,,N/A,N/A,N/A
PUK,Erro ao buscar dados,-,,,,,,,,N/A,N/A,N/A
PUK^,Erro ao buscar dados,-,,,,,,,,N/A,N/A,N/A
PUK^A,Erro ao buscar dados,-,,,,,,,,N/A,N/A,N/A
PULM,Erro ao buscar dados,-,,,,,,,,N/A,N/A,N/A
PUMP,Erro ao buscar dados,-,,,,,,,,N/A,N/A,N/A
PUYI,Erro ao buscar dados,-,,,,,,,,N/A,N/A,N/A
PVAC,Erro ao buscar dados,-,,,,,,,,N/A,N/A,N/A
PVBC,Erro ao buscar dados,-,,,,,,,,N/A,N/A,N/A
PVG,Erro ao buscar dados,-,,,,,,,,N/A,N/A,N/A
PVH,Erro ao buscar dados,-,,,,,,,,N/A,N/A,N/A
PVL,Erro ao buscar dados,-,,,,,,,,N/A,N/A,N/A
PWFL,Erro ao buscar dados,-,,,,,,,,N/A,N/A,N/A
PWOD,Erro ao buscar dados,-,,,,,,,,N/A,N/A,N/A
PWR,Erro ao buscar dados,-,,,,,,,,N/A,N/A,N/A
PXD,Erro ao buscar dados,-,,,,,,,,N/A,N/A,N/A
PXI,Erro ao buscar dados,-,,,,,,,,N/A,N/A,N/A
PXLW,Erro ao buscar dados,-,,,,,,,,N/A,N/A,N/A
PXS,Erro ao buscar dados,-,,,,,,,,N/A,N/A,N/A
PXSAP,Erro ao buscar dados,-,,,,,,,,N/A,N/A,N/A
PXSAW,Erro ao buscar dados,-,,,,,,,,N/A,N/A,N/A
PY,Erro ao buscar dados,-,,,,,,,,N/A,N/A,N/A
PYN,Erro ao buscar dados,-,,,,,,,,N/A,N/A,N/A
PYPD,Erro ao buscar dados,-,,,,,,,,N/A,N/A,N/A
PYPL,Erro ao buscar dados,-,,,,,,,,N/A,N/A,N/A
QLGN,Erro ao buscar dados,-,,,,,,,,N/A,N/A,N/A
QLI,Erro ao buscar dados,-,,,,,,,,N/A,N/A,N/A
QLYS,Erro ao buscar dados,-,,,,,,,,N/A,N/A,N/A
QMCO,Erro ao buscar dados,-,,,,,,,,N/A,N/A,N/A
QNST,Erro ao buscar dados,-,,,,,,,,N/A,N/A,N/A
QQC,Erro ao buscar dados,-,,,,,,,,N/A,N/A,N/A
QQD,Erro ao buscar dados,-,,,,,,,,N/A,N/A,N/A
QQEW,Erro ao buscar dados,-,,,,,,,,N/A,N/A,N/A
QQQ,Erro ao buscar dados,-,,,,,,,,N/A,N/A,N/A
QQQJ,Erro ao buscar dados,-,,,,,,,,N/A,N/A,N/A
QQQM,Erro ao buscar dados,-,,,,,,,,N/A,N/A,N/A
QQQN,Erro ao buscar dados,-,,,,,,,,N/A,N/A,N/A
QQQX,Erro ao buscar dados,-,,,,,,,,N/A,N/A,N/A
QQXT,Erro ao buscar dados,-,,,,,,,,N/A,N/A,N/A
QRHC,Erro ao buscar dados,-,,,,,,,,N/A,N/A,N/A
QRTEA,Erro ao buscar dados,-,,,,,,,,N/A,N/A,N/A
QRTEB,Erro ao buscar dados,-,,,,,,,,N/A,N/A,N/A
QRTEP,Erro ao buscar dados,-,,,,,,,,N/A,N/A,N/A
QRVO,Erro ao buscar dados,-,,,,,,,,N/A,N/A,N/A
QS,Erro ao buscar dados,-,,,,,,,,N/A,N/A,N/A
QS.WS,Erro ao buscar dados,-,,,,,,,,N/A,N/A,N/A
QSR,Erro ao buscar dados,-,,,,,,,,N/A,N/A,N/A
QTEC,Erro ao buscar dados,-,,,,,,,,N/A,N/A,N/A
QTNT,Erro ao buscar dados,-,,,,,,,,N/A,N/A,N/A
QTRX,Erro ao buscar dados,-,,,,,,,,N/A,N/A,N/A
QTS,Erro ao buscar dados,-,,,,,,,,N/A,N/A,N/A
QTS^A,Erro ao buscar dados,-,,,,,,,,N/A,N/A,N/A
QTS^B,Erro ao buscar dados,-,,,,,,,,N/A,N/A,N/A
QTT,Erro ao buscar dados,-,,,,,,,,N/A,N/A,N/A
QTWO,Erro ao buscar dados,-,,,,,,,,N/A,N/A,N/A
QUAD,Erro ao buscar dados,-,,,,,,,,N/A,N/A,N/A
QUIK,Erro ao buscar dados,-,,,,,,,,N/A,N/A,N/A
QUMU,Erro ao buscar dados,-,,,,,,,,N/A,N/A,N/A
QUOT,Erro ao buscar dados,-,,,,,,,,N/A,N/A,N/A
QURE,Erro ao buscar dados,-,,,,,,,,N/A,N/A,N/A
QVCC,Erro ao buscar dados,-,,,,,,,,N/A,N/A,N/A
QVCD,Erro ao buscar dados,-,,,,,,,,N/A,N/A,N/A
QYLD,Erro ao buscar dados,-,,,,,,,,N/A,N/A,N/A
QYLG,Erro ao buscar dados,-,,,,,,,,N/A,N/A,N/A
R,Erro ao buscar dados,-,,,,,,,,N/A,N/A,N/A
RA,Erro ao buscar dados,-,,,,,,,,N/A,N/A,N/A
RAACU,Erro ao buscar dados,-,,,,,,,,N/A,N/A,N/A
RACA,Erro ao buscar dados,-,,,,,,,,N/A,N/A,N/A
RACE,Erro ao buscar dados,-,,,,,,,,N/A,N/A,N/A
RAD,Erro ao buscar dados,-,,,,,,,,N/A,N/A,N/A
RADA,Erro ao buscar dados,-,,,,,,,,N/A,N/A,N/A
RADI,Erro ao buscar dados,-,,,,,,,,N/A,N/A,N/A
RADL3.SA,Erro ao buscar dados,-,,,,,,,,N/A,N/A,N/A
RAIL,Erro ao buscar dados,-,,,,,,,,N/A,N/A,N/A
RAIL3.SA,Erro ao buscar dados,-,,,,,,,,N/A,N/A,N/A
RAIZ4.SA,Erro ao buscar dados,-,,,,,,,,N/A,N/A,N/A
RAMP,Erro ao buscar dados,-,,,,,,,,N/A,N/A,N/A
RAND,Erro ao buscar dados,-,,,,,,,,N/A,N/A,N/A
RAPT,Erro ao buscar dados,-,,,,,,,,N/A,N/A,N/A
RARE,Erro ao buscar dados,-,,,,,,,,N/A,N/A,N/A
RAVE,Erro ao buscar dados,-,,,,,,,,N/A,N/A,N/A
RAVN,Erro ao buscar dados,-,,,,,,,,N/A,N/A,N/A
RBA,Erro ao buscar dados,-,,,,,,,,N/A,N/A,N/A
RBAC,Erro ao buscar dados,-,,,,,,,,N/A,N/A,N/A
RBAC.U,Erro ao buscar dados,-,,,,,,,,N/A,N/A,N/A
RBAC.WS,Erro ao buscar dados,-,,,,,,,,N/A,N/A,N/A
RBB,Erro ao buscar dados,-,,,,,,,,N/A,N/A,N/A
RBBN,Erro ao buscar dados,-,,,,,,,,N/A,N/A,N/A
RBC,Erro ao buscar dados,-,,,,,,,,N/A,N/A,N/A
RBCAA,Erro ao buscar dados,-,,,,,,,,N/A,N/A,N/A
RBCN,Erro ao buscar dados,-,,,,,,,,N/A,N/A,N/A
RBKB,Erro ao buscar dados,-,,,,,,,,N/A,N/A,N/A
RBNC,Erro ao buscar dados,-,,,,,,,,N/A,N/A,N/A
RC,Erro ao buscar dados,-,,,,,,,,N/A,N/A,N/A
RCA,Erro ao buscar dados,-,,,,,,,,N/A,N/A,N/A
RCB,Erro ao buscar dados,-,,,,,,,,N/A,N/A,N/A
RCEL,Erro ao buscar dados,-,,,,,,,,N/A,N/A,N/A
RCHG,Erro ao buscar dados,-,,,,,,,,N/A,N/A,N/A
RCHGU,Erro ao buscar dados,-,,,,,,,,N/A,N/A,N/A
RCHGW,Erro ao buscar dados,-,,,,,,,,N/A,N/A,N/A
RCI,Erro ao buscar dados,-,,,,,,,,N/A,N/A,N/A
RCII,Erro ao buscar dados,-,,,,,,,,N/A,N/A,N/A
RCKT,Erro ao buscar dados,-,,,,,,,,N/A,N/A,N/A
RCKY,Erro ao buscar dados,-,,,,,,,,N/A,N/A,N/A
RCL,Erro ao buscar dados,-,,,,,,,,N/A,N/A,N/A
RCM,Erro ao buscar dados,-,,,,,,,,N/A,N/A,N/A
RCMT,Erro ao buscar dados,-,,,,,,,,N/A,N/A,N/A
RCON,Erro ao buscar dados,-,,,,,,,,N/A,N/A,N/A
RCP,Erro ao buscar dados,-,,,,,,,,N/A,N/A,N/A
RCS,Erro ao buscar dados,-,,,,,,,,N/A,N/A,N/A
RCUS,Erro ao buscar dados,-,,,,,,,,N/A,N/A,N/A
RDCM,Erro ao buscar dados,-,,,,,,,,N/A,N/A,N/A
RDFN,Erro ao buscar dados,-,,,,,,,,N/A,N/A,N/A
RDHL,Erro ao buscar dados,-,,,,,,,,N/A,N/A,N/A
RDI,Erro ao buscar dados,-,,,,,,,,N/A,N/A,N/A
RDIB,Erro ao buscar dados,-,,,,,,,,N/A,N/A,N/A
RDN,Erro ao buscar dados,-,,,,,,,,N/A,N/A,N/A
RDNT,Erro ao buscar dados,-,,,,,,,,N/A,N/A,N/A
RDOR3.SA,Erro ao buscar dados,-,,,,,,,,N/A,N/A,N/A
RDS.A,Erro ao buscar dados,-,,,,,,,,N/A,N/A,N/A
RDS.B,Erro ao buscar dados,-,,,,,,,,N/A,N/A,N/A
RDUS,Erro ao buscar dados,-,,,,,,,,N/A,N/A,N/A
RDVT,Erro ao buscar dados,-,,,,,,,,N/A,N/A,N/A
RDVY,Erro ao buscar dados,-,,,,,,,,N/A,N/A,N/A
RDWR,Erro ao buscar dados,-,,,,,,,,N/A,N/A,N/A
RDY,Erro ao buscar dados,-,,,,,,,,N/A,N/A,N/A
RE,Erro ao buscar dados,-,,,,,,,,N/A,N/A,N/A
REAL,Erro ao buscar dados,-,,,,,,,,N/A,N/A,N/A
REDU,Erro ao buscar dados,-,,,,,,,,N/A,N/A,N/A
REED,Erro ao buscar dados,-,,,,,,,,N/A,N/A,N/A
REFR,Erro ao buscar dados,-,,,,,,,,N/A,N/A,N/A
REG,Erro ao buscar dados,-,,,,,,,,N/A,N/A,N/A
REGI,Erro ao buscar dados,-,,,,,,,,N/A,N/A,N/A
REGN,Erro ao buscar dados,-,,,,,,,,N/A,N/A,N/A
REKR,Erro ao buscar dados,-,,,,,,,,N/A,N/A,N/A
RELL,Erro ao buscar dados,-,,,,,,,,N/A,N/A,N/A
RELX,Erro ao buscar dados,-,,,,,,,,N/A,N/A,N/A
RENN,Erro ao buscar dados,-,,,,,,,,N/A,N/A,N/A
RENT3.SA,Erro ao buscar dados,-,,,,,,,,N/A,N/A,N/A
REPH,Erro ao buscar dados,-,,,,,,,,N/A,N/A,N/A
REPL,Erro ao buscar dados,-,,,,,,,,N/A,N/A,N/A
RES,Erro ao buscar dados,-,,,,,,,,N/A,N/A,N/A
RESN,Erro ao buscar dados,-,,,,,,,,N/A,N/A,N/A
RETA,Erro ao buscar dados,-,,,,,,,,N/A,N/A,N/A
RETO,Erro ao buscar dados,-,,,,,,,,N/A,N/A,N/A
REV,Erro ao buscar dados,-,,,,,,,,N/A,N/A,N/A
REVG,Erro ao buscar dados,-,,,,,,,,N/A,N/A,N/A
REX,Erro ao buscar dados,-,,,,,,,,N/A,N/A,N/A
REXR,Erro ao buscar dados,-,,,,,,,,N/A,N/A,N/A
REXR^A,Erro ao buscar dados,-,,,,,,,,N/A,N/A,N/A
REXR^B,Erro ao buscar dados,-,,,,,,,,N/A,N/A,N/A
REXR^C,Erro ao buscar dados,-,,,,,,,,N/A,N/A,N/A
REYN,Erro ao buscar dados,-,,,,,,,,N/A,N/A,N/A
REZI,Erro ao buscar dados,-,,,,,,,,N/A,N/A,N/A
RF,Erro ao buscar dados,-,,,,,,,,N/A,N/A,N/A
RFAP,Erro ao buscar dados,-,,,,,,,,N/A,N/A,N/A
RFDI,Erro ao buscar dados,-,,,,,,,,N/A,N/A,N/A
RFEM,Erro ao buscar dados,-,,,,,,,,N/A,N/A,N/A
RFEU,Erro ao buscar dados,-,,,,,,,,N/A,N/A,N/A
RFI,Erro ao buscar dados,-,,,,,,,,N/A,N/A,N/A
RFIL,Erro ao buscar dados,-,,,,,,,,N/A,N/A,N/A
RFL,Erro ao buscar dados,-,,,,,,,,N/A,N/A,N/A
RFM,Erro ao buscar dados,-,,,,,,,,N/A,N/A,N/A
RFP,Erro ao buscar dados,-,,,,,,,,N/A,N/A,N/A
RF^A,Erro ao buscar dados,-,,,,,,,,N/A,N/A,N/A
RF^B,Erro ao buscar dados,-,,,,,,,,N/A,N/A,N/A
RF^C,Erro ao buscar dados,-,,,,,,,,N/A,N/A,N/A
RGA,Erro ao buscar dados,-,,,,,,,,N/A,N/A,N/A
RGCO,Erro ao buscar dados,-,,,,,,,,N/A,N/A,N/A
RGEN,Erro ao buscar dados,-,,,,,,,,N/A,N/A,N/A
RGLD,Erro ao buscar dados,-,,,,,,,,N/A,N/A,N/A
RGLS,Erro ao buscar dados,-,,,,,,,,N/A,N/A,N/A
RGNX,Erro ao buscar dados,-,,,,,,,,N/A,N/A,N/A
RGP,Erro ao buscar dados,-,,,,,,,,N/A,N/A,N/A
RGR,Erro ao buscar dados,-,,,,,,,,N/A,N/A,N/A
RGS,Erro ao buscar dados,-,,,,,,,,N/A,N/A,N/A
RGT,Erro ao buscar dados,-,,,,,,,,N/A,N/A,N/A
RH,Erro ao buscar dados,-,,,,,,,,N/A,N/A,N/A
RHI,Erro ao buscar dados,-,,,,,,,,N/A,N/A,N/A
RHP,Erro ao buscar dados,-,,,,,,,,N/A,N/A,N/A
RIBT,Erro ao buscar dados,-,,,,,,,,N/A,N/A,N/A
RICE,Erro ao buscar dados,-,,,,,,,,N/A,N/A,N/A
RICE.U,Erro ao buscar dados,-,,,,,,,,N/A,N/A,N/A
RICE.WS,Erro ao buscar dados,-,,,,,,,,N/A,N/A,N/A
RICK,Erro ao buscar dados,-,,,,,,,,N/A,N/A,N/A
RIDE,Erro ao buscar dados,-,,,,,,,,N/A,N/A,N/A
RIG,Erro ao buscar dados,-,,,,,,,,N/A,N/A,N/A
RIGL,Erro ao buscar dados,-,,,,,,,,N/A,N/A,N/A
RILY,Erro ao buscar dados,-,,,,,,,,N/A,N/A,N/A
RILYG,Erro ao buscar dados,-,,,,,,,,N/A,N/A,N/A
RILYH,Erro ao buscar dados,-,,,,,,,,N/A,N/A,N/A
RILYI,Erro ao buscar dados,-,,,,,,,,N/A,N/A,N/A
RILYL,Erro ao buscar dados,-,,,,,,,,N/A,N/A,N/A
RILYM,Erro ao buscar dados,-,,,,,,,,N/A,N/A,N/A
RILYN,Erro ao buscar dados,-,,,,,,,,N/A,N/A,N/A
RILYO,Erro ao buscar dados,-,,,,,,,,N/A,N/A,N/A
RILYP,Erro ao buscar dados,-,,,,,,,,N/A,N/A,N/A
RILYZ,Erro ao buscar dados,-,,,,,,,,N/A,N/A,N/A
RING,Erro ao buscar dados,-,,,,,,,,N/A,N/A,N/A
RIO,Erro ao buscar dados,-,,,,,,,,N/A,N/A,N/A
RIOT,Erro ao buscar dados,-,,,,,,,,N/A,N/A,N/A
RIV,Erro ao buscar dados,-,,,,,,,,N/A,N/A,N/A
RIVE,Erro ao buscar dados,-,,,,,,,,N/A,N/A,N/A
RJF,Erro ao buscar dados,-,,,,,,,,N/A,N/A,N/A
RKDA,Erro ao buscar dados,-,,,,,,,,N/A,N/A,N/A
RKT,Erro ao buscar dados,-,,,,,,,,N/A,N/A,N/A
RL,Erro ao buscar dados,-,,,,,,,,N/A,N/A,N/A
RLAY,Erro ao buscar dados,-,,,,,,,,N/A,N/A,N/A
RLGY,Erro ao buscar dados,-,,,,,,,,N/A,N/A,N/A
RLH,Erro ao buscar dados,-,,,,,,,,N/A,N/A,N/A
RLI,Erro ao buscar dados,-,,,,,,,,N/A,N/A,N/A
RLJ,Erro ao buscar dados,-,,,,,,,,N/A,N/A,N/A
RLJ^A,Erro ao buscar dados,-,,,,,,,,N/A,N/A,N/A
RLMD,Erro ao buscar dados,-,,,,,,,,N/A,N/A,N/A
RM,Erro ao buscar dados,-,,,,,,,,N/A,N/A,N/A
RMAX,Erro ao buscar dados,-,,,,,,,,N/A,N/A,N/A
RMBI,Erro ao buscar dados,-,,,,,,,,N/A,N/A,N/A
RMBL,Erro ao buscar dados,-,,,,,,,,N/A,N/A,N/A
RMBS,Erro ao buscar dados,-,,,,,,,,N/A,N/A,N/A
RMCF,Erro ao buscar dados,-,,,,,,,,N/A,N/A,N/A
RMD,Erro ao buscar dados,-,,,,,,,,N/A,N/A,N/A
RMGBU,Erro ao buscar dados,-,,,,,,,,N/A,N/A,N/A
RMI,Erro ao buscar dados,-,,,,,,,,N/A,N/A,N/A
RMM,Erro ao buscar dados,-,,,,,,,,N/A,N/A,N/A
RMNI,Erro ao buscar dados,-,,,,,,,,N/A,N/A,N/A
RMO,Erro ao buscar dados,-,,,,,,,,N/A,N/A,N/A
RMO.WS,Erro ao buscar dados,-,,,,,,,,N/A,N/A,N/A
RMPL^,Erro ao buscar dados,-,,,,,,,,N/A,N/A,N/A
RMR,Erro ao buscar dados,-,,,,,,,,N/A,N/A,N/A
RMRM,Erro ao buscar dados,-,,,,,,,,N/A,N/A,N/A
RMT,Erro ao buscar dados,-,,,,,,,,N/A,N/A,N/A
RMTI,Erro ao buscar dados,-,,,,,,,,N/A,N/A,N/A
RNA,Erro ao buscar dados,-,,,,,,,,N/A,N/A,N/A
RNDB,Erro ao buscar dados,-,,,,,,,,N/A,N/A,N/A
RNDM,Erro ao buscar dados,-,,,,,,,,N/A,N/A,N/A
RNDV,Erro ao buscar dados,-,,,,,,,,N/A,N/A,N/A
RNEM,Erro ao buscar dados,-,,,,,,,,N/A,N/A,N/A
RNET,Erro ao buscar dados,-,,,,,,,,N/A,N/A,N/A
RNG,Erro ao buscar dados,-,,,,,,,,N/A,N/A,N/A
RNGR,Erro ao buscar dados,-,,,,,,,,N/A,N/A,N/A
RNLC,Erro ao buscar dados,-,,,,,,,,N/A,N/A,N/A
RNLX,Erro ao buscar dados,-,,,,,,,,N/A,N/A,N/A
RNMC,Erro ao buscar dados,-,,,,,,,,N/A,N/A,N/A
RNP,Erro ao buscar dados,-,,,,,,,,N/A,N/A,N/A
RNR,Erro ao buscar dados,-,,,,,,,,N/A,N/A,N/A
RNR^E,Erro ao buscar dados,-,,,,,,,,N/A,N/A,N/A
RNR^F,Erro ao buscar dados,-,,,,,,,,N/A,N/A,N/A
RNSC,Erro ao buscar dados,-,,,,,,,,N/A,N/A,N/A
RNST,Erro ao buscar dados,-,,,,,,,,N/A,N/A,N/A
RNWK,Erro ao buscar dados,-,,,,,,,,N/A,N/A,N/A
ROAD,Erro ao buscar dados,-,,,,,,,,N/A,N/A,N/A
ROBO,Erro ao buscar dados,-,,,,,,,,N/A,N/A,N/A
ROBT,Erro ao buscar dados,-,,,,,,,,N/A,N/A,N/A
ROCC,Erro ao buscar dados,-,,,,,,,,N/A,N/A,N/A
ROCCU,Erro ao buscar dados,-,,,,,,,,N/A,N/A,N/A
ROCCW,Erro ao buscar dados,-,,,,,,,,N/A,N/A,N/A
ROCH,Erro ao buscar dados,-,,,,,,,,N/A,N/A,N/A
ROCHU,Erro ao buscar dados,-,,,,,,,,N/A,N/A,N/A
ROCHW,Erro ao buscar dados,-,,,,,,,,N/A,N/A,N/A
ROCK,Erro ao buscar dados,-,,,,,,,,N/A,N/A,N/A
ROG,Erro ao buscar dados,-,,,,,,,,N/A,N/A,N/A
ROIC,Erro ao buscar dados,-,,,,,,,,N/A,N/A,N/A
ROK,Erro ao buscar dados,-,,,,,,,,N/A,N/A,N/A
ROKU,Erro ao buscar dados,-,,,,,,,,N/A,N/A,N/A
ROL,Erro ao buscar dados,-,,,,,,,,N/A,N/A,N/A
ROLL,Erro ao buscar dados,-,,,,,,,,N/A,N/A,N/A
ROOT,Erro ao buscar dados,-,,,,,,,,N/A,N/A,N/A
ROP,Erro ao buscar dados,-,,,,,,,,N/A,N/A,N/A
ROST,Erro ao buscar dados,-,,,,,,,,N/A,N/A,N/A
ROT.U,Erro ao buscar dados,-,,,,,,,,N/A,N/A,N/A
RP,Erro ao buscar dados,-,,,,,,,,N/A,N/A,N/A
RPAI,Erro ao buscar dados,-,,,,,,,,N/A,N/A,N/A
RPAY,Erro ao buscar dados,-,,,,,,,,N/A,N/A,N/A
RPD,Erro ao buscar dados,-,,,,,,,,N/A,N/A,N/A
RPLA,Erro ao buscar dados,-,,,,,,,,N/A,N/A,N/A
RPLA.U,Erro ao buscar dados,-,,,,,,,,N/A,N/A,N/A
RPLA.WS,Erro ao buscar dados,-,,,,,,,,N/A,N/A,N/A
RPM,Erro ao buscar dados,-,,,,,,,,N/A,N/A,N/A
RPRX,Erro ao buscar dados,-,,,,,,,,N/A,N/A,N/A
RPT,Erro ao buscar dados,-,,,,,,,,N/A,N/A,N/A
RPTX,Erro ao buscar dados,-,,,,,,,,N/A,N/A,N/A
RPT^D,Erro ao buscar dados,-,,,,,,,,N/A,N/A,N/A
RQI,Erro ao buscar dados,-,,,,,,,,N/A,N/A,N/A
RRBI,Erro ao buscar dados,-,,,,,,,,N/A,N/A,N/A
RRC,Erro ao buscar dados,-,,,,,,,,N/A,N/A,N/A
RRD,Erro ao buscar dados,-,,,,,,,,N/A,N/A,N/A
RRGB,Erro ao buscar dados,-,,,,,,,,N/A,N/A,N/A
RRR,Erro ao buscar dados,-,,,,,,,,N/A,N/A,N/A
RRRP3.SA,Erro ao buscar dados,-,,,,,,,,N/A,N/A,N/A
RS,Erro ao buscar dados,-,,,,,,,,N/A,N/A,N/A
RSF,Erro ao buscar dados,-,,,,,,,,N/A,N/A,N/A
RSG,Erro ao buscar dados,-,,,,,,,,N/A,N/A,N/A
RSI,Erro ao buscar dados,-,,,,,,,,N/A,N/A,N/A
RSI.WS,Erro ao buscar dados,-,,,,,,,,N/A,N/A,N/A
RSSS,Erro ao buscar dados,-,,,,,,,,N/A,N/A,N/A
RSVA,Erro ao buscar dados,-,,,,,,,,N/A,N/A,N/A
RSVAU,Erro ao buscar dados,-,,,,,,,,N/A,N/A,N/A
RSVAW,Erro ao buscar dados,-,,,,,,,,N/A,N/A,N/A
RTH,Erro ao buscar dados,-,,,,,,,,N/A,N/A,N/A
RTLR,Erro ao buscar dados,-,,,,,,,,N/A,N/A,N/A
RTP,Erro ao buscar dados,-,,,,,,,,N/A,N/A,N/A
RTP.U,Erro ao buscar dados,-,,,,,,,,N/A,N/A,N/A
RTP.WS,Erro ao buscar dados,-,,,,,,,,N/A,N/A,N/A
RTPZ,Erro ao buscar dados,-,,,,,,,,N/A,N/A,N/A
RTPZ.U,Erro ao buscar dados,-,,,,,,,,N/A,N/A,N/A
RTPZ.WS,Erro ao buscar dados,-,,,,,,,,N/A,N/A,N/A
RTX,Erro ao buscar dados,-,,,,,,,,N/A,N/A,N/A
RUBY,Erro ao buscar dados,-,,,,,,,,N/A,N/A,N/A
RUHN,Erro ao buscar dados,-,,,,,,,,N/A,N/A,N/A
RUN,Erro ao buscar dados,-,,,,,,,,N/A,N/A,N/A
RUSHA,Erro ao buscar dados,-,,,,,,,,N/A,N/A,N/A
RUSHB,Erro ao buscar dados,-,,,,,,,,N/A,N/A,N/A
RUTH,Erro ao buscar dados,-,,,,,,,,N/A,N/A,N/A
RVI,Erro ao buscar dados,-,,,,,,,,N/A,N/A,N/A
RVLV,Erro ao buscar dados,-,,,,,,,,N/A,N/A,N/A
RVMD,Erro ao buscar dados,-,,,,,,,,N/A,N/A,N/A
RVNC,Erro ao buscar dados,-,,,,,,,,N/A,N/A,N/A
RVPH,Erro ao buscar dados,-,,,,,,,,N/A,N/A,N/A
RVPHW,Erro ao buscar dados,-,,,,,,,,N/A,N/A,N/A
RVSB,Erro ao buscar dados,-,,,,,,,,N/A,N/A,N/A
RVT,Erro ao buscar dados,-,,,,,,,,N/A,N/A,N/A
RWLK,Erro ao buscar dados,-,,,,,,,,N/A,N/A,N/A
RWT,Erro ao buscar dados,-,,,,,,,,N/A,N/A,N/A
RXN,Erro ao buscar dados,-,,,,,,,,N/A,N/A,N/A
RXT,Erro ao buscar dados,-,,,,,,,,N/A,N/A,N/A
SAIL,Erro ao buscar dados,-,,,,,,,,N/A,N/A,N/A
SAK,Erro ao buscar dados,-,,,,,,,,N/A,N/A,N/A
SAL,Erro ao buscar dados,-,,,,,,,,N/A,N/A,N/A
SALM,Erro ao buscar dados,-,,,,,,,,N/A,N/A,N/A
SALT,Erro ao buscar dados,-,,,,,,,,N/A,N/A,N/A
SAM,Erro ao buscar dados,-,,,,,,,,N/A,N/A,N/A
SAMG,Erro ao buscar dados,-,,,,,,,,N/A,N/A,N/A
SAN,Erro ao buscar dados,-,,,,,,,,N/A,N/A,N/A
SANB11.SA,Erro ao buscar dados,-,,,,,,,,N/A,N/A,N/A
SAND,Erro ao buscar dados,-,,,,,,,,N/A,N/A,N/A
SANM,Erro ao buscar dados,-,,,,,,,,N/A,N/A,N/A
SANW,Erro ao buscar dados,-,,,,,,,,N/A,N/A,N/A
SAP,Erro ao buscar dados,-,,,,,,,,N/A,N/A,N/A
SAR,Erro ao buscar dados,-,,,,,,,,N/A,N/A,N/A
SASR,Erro ao buscar dados,-,,,,,,,,N/A,N/A,N/A
SATS,Erro ao buscar dados,-,,,,,,,,N/A,N/A,N/A
SAVA,Erro ao buscar dados,-,,,,,,,,N/A,N/A,N/A
SAVE,Erro ao buscar dados,-,,,,,,,,N/A,N/A,N/A
SB,Erro ao buscar dados,-,,,,,,,,N/A,N/A,N/A
SBAC,Erro ao buscar dados,-,,,,,,,,N/A,N/A,N/A
SBBA,Erro ao buscar dados,-,,,,,,,,N/A,N/A,N/A
SBBP,Erro ao buscar dados,-,,,,,,,,N/A,N/A,N/A
SBCF,Erro ao buscar dados,-,,,,,,,,N/A,N/A,N/A
SBE,Erro ao buscar dados,-,,,,,,,,N/A,N/A,N/A
SBE.U,Erro ao buscar dados,-,,,,,,,,N/A,N/A,N/A
RY,Erro ao buscar dados,-,,,,,,,,N/A,N/A,N/A
RYAAY,Erro ao buscar dados,-,,,,,,,,N/A,N/A,N/A
RYAM,Erro ao buscar dados,-,,,,,,,,N/A,N/A,N/A
RYB,Erro ao buscar dados,-,,,,,,,,N/A,N/A,N/A
RYI,Erro ao buscar dados,-,,,,,,,,N/A,N/A,N/A
RYN,Erro ao buscar dados,-,,,,,,,,N/A,N/A,N/A
RYTM,Erro ao buscar dados,-,,,,,,,,N/A,N/A,N/A
RY^T,Erro ao buscar dados,-,,,,,,,,N/A,N/A,N/A
RZA,Erro ao buscar dados,-,,,,,,,,N/A,N/A,N/A
RZB,Erro ao buscar dados,-,,,,,,,,N/A,N/A,N/A
RZLT,Erro ao buscar dados,-,,,,,,,,N/A,N/A,N/A
SA,Erro ao buscar dados,-,,,,,,,,N/A,N/A,N/A
SABR,Erro ao buscar dados,-,,,,,,,,N/A,N/A,N/A
SABRP,Erro ao buscar dados,-,,,,,,,,N/A,N/A,N/A
SAF,Erro ao buscar dados,-,,,,,,,,N/A,N/A,N/A
SAFE,Erro ao buscar dados,-,,,,,,,,N/A,N/A,N/A
SAFM,Erro ao buscar dados,-,,,,,,,,N/A,N/A,N/A
SAFT,Erro ao buscar dados,-,,,,,,,,N/A,N/A,N/A
SAGE,Erro ao buscar dados,-,,,,,,,,N/A,N/A,N/A
SAH,Erro ao buscar dados,-,,,,,,,,N/A,N/A,N/A
SAIA,Erro ao buscar dados,-,,,,,,,,N/A,N/A,N/A
SAIC,Erro ao buscar dados,-,,,,,,,,N/A,N/A,N/A
SAII,Erro ao buscar dados,-,,,,,,,,N/A,N/A,N/A
SAIIU,Erro ao buscar dados,-,,,,,,,,N/A,N/A,N/A
SAIIW,Erro ao buscar dados,-,,,,,,,,N/A,N/A,N/A
SBE.WS,Erro ao buscar dados,-,,,,,,,,N/A,N/A,N/A
SBFG,Erro ao buscar dados,-,,,,,,,,N/A,N/A,N/A
SBG,Erro ao buscar dados,-,,,,,,,,N/A,N/A,N/A
SBG.U,Erro ao buscar dados,-,,,,,,,,N/A,N/A,N/A
SBG.WS,Erro ao buscar dados,-,,,,,,,,N/A,N/A,N/A
SBGI,Erro ao buscar dados,-,,,,,,,,N/A,N/A,N/A
SBH,Erro ao buscar dados,-,,,,,,,,N/A,N/A,N/A
SBI,Erro ao buscar dados,-,,,,,,,,N/A,N/A,N/A
SBLK,Erro ao buscar dados,-,,,,,,,,N/A,N/A,N/A
SBLKZ,Erro ao buscar dados,-,,,,,,,,N/A,N/A,N/A
SBNY,Erro ao buscar dados,-,,,,,,,,N/A,N/A,N/A
SBNYP,Erro ao buscar dados,-,,,,,,,,N/A,N/A,N/A
SBOW,Erro ao buscar dados,-,,,,,,,,N/A,N/A,N/A
SBR,Erro ao buscar dados,-,,,,,,,,N/A,N/A,N/A
SBRA,Erro ao buscar dados,-,,,,,,,,N/A,N/A,N/A
SBS,Erro ao buscar dados,-,,,,,,,,N/A,N/A,N/A
SBSI,Erro ao buscar dados,-,,,,,,,,N/A,N/A,N/A
SBSP3.SA,Erro ao buscar dados,-,,,,,,,,N/A,N/A,N/A
SBSW,Erro ao buscar dados,-,,,,,,,,N/A,N/A,N/A
SBT,Erro ao buscar dados,-,,,,,,,,N/A,N/A,N/A
SBTX,Erro ao buscar dados,-,,,,,,,,N/A,N/A,N/A
SBUX,Erro ao buscar dados,-,,,,,,,,N/A,N/A,N/A
SB^C,Erro ao buscar dados,-,,,,,,,,N/A,N/A,N/A
SB^D,Erro ao buscar dados,-,,,,,,,,N/A,N/A,N/A
SC,Erro ao buscar dados,-,,,,,,,,N/A,N/A,N/A
SCA,Erro ao buscar dados,-,,,,,,,,N/A,N/A,N/A
SCCO,Erro ao buscar dados,-,,,,,,,,N/A,N/A,N/A
SCD,Erro ao buscar dados,-,,,,,,,,N/A,N/A,N/A
SCE^G,Erro ao buscar dados,-,,,,,,,,N/A,N/A,N/A
SCE^H,Erro ao buscar dados,-,,,,,,,,N/A,N/A,N/A
SCE^J,Erro ao buscar dados,-,,,,,,,,N/A,N/A,N/A
SCE^K,Erro ao buscar dados,-,,,,,,,,N/A,N/A,N/A
SCE^L,Erro ao buscar dados,-,,,,,,,,N/A,N/A,N/A
SCHL,Erro ao buscar dados,-,,,,,,,,N/A,N/A,N/A
SCHN,Erro ao buscar dados,-,,,,,,,,N/A,N/A,N/A
SCHW,Erro ao buscar dados,-,,,,,,,,N/A,N/A,N/A
SCHW^C,Erro ao buscar dados,-,,,,,,,,N/A,N/A,N/A
SCHW^D,Erro ao buscar dados,-,,,,,,,,N/A,N/A,N/A
SCI,Erro ao buscar dados,-,,,,,,,,N/A,N/A,N/A
SCKT,Erro ao buscar dados,-,,,,,,,,N/A,N/A,N/A
SCL,Erro ao buscar dados,-,,,,,,,,N/A,N/A,N/A
SCM,Erro ao buscar dados,-,,,,,,,,N/A,N/A,N/A
SCOAU,Erro ao buscar dados,-,,,,,,,,N/A,N/A,N/A
SCOR,Erro ao buscar dados,-,,,,,,,,N/A,N/A,N/A
SCPE,Erro ao buscar dados,-,,,,,,,,N/A,N/A,N/A
SCPE.U,Erro ao buscar dados,-,,,,,,,,N/A,N/A,N/A
SCPE.WS,Erro ao buscar dados,-,,,,,,,,N/A,N/A,N/A
SCPH,Erro ao buscar dados,-,,,,,,,,N/A,N/A,N/A
SCPL,Erro ao buscar dados,-,,,,,,,,N/A,N/A,N/A
SCPS,Erro ao buscar dados,-,,,,,,,,N/A,N/A,N/A
SEE,Erro ao buscar dados,-,,,,,,,,N/A,N/A,N/A
SEED,Erro ao buscar dados,-,,,,,,,,N/A,N/A,N/A
SEEL,Erro ao buscar dados,-,,,,,,,,N/A,N/A,N/A
SEER,Erro ao buscar dados,-,,,,,,,,N/A,N/A,N/A
SEIC,Erro ao buscar dados,-,,,,,,,,N/A,N/A,N/A
SELB,Erro ao buscar dados,-,,,,,,,,N/A,N/A,N/A
SELF,Erro ao buscar dados,-,,,,,,,,N/A,N/A,N/A
SEM,Erro ao buscar dados,-,,,,,,,,N/A,N/A,N/A
SENEA,Erro ao buscar dados,-,,,,,,,,N/A,N/A,N/A
SENEB,Erro ao buscar dados,-,,,,,,,,N/A,N/A,N/A
SESN,Erro ao buscar dados,-,,,,,,,,N/A,N/A,N/A
SF,Erro ao buscar dados,-,,,,,,,,N/A,N/A,N/A
SFB,Erro ao buscar dados,-,,,,,,,,N/A,N/A,N/A
SFBC,Erro ao buscar dados,-,,,,,,,,N/A,N/A,N/A
SFBS,Erro ao buscar dados,-,,,,,,,,N/A,N/A,N/A
SFE,Erro ao buscar dados,-,,,,,,,,N/A,N/A,N/A
SFET,Erro ao buscar dados,-,,,,,,,,N/A,N/A,N/A
SFIX,Erro ao buscar dados,-,,,,,,,,N/A,N/A,N/A
SFL,Erro ao buscar dados,-,,,,,,,,N/A,N/A,N/A
SFM,Erro ao buscar dados,-,,,,,,,,N/A,N/A,N/A
SFNC,Erro ao buscar dados,-,,,,,,,,N/A,N/A,N/A
SFST,Erro ao buscar dados,-,,,,,,,,N/A,N/A,N/A
SFT,Erro ao buscar dados,-,,,,,,,,N/A,N/A,N/A
SFTW,Erro ao buscar dados,-,,,,,,,,N/A,N/A,N/A
SFTW.U,Erro ao buscar dados,-,,,,,,,,N/A,N/A,N/A
SCS,Erro ao buscar dados,-,,,,,,,,N/A,N/A,N/A
SCSC,Erro ao buscar dados,-,,,,,,,,N/A,N/A,N/A
SCU,Erro ao buscar dados,-,,,,,,,,N/A,N/A,N/A
SCVL,Erro ao buscar dados,-,,,,,,,,N/A,N/A,N/A
SCVX,Erro ao buscar dados,-,,,,,,,,N/A,N/A,N/A
SCVX.U,Erro ao buscar dados,-,,,,,,,,N/A,N/A,N/A
SCVX.WS,Erro ao buscar dados,-,,,,,,,,N/A,N/A,N/A
SCWX,Erro ao buscar dados,-,,,,,,,,N/A,N/A,N/A
SCX,Erro ao buscar dados,-,,,,,,,,N/A,N/A,N/A
SCYX,Erro ao buscar dados,-,,,,,,,,N/A,N/A,N/A
SCZ,Erro ao buscar dados,-,,,,,,,,N/A,N/A,N/A
SD,Erro ao buscar dados,-,,,,,,,,N/A,N/A,N/A
SDC,Erro ao buscar dados,-,,,,,,,,N/A,N/A,N/A
SDG,Erro ao buscar dados,-,,,,,,,,N/A,N/A,N/A
SDGR,Erro ao buscar dados,-,,,,,,,,N/A,N/A,N/A
SDHY,Erro ao buscar dados,-,,,,,,,,N/A,N/A,N/A
SDVY,Erro ao buscar dados,-,,,,,,,,N/A,N/A,N/A
SE,Erro ao buscar dados,-,,,,,,,,N/A,N/A,N/A
SEAC,Erro ao buscar dados,-,,,,,,,,N/A,N/A,N/A
SEAH,Erro ao buscar dados,-,,,,,,,,N/A,N/A,N/A
SEAH.U,Erro ao buscar dados,-,,,,,,,,N/A,N/A,N/A
SEAH.WS,Erro ao buscar dados,-,,,,,,,,N/A,N/A,N/A
SEAS,Erro ao buscar dados,-,,,,,,,,N/A,N/A,N/A
SECO,Erro ao buscar dados,-,,,,,,,,N/A,N/A,N/A
SEDG,Erro ao buscar dados,-,,,,,,,,N/A,N/A,N/A
SFTW.WS,Erro ao buscar dados,-,,,,,,,,N/A,N/A,N/A
SFUN,Erro ao buscar dados,-,,,,,,,,N/A,N/A,N/A
SF^A,Erro ao buscar dados,-,,,,,,,,N/A,N/A,N/A
SF^B,Erro ao buscar dados,-,,,,,,,,N/A,N/A,N/A
SF^C,Erro ao buscar dados,-,,,,,,,,N/A,N/A,N/A
SG,Erro ao buscar dados,-,,,,,,,,N/A,N/A,N/A
SGA,Erro ao buscar dados,-,,,,,,,,N/A,N/A,N/A
SGAM,Erro ao buscar dados,-,,,,,,,,N/A,N/A,N/A
SGAMU,Erro ao buscar dados,-,,,,,,,,N/A,N/A,N/A
SGAMW,Erro ao buscar dados,-,,,,,,,,N/A,N/A,N/A
SGBX,Erro ao buscar dados,-,,,,,,,,N/A,N/A,N/A
SGC,Erro ao buscar dados,-,,,,,,,,N/A,N/A,N/A
SGEN,Erro ao buscar dados,-,,,,,,,,N/A,N/A,N/A
SGH,Erro ao buscar dados,-,,,,,,,,N/A,N/A,N/A
SGLB,Erro ao buscar dados,-,,,,,,,,N/A,N/A,N/A
SGLBW,Erro ao buscar dados,-,,,,,,,,N/A,N/A,N/A
SGMA,Erro ao buscar dados,-,,,,,,,,N/A,N/A,N/A
SGMO,Erro ao buscar dados,-,,,,,,,,N/A,N/A,N/A
SGMS,Erro ao buscar dados,-,,,,,,,,N/A,N/A,N/A
SGOC,Erro ao buscar dados,-,,,,,,,,N/A,N/A,N/A
SGRP,Erro ao buscar dados,-,,,,,,,,N/A,N/A,N/A
SGRY,Erro ao buscar dados,-,,,,,,,,N/A,N/A,N/A
SGTX,Erro ao buscar dados,-,,,,,,,,N/A,N/A,N/A
SGU,Erro ao buscar dados,-,,,,,,,,N/A,N/A,N/A
SHACU,Erro ao buscar dados,-,,,,,,,,N/A,N/A,N/A
SHAK,Erro ao buscar dados,-,,,,,,,,N/A,N/A,N/A
SHBI,Erro ao buscar dados,-,,,,,,,,N/A,N/A,N/A
SHC,Erro ao buscar dados,-,,,,,,,,N/A,N/A,N/A
SHEL,Erro ao buscar dados,-,,,,,,,,N/A,N/A,N/A
SHEN,Erro ao buscar dados,-,,,,,,,,N/A,N/A,N/A
SHG,Erro ao buscar dados,-,,,,,,,,N/A,N/A,N/A
SHI,Erro ao buscar dados,-,,,,,,,,N/A,N/A,N/A
SHIP,Erro ao buscar dados,-,,,,,,,,N/A,N/A,N/A
SHIPW,Erro ao buscar dados,-,,,,,,,,N/A,N/A,N/A
SHIPZ,Erro ao buscar dados,-,,,,,,,,N/A,N/A,N/A
SHLD,Erro ao buscar dados,-,,,,,,,,N/A,N/A,N/A
SHLX,Erro ao buscar dados,-,,,,,,,,N/A,N/A,N/A
SHO,Erro ao buscar dados,-,,,,,,,,N/A,N/A,N/A
SHOO,Erro ao buscar dados,-,,,,,,,,N/A,N/A,N/A
SHOP,Erro ao buscar dados,-,,,,,,,,N/A,N/A,N/A
SHO^E,Erro ao buscar dados,-,,,,,,,,N/A,N/A,N/A
SHO^F,Erro ao buscar dados,-,,,,,,,,N/A,N/A,N/A
SHSP,Erro ao buscar dados,-,,,,,,,,N/A,N/A,N/A
SHV,Erro ao buscar dados,-,,,,,,,,N/A,N/A,N/A
SHW,Erro ao buscar dados,-,,,,,,,,N/A,N/A,N/A
SHY,Erro ao buscar dados,-,,,,,,,,N/A,N/A,N/A
SHYF,Erro ao buscar dados,-,,,,,,,,N/A,N/A,N/A
SI,Erro ao buscar dados,-,,,,,,,,N/A,N/A,N/A
SIBN,Erro ao buscar dados,-,,,,,,,,N/A,N/A,N/A
SIC,Erro ao buscar dados,-,,,,,,,,N/A,N/A,N/A
SID,Erro ao buscar dados,-,,,,,,,,N/A,N/A,N/A
SIEB,Erro ao buscar dados,-,,,,,,,,N/A,N/A,N/A
SIEN,Erro ao buscar dados,-,,,,,,,,N/A,N/A,N/A
SIFY,Erro ao buscar dados,-,,,,,,,,N/A,N/A,N/A
SIG,Erro ao buscar dados,-,,,,,,,,N/A,N/A,N/A
SIGA,Erro ao buscar dados,-,,,,,,,,N/A,N/A,N/A
SIGI,Erro ao buscar dados,-,,,,,,,,N/A,N/A,N/A
SIGIP,Erro ao buscar dados,-,,,,,,,,N/A,N/A,N/A
SII,Erro ao buscar dados,-,,,,,,,,N/A,N/A,N/A
SILC,Erro ao buscar dados,-,,,,,,,,N/A,N/A,N/A
SILK,Erro ao buscar dados,-,,,,,,,,N/A,N/A,N/A
SIMO,Erro ao buscar dados,-,,,,,,,,N/A,N/A,N/A
SINA,Erro ao buscar dados,-,,,,,,,,N/A,N/A,N/A
SINO,Erro ao buscar dados,-,,,,,,,,N/A,N/A,N/A
SINT,Erro ao buscar dados,-,,,,,,,,N/A,N/A,N/A
SIOX,Erro ao buscar dados,-,,,,,,,,N/A,N/A,N/A
SIRI,Erro ao buscar dados,-,,,,,,,,N/A,N/A,N/A
SITC,Erro ao buscar dados,-,,,,,,,,N/A,N/A,N/A
SITC^A,Erro ao buscar dados,-,,,,,,,,N/A,N/A,N/A
SITC^K,Erro ao buscar dados,-,,,,,,,,N/A,N/A,N/A
SITE,Erro ao buscar dados,-,,,,,,,,N/A,N/A,N/A
SITM,Erro ao buscar dados,-,,,,,,,,N/A,N/A,N/A
SIVB,Erro ao buscar dados,-,,,,,,,,N/A,N/A,N/A
SIVBP,Erro ao buscar dados,-,,,,,,,,N/A,N/A,N/A
SIX,Erro ao buscar dados,-,,,,,,,,N/A,N/A,N/A
SJ,Erro ao buscar dados,-,,,,,,,,N/A,N/A,N/A
SJI,Erro ao buscar dados,-,,,,,,,,N/A,N/A,N/A
SJIJ,Erro ao buscar dados,-,,,,,,,,N/A,N/A,N/A
SJIU,Erro ao buscar dados,-,,,,,,,,N/A,N/A,N/A
SJM,Erro ao buscar dados,-,,,,,,,,N/A,N/A,N/A
SJR,Erro ao buscar dados,-,,,,,,,,N/A,N/A,N/A
SJT,Erro ao buscar dados,-,,,,,,,,N/A,N/A,N/A
SJW,Erro ao buscar dados,-,,,,,,,,N/A,N/A,N/A
SKLZ,Erro ao buscar dados,-,,,,,,,,N/A,N/A,N/A
SKLZ.WS,Erro ao buscar dados,-,,,,,,,,N/A,N/A,N/A
SKM,Erro ao buscar dados,-,,,,,,,,N/A,N/A,N/A
SKOR,Erro ao buscar dados,-,,,,,,,,N/A,N/A,N/A
SKT,Erro ao buscar dados,-,,,,,,,,N/A,N/A,N/A
SKX,Erro ao buscar dados,-,,,,,,,,N/A,N/A,N/A
SKY,Erro ao buscar dados,-,,,,,,,,N/A,N/A,N/A
SKYU,Erro ao buscar dados,-,,,,,,,,N/A,N/A,N/A
SKYW,Erro ao buscar dados,-,,,,,,,,N/A,N/A,N/A
SKYY,Erro ao buscar dados,-,,,,,,,,N/A,N/A,N/A
SLAB,Erro ao buscar dados,-,,,,,,,,N/A,N/A,N/A
SLB,Erro ao buscar dados,-,,,,,,,,N/A,N/A,N/A
SLCA,Erro ao buscar dados,-,,,,,,,,N/A,N/A,N/A
SLCE3.SA,Erro ao buscar dados,-,,,,,,,,N/A,N/A,N/A
SLCRU,Erro ao buscar dados,-,,,,,,,,N/A,N/A,N/A
SLCT,Erro ao buscar dados,-,,,,,,,,N/A,N/A,N/A
SLDB,Erro ao buscar dados,-,,,,,,,,N/A,N/A,N/A
SLF,Erro ao buscar dados,-,,,,,,,,N/A,N/A,N/A
SLG,Erro ao buscar dados,-,,,,,,,,N/A,N/A,N/A
SLGG,Erro ao buscar dados,-,,,,,,,,N/A,N/A,N/A
SLGL,Erro ao buscar dados,-,,,,,,,,N/A,N/A,N/A
SLGN,Erro ao buscar dados,-,,,,,,,,N/A,N/A,N/A
SLG^I,Erro ao buscar dados,-,,,,,,,,N/A,N/A,N/A
SLM,Erro ao buscar dados,-,,,,,,,,N/A,N/A,N/A
SLMBP,Erro ao buscar dados,-,,,,,,,,N/A,N/A,N/A
SLN,Erro ao buscar dados,-,,,,,,,,N/A,N/A,N/A
SLNO,Erro ao buscar dados,-,,,,,,,,N/A,N/A,N/A
SLP,Erro ao buscar dados,-,,,,,,,,N/A,N/A,N/A
SLQD,Erro ao buscar dados,-,,,,,,,,N/A,N/A,N/A
SLQT,Erro ao buscar dados,-,,,,,,,,N/A,N/A,N/A
SLRC,Erro ao buscar dados,-,,,,,,,,N/A,N/A,N/A
SLRX,Erro ao buscar dados,-,,,,,,,,N/A,N/A,N/A
SLS,Erro ao buscar dados,-,,,,,,,,N/A,N/A,N/A
SLVO,Erro ao buscar dados,-,,,,,,,,N/A,N/A,N/A
SM,Erro ao buscar dados,-,,,,,,,,N/A,N/A,N/A
SMAR,Erro ao buscar dados,-,,,,,,,,N/A,N/A,N/A
SMBC,Erro ao buscar dados,-,,,,,,,,N/A,N/A,N/A
SMBK,Erro ao buscar dados,-,,,,,,,,N/A,N/A,N/A
SMCI,Erro ao buscar dados,-,,,,,,,,N/A,N/A,N/A
SMCP,Erro ao buscar dados,-,,,,,,,,N/A,N/A,N/A
SMED,Erro ao buscar dados,-,,,,,,,,N/A,N/A,N/A
SMFG,Erro ao buscar dados,-,,,,,,,,N/A,N/A,N/A
SMG,Erro ao buscar dados,-,,,,,,,,N/A,N/A,N/A
SMH,Erro ao buscar dados,-,,,,,,,,N/A,N/A,N/A
SMHI,Erro ao buscar dados,-,,,,,,,,N/A,N/A,N/A
SMID,Erro ao buscar dados,-,,,,,,,,N/A,N/A,N/A
SMIT,Erro ao buscar dados,-,,,,,,,,N/A,N/A,N/A
SMLP,Erro ao buscar dados,-,,,,,,,,N/A,N/A,N/A
SMM,Erro ao buscar dados,-,,,,,,,,N/A,N/A,N/A
SMMF,Erro ao buscar dados,-,,,,,,,,N/A,N/A,N/A
SMMT,Erro ao buscar dados,-,,,,,,,,N/A,N/A,N/A
SMP,Erro ao buscar dados,-,,,,,,,,N/A,N/A,N/A
SMPL,Erro ao buscar dados,-,,,,,,,,N/A,N/A,N/A
SMSI,Erro ao buscar dados,-,,,,,,,,N/A,N/A,N/A
SMTC,Erro ao buscar dados,-,,,,,,,,N/A,N/A,N/A
SMTI,Erro ao buscar dados,-,,,,,,,,N/A,N/A,N/A
SMTO3.SA,Erro ao buscar dados,-,,,,,,,,N/A,N/A,N/A
SMTX,Erro ao buscar dados,-,,,,,,,,N/A,N/A,N/A
SNA,Erro ao buscar dados,-,,,,,,,,N/A,N/A,N/A
SNAP,Erro ao buscar dados,-,,,,,,,,N/A,N/A,N/A
SNBR,Erro ao buscar dados,-,,,,,,,,N/A,N/A,N/A
SNCA,Erro ao buscar dados,-,,,,,,,,N/A,N/A,N/A
SNCR,Erro ao buscar dados,-,,,,,,,,N/A,N/A,N/A
SND,Erro ao buscar dados,-,,,,,,,,N/A,N/A,N/A
SNDE,Erro ao buscar dados,-,,,,,,,,N/A,N/A,N/A
SNDL,Erro ao buscar dados,-,,,,,,,,N/A,N/A,N/A
SNDR,Erro ao buscar dados,-,,,,,,,,N/A,N/A,N/A
SNDX,Erro ao buscar dados,-,,,,,,,,N/A,N/A,N/A
SNE,Erro ao buscar dados,-,,,,,,,,N/A,N/A,N/A
SNES,Erro ao buscar dados,-,,,,,,,,N/A,N/A,N/A
SNEX,Erro ao buscar dados,-,,,,,,,,N/A,N/A,N/A
SNFCA,Erro ao buscar dados,-,,,,,,,,N/A,N/A,N/A
SNGX,Erro ao buscar dados,-,,,,,,,,N/A,N/A,N/A
SNGXW,Erro ao buscar dados,-,,,,,,,,N/A,N/A,N/A
SNLN,Erro ao buscar dados,-,,,,,,,,N/A,N/A,N/A
SNN,Erro ao buscar dados,-,,,,,,,,N/A,N/A,N/A
SNOA,Erro ao buscar dados,-,,,,,,,,N/A,N/A,N/A
SNOW,Erro ao buscar dados,-,,,,,,,,N/A,N/A,N/A
SNP,Erro ao buscar dados,-,,,,,,,,N/A,N/A,N/A
SNPR,Erro ao buscar dados,-,,,,,,,,N/A,N/A,N/A
SNPR.U,Erro ao buscar dados,-,,,,,,,,N/A,N/A,N/A
SNPR.WS,Erro ao buscar dados,-,,,,,,,,N/A,N/A,N/A
SNPS,Erro ao buscar dados,-,,,,,,,,N/A,N/A,N/A
SNR,Erro ao buscar dados,-,,,,,,,,N/A,N/A,N/A
SNRHU,Erro ao buscar dados,-,,,,,,,,N/A,N/A,N/A
SNSR,Erro ao buscar dados,-,,,,,,,,N/A,N/A,N/A
SNSS,Erro ao buscar dados,-,,,,,,,,N/A,N/A,N/A
SNUG,Erro ao buscar dados,-,,,,,,,,N/A,N/A,N/A
SNV,Erro ao buscar dados,-,,,,,,,,N/A,N/A,N/A
SNV^D,Erro ao buscar dados,-,,,,,,,,N/A,N/A,N/A
SNV^E,Erro ao buscar dados,-,,,,,,,,N/A,N/A,N/A
SNX,Erro ao buscar dados,-,,,,,,,,N/A,N/A,N/A
SNY,Erro ao buscar dados,-,,,,,,,,N/A,N/A,N/A
SO,Erro ao buscar dados,-,,,,,,,,N/A,N/A,N/A
SOAC,Erro ao buscar dados,-,,,,,,,,N/A,N/A,N/A
SOAC.U,Erro ao buscar dados,-,,,,,,,,N/A,N/A,N/A
SOAC.WS,Erro ao buscar dados,-,,,,,,,,N/A,N/A,N/A
SOCL,Erro ao buscar dados,-,,,,,,,,N/A,N/A,N/A
SOGO,Erro ao buscar dados,-,,,,,,,,N/A,N/A,N/A
SOHO,Erro ao buscar dados,-,,,,,,,,N/A,N/A,N/A
SOHOB,Erro ao buscar dados,-,,,,,,,,N/A,N/A,N/A
SOHON,Erro ao buscar dados,-,,,,,,,,N/A,N/A,N/A
SOHOO,Erro ao buscar dados,-,,,,,,,,N/A,N/A,N/A
SOHU,Erro ao buscar dados,-,,,,,,,,N/A,N/A,N/A
SOI,Erro ao buscar dados,-,,,,,,,,N/A,N/A,N/A
SOJB,Erro ao buscar dados,-,,,,,,,,N/A,N/A,N/A
SOJC,Erro ao buscar dados,-,,,,,,,,N/A,N/A,N/A
SOJD,Erro ao buscar dados,-,,,,,,,,N/A,N/A,N/A
SOJE,Erro ao buscar dados,-,,,,,,,,N/A,N/A,N/A
SOL,Erro ao buscar dados,-,,,,,,,,N/A,N/A,N/A
SOLN,Erro ao buscar dados,-,,,,,,,,N/A,N/A,N/A
SOLO,Erro ao buscar dados,-,,,,,,,,N/A,N/A,N/A
SOLOW,Erro ao buscar dados,-,,,,,,,,N/A,N/A,N/A
SOLY,Erro ao buscar dados,-,,,,,,,,N/A,N/A,N/A
SOMA3.SA,Erro ao buscar dados,-,,,,,,,,N/A,N/A,N/A
SON,Erro ao buscar dados,-,,,,,,,,N/A,N/A,N/A
SONA,Erro ao buscar dados,-,,,,,,,,N/A,N/A,N/A
SONM,Erro ao buscar dados,-,,,,,,,,N/A,N/A,N/A
SONN,Erro ao buscar dados,-,,,,,,,,N/A,N/A,N/A
SONO,Erro ao buscar dados,-,,,,,,,,N/A,N/A,N/A
SOR,Erro ao buscar dados,-,,,,,,,,N/A,N/A,N/A
SOS,Erro ao buscar dados,-,,,,,,,,N/A,N/A,N/A
SOXX,Erro ao buscar dados,-,,,,,,,,N/A,N/A,N/A
SP,Erro ao buscar dados,-,,,,,,,,N/A,N/A,N/A
SPB,Erro ao buscar dados,-,,,,,,,,N/A,N/A,N/A
SPCB,Erro ao buscar dados,-,,,,,,,,N/A,N/A,N/A
SPCE,Erro ao buscar dados,-,,,,,,,,N/A,N/A,N/A
SPE,Erro ao buscar dados,-,,,,,,,,N/A,N/A,N/A
SPEL,Erro ao buscar dados,-,,,,,,,,N/A,N/A,N/A
SPE^B,Erro ao buscar dados,-,,,,,,,,N/A,N/A,N/A
SPFI,Erro ao buscar dados,-,,,,,,,,N/A,N/A,N/A
SPFR.U,Erro ao buscar dados,-,,,,,,,,N/A,N/A,N/A
SPG,Erro ao buscar dados,-,,,,,,,,N/A,N/A,N/A
SPGI,Erro ao buscar dados,-,,,,,,,,N/A,N/A,N/A
SPG^J,Erro ao buscar dados,-,,,,,,,,N/A,N/A,N/A
SPH,Erro ao buscar dados,-,,,,,,,,N/A,N/A,N/A
SPI,Erro ao buscar dados,-,,,,,,,,N/A,N/A,N/A
SPKE,Erro ao buscar dados,-,,,,,,,,N/A,N/A,N/A
SPKEP,Erro ao buscar dados,-,,,,,,,,N/A,N/A,N/A
SPLK,Erro ao buscar dados,-,,,,,,,,N/A,N/A,N/A
SPLP,Erro ao buscar dados,-,,,,,,,,N/A,N/A,N/A
SPLP^A,Erro ao buscar dados,-,,,,,,,,N/A,N/A,N/A
SPNE,Erro ao buscar dados,-,,,,,,,,N/A,N/A,N/A
SPNS,Erro ao buscar dados,-,,,,,,,,N/A,N/A,N/A
SPNV,Erro ao buscar dados,-,,,,,,,,N/A,N/A,N/A
SPNV.U,Erro ao buscar dados,-,,,,,,,,N/A,N/A,N/A
SPNV.WS,Erro ao buscar dados,-,,,,,,,,N/A,N/A,N/A
SPOK,Erro ao buscar dados,-,,,,,,,,N/A,N/A,N/A
SPOT,Erro ao buscar dados,-,,,,,,,,N/A,N/A,N/A
SPPI,Erro ao buscar dados,-,,,,,,,,N/A,N/A,N/A
SPQQ,Erro ao buscar dados,-,,,,,,,,N/A,N/A,N/A
SPR,Erro ao buscar dados,-,,,,,,,,N/A,N/A,N/A
SPRB,Erro ao buscar dados,-,,,,,,,,N/A,N/A,N/A
SPRO,Erro ao buscar dados,-,,,,,,,,N/A,N/A,N/A
SPRQ,Erro ao buscar dados,-,,,,,,,,N/A,N/A,N/A
SPRQ.U,Erro ao buscar dados,-,,,,,,,,N/A,N/A,N/A
SPRQ.WS,Erro ao buscar dados,-,,,,,,,,N/A,N/A,N/A
SPRT,Erro ao buscar dados,-,,,,,,,,N/A,N/A,N/A
SPSC,Erro ao buscar dados,-,,,,,,,,N/A,N/A,N/A
SPT,Erro ao buscar dados,-,,,,,,,,N/A,N/A,N/A
SPTN,Erro ao buscar dados,-,,,,,,,,N/A,N/A,N/A
SPWH,Erro ao buscar dados,-,,,,,,,,N/A,N/A,N/A
SPWR,Erro ao buscar dados,-,,,,,,,,N/A,N/A,N/A
SPXC,Erro ao buscar dados,-,,,,,,,,N/A,N/A,N/A
SPXX,Erro ao buscar dados,-,,,,,,,,N/A,N/A,N/A
SQ,Erro ao buscar dados,-,,,,,,,,N/A,N/A,N/A
SQBG,Erro ao buscar dados,-,,,,,,,,N/A,N/A,N/A
SQFT,Erro ao buscar dados,-,,,,,,,,N/A,N/A,N/A
SQLV,Erro ao buscar dados,-,,,,,,,,N/A,N/A,N/A
SQM,Erro ao buscar dados,-,,,,,,,,N/A,N/A,N/A
SQNS,Erro ao buscar dados,-,,,,,,,,N/A,N/A,N/A
SQQQ,Erro ao buscar dados,-,,,,,,,,N/A,N/A,N/A
SQZ,Erro ao buscar dados,-,,,,,,,,N/A,N/A,N/A
SR,Erro ao buscar dados,-,,,,,,,,N/A,N/A,N/A
SRAC,Erro ao buscar dados,-,,,,,,,,N/A,N/A,N/A
SRACU,Erro ao buscar dados,-,,,,,,,,N/A,N/A,N/A
SRACW,Erro ao buscar dados,-,,,,,,,,N/A,N/A,N/A
SRAX,Erro ao buscar dados,-,,,,,,,,N/A,N/A,N/A
SRC,Erro ao buscar dados,-,,,,,,,,N/A,N/A,N/A
SRCE,Erro ao buscar dados,-,,,,,,,,N/A,N/A,N/A
SRCL,Erro ao buscar dados,-,,,,,,,,N/A,N/A,N/A
SRC^A,Erro ao buscar dados,-,,,,,,,,N/A,N/A,N/A
SRDX,Erro ao buscar dados,-,,,,,,,,N/A,N/A,N/A
SRE,Erro ao buscar dados,-,,,,,,,,N/A,N/A,N/A
SREA,Erro ao buscar dados,-,,,,,,,,N/A,N/A,N/A
SRET,Erro ao buscar dados,-,,,,,,,,N/A,N/A,N/A
SREV,Erro ao buscar dados,-,,,,,,,,N/A,N/A,N/A
SRE^B,Erro ao buscar dados,-,,,,,,,,N/A,N/A,N/A
SRG,Erro ao buscar dados,-,,,,,,,,N/A,N/A,N/A
SRGA,Erro ao buscar dados,-,,,,,,,,N/A,N/A,N/A
SRG^A,Erro ao buscar dados,-,,,,,,,,N/A,N/A,N/A
SRI,Erro ao buscar dados,-,,,,,,,,N/A,N/A,N/A
SRL,Erro ao buscar dados,-,,,,,,,,N/A,N/A,N/A
SRLP,Erro ao buscar dados,-,,,,,,,,N/A,N/A,N/A
SRNE,Erro ao buscar dados,-,,,,,,,,N/A,N/A,N/A
SRPT,Erro ao buscar dados,-,,,,,,,,N/A,N/A,N/A
SRRA,Erro ao buscar dados,-,,,,,,,,N/A,N/A,N/A
SRRK,Erro ao buscar dados,-,,,,,,,,N/A,N/A,N/A
SRSA,Erro ao buscar dados,-,,,,,,,,N/A,N/A,N/A
SRSAU,Erro ao buscar dados,-,,,,,,,,N/A,N/A,N/A
SRSAW,Erro ao buscar dados,-,,,,,,,,N/A,N/A,N/A
SRT,Erro ao buscar dados,-,,,,,,,,N/A,N/A,N/A
SRTS,Erro ao buscar dados,-,,,,,,,,N/A,N/A,N/A
SRV,Erro ao buscar dados,-,,,,,,,,N/A,N/A,N/A
SR^A,Erro ao buscar dados,-,,,,,,,,N/A,N/A,N/A
SSB,Erro ao buscar dados,-,,,,,,,,N/A,N/A,N/A
SSBI,Erro ao buscar dados,-,,,,,,,,N/A,N/A,N/A
SSD,Erro ao buscar dados,-,,,,,,,,N/A,N/A,N/A
SSKN,Erro ao buscar dados,-,,,,,,,,N/A,N/A,N/A
SSL,Erro ao buscar dados,-,,,,,,,,N/A,N/A,N/A
SSNC,Erro ao buscar dados,-,,,,,,,,N/A,N/A,N/A
SSNT,Erro ao buscar dados,-,,,,,,,,N/A,N/A,N/A
SSP,Erro ao buscar dados,-,,,,,,,,N/A,N/A,N/A
SSPK,Erro ao buscar dados,-,,,,,,,,N/A,N/A,N/A
SSPKU,Erro ao buscar dados,-,,,,,,,,N/A,N/A,N/A
SSPKW,Erro ao buscar dados,-,,,,,,,,N/A,N/A,N/A
SSRM,Erro ao buscar dados,-,,,,,,,,N/A,N/A,N/A
SSSS,Erro ao buscar dados,-,,,,,,,,N/A,N/A,N/A
SSTI,Erro ao buscar dados,-,,,,,,,,N/A,N/A,N/A
SSTK,Erro ao buscar dados,-,,,,,,,,N/A,N/A,N/A
SSYS,Erro ao buscar dados,-,,,,,,,,N/A,N/A,N/A
ST,Erro ao buscar dados,-,,,,,,,,N/A,N/A,N/A
STAA,Erro ao buscar dados,-,,,,,,,,N/A,N/A,N/A
STAF,Erro ao buscar dados,-,,,,,,,,N/A,N/A,N/A
STAG,Erro ao buscar dados,-,,,,,,,,N/A,N/A,N/A
STAG^C,Erro ao buscar dados,-,,,,,,,,N/A,N/A,N/A
STAR,Erro ao buscar dados,-,,,,,,,,N/A,N/A,N/A
STAR^D,Erro ao buscar dados,-,,,,,,,,N/A,N/A,N/A
STAR^G,Erro ao buscar dados,-,,,,,,,,N/A,N/A,N/A
STAR^I,Erro ao buscar dados,-,,,,,,,,N/A,N/A,N/A
STAY,Erro ao buscar dados,-,,,,,,,,N/A,N/A,N/A
STBA,Erro ao buscar dados,-,,,,,,,,N/A,N/A,N/A
STC,Erro ao buscar dados,-,,,,,,,,N/A,N/A,N/A
STCN,Erro ao buscar dados,-,,,,,,,,N/A,N/A,N/A
STE,Erro ao buscar dados,-,,,,,,,,N/A,N/A,N/A
STEP,Erro ao buscar dados,-,,,,,,,,N/A,N/A,N/A
STFC,Erro ao buscar dados,-,,,,,,,,N/A,N/A,N/A
STG,Erro ao buscar dados,-,,,,,,,,N/A,N/A,N/A
STIC,Erro ao buscar dados,-,,,,,,,,N/A,N/A,N/A
STIC.U,Erro ao buscar dados,-,,,,,,,,N/A,N/A,N/A
STIC.WS,Erro ao buscar dados,-,,,,,,,,N/A,N/A,N/A
STIM,Erro ao buscar dados,-,,,,,,,,N/A,N/A,N/A
STK,Erro ao buscar dados,-,,,,,,,,N/A,N/A,N/A
STKL,Erro ao buscar dados,-,,,,,,,,N/A,N/A,N/A
STKS,Erro ao buscar dados,-,,,,,,,,N/A,N/A,N/A
STL,Erro ao buscar dados,-,,,,,,,,N/A,N/A,N/A
STLA,Erro ao buscar dados,-,,,,,,,,N/A,N/A,N/A
STLD,Erro ao buscar dados,-,,,,,,,,N/A,N/A,N/A
STL^A,Erro ao buscar dados,-,,,,,,,,N/A,N/A,N/A
STM,Erro ao buscar dados,-,,,,,,,,N/A,N/A,N/A
STMP,Erro ao buscar dados,-,,,,,,,,N/A,N/A,N/A
STN,Erro ao buscar dados,-,,,,,,,,N/A,N/A,N/A
STND,Erro ao buscar dados,-,,,,,,,,N/A,N/A,N/A
STNE,Erro ao buscar dados,-,,,,,,,,N/A,N/A,N/A
STNG,Erro ao buscar dados,-,,,,,,,,N/A,N/A,N/A
STOK,Erro ao buscar dados,-,,,,,,,,N/A,N/A,N/A
STON,Erro ao buscar dados,-,,,,,,,,N/A,N/A,N/A
STOR,Erro ao buscar dados,-,,,,,,,,N/A,N/A,N/A
STPC.U,Erro ao buscar dados,-,,,,,,,,N/A,N/A,N/A
STPK,Erro ao buscar dados,-,,,,,,,,N/A,N/A,N/A
STPK.U,Erro ao buscar dados,-,,,,,,,,N/A,N/A,N/A
STPK.WS,Erro ao buscar dados,-,,,,,,,,N/A,N/A,N/A
STRA,Erro ao buscar dados,-,,,,,,,,N/A,N/A,N/A
STRL,Erro ao buscar dados,-,,,,,,,,N/A,N/A,N/A
STRM,Erro ao buscar dados,-,,,,,,,,N/A,N/A,N/A
STRO,Erro ao buscar dados,-,,,,,,,,N/A,N/A,N/A
STRR,Erro ao buscar dados,-,,,,,,,,N/A,N/A,N/A
STRRP,Erro ao buscar dados,-,,,,,,,,N/A,N/A,N/A
STRS,Erro ao buscar dados,-,,,,,,,,N/A,N/A,N/A
STRT,Erro ao buscar dados,-,,,,,,,,N/A,N/A,N/A
STSA,Erro ao buscar dados,-,,,,,,,,N/A,N/A,N/A
STT,Erro ao buscar dados,-,,,,,,,,N/A,N/A,N/A
STTK,Erro ao buscar dados,-,,,,,,,,N/A,N/A,N/A
STT^D,Erro ao buscar dados,-,,,,,,,,N/A,N/A,N/A
STT^G,Erro ao buscar dados,-,,,,,,,,N/A,N/A,N/A
STWD,Erro ao buscar dados,-,,,,,,,,N/A,N/A,N/A
STWO,Erro ao buscar dados,-,,,,,,,,N/A,N/A,N/A
STWOU,Erro ao buscar dados,-,,,,,,,,N/A,N/A,N/A
STWOW,Erro ao buscar dados,-,,,,,,,,N/A,N/A,N/A
STX,Erro ao buscar dados,-,,,,,,,,N/A,N/A,N/A
STXB,Erro ao buscar dados,-,,,,,,,,N/A,N/A,N/A
STZ,Erro ao buscar dados,-,,,,,,,,N/A,N/A,N/A
STZ.B,Erro ao buscar dados,-,,,,,,,,N/A,N/A,N/A
SU,Erro ao buscar dados,-,,,,,,,,N/A,N/A,N/A
SUI,Erro ao buscar dados,-,,,,,,,,N/A,N/A,N/A
SUM,Erro ao buscar dados,-,,,,,,,,N/A,N/A,N/A
SUMO,Erro ao buscar dados,-,,,,,,,,N/A,N/A,N/A
SUMR,Erro ao buscar dados,-,,,,,,,,N/A,N/A,N/A
SUN,Erro ao buscar dados,-,,,,,,,,N/A,N/A,N/A
SUNS,Erro ao buscar dados,-,,,,,,,,N/A,N/A,N/A
SUNW,Erro ao buscar dados,-,,,,,,,,N/A,N/A,N/A
SUP,Erro ao buscar dados,-,,,,,,,,N/A,N/A,N/A
SUPN,Erro ao buscar dados,-,,,,,,,,N/A,N/A,N/A
SUPV,Erro ao buscar dados,-,,,,,,,,N/A,N/A,N/A
SURF,Erro ao buscar dados,-,,,,,,,,N/A,N/A,N/A
SUSB,Erro ao buscar dados,-,,,,,,,,N/A,N/A,N/A
SUSC,Erro ao buscar dados,-,,,,,,,,N/A,N/A,N/A
SUSL,Erro ao buscar dados,-,,,,,,,,N/A,N/A,N/A
SUZ,Erro ao buscar dados,-,,,,,,,,N/A,N/A,N/A
SUZB3.SA,Erro ao buscar dados,-,,,,,,,,N/A,N/A,N/A
SV,Erro ao buscar dados,-,,,,,,,,N/A,N/A,N/A
SVA,Erro ao buscar dados,-,,,,,,,,N/A,N/A,N/A
SVAC,Erro ao buscar dados,-,,,,,,,,N/A,N/A,N/A
SVACU,Erro ao buscar dados,-,,,,,,,,N/A,N/A,N/A
SVACW,Erro ao buscar dados,-,,,,,,,,N/A,N/A,N/A
SVBI,Erro ao buscar dados,-,,,,,,,,N/A,N/A,N/A
SVC,Erro ao buscar dados,-,,,,,,,,N/A,N/A,N/A
SVFAU,Erro ao buscar dados,-,,,,,,,,N/A,N/A,N/A
SVMK,Erro ao buscar dados,-,,,,,,,,N/A,N/A,N/A
SVOKU,Erro ao buscar dados,-,,,,,,,,N/A,N/A,N/A
SVRA,Erro ao buscar dados,-,,,,,,,,N/A,N/A,N/A
SVSVU,Erro ao buscar dados,-,,,,,,,,N/A,N/A,N/A
SVSVW,Erro ao buscar dados,-,,,,,,,,N/A,N/A,N/A
SVVC,Erro ao buscar dados,-,,,,,,,,N/A,N/A,N/A
SWAV,Erro ao buscar dados,-,,,,,,,,N/A,N/A,N/A
SWBI,Erro ao buscar dados,-,,,,,,,,N/A,N/A,N/A
SWBK.U,Erro ao buscar dados,-,,,,,,,,N/A,N/A,N/A
SWCH,Erro ao buscar dados,-,,,,,,,,N/A,N/A,N/A
SWETU,Erro ao buscar dados,-,,,,,,,,N/A,N/A,N/A
SWI,Erro ao buscar dados,-,,,,,,,,N/A,N/A,N/A
SWIR,Erro ao buscar dados,-,,,,,,,,N/A,N/A,N/A
SWK,Erro ao buscar dados,-,,,,,,,,N/A,N/A,N/A
SWKH,Erro ao buscar dados,-,,,,,,,,N/A,N/A,N/A
SWKS,Erro ao buscar dados,-,,,,,,,,N/A,N/A,N/A
SWM,Erro ao buscar dados,-,,,,,,,,N/A,N/A,N/A
SWN,Erro ao buscar dados,-,,,,,,,,N/A,N/A,N/A
SWT,Erro ao buscar dados,-,,,,,,,,N/A,N/A,N/A
SWTX,Erro ao buscar dados,-,,,,,,,,N/A,N/A,N/A
SWX,Erro ao buscar dados,-,,,,,,,,N/A,N/A,N/A
SWZ,Erro ao buscar dados,-,,,,,,,,N/A,N/A,N/A
SXC,Erro ao buscar dados,-,,,,,,,,N/A,N/A,N/A
SXI,Erro ao buscar dados,-,,,,,,,,N/A,N/A,N/A
SXT,Erro ao buscar dados,-,,,,,,,,N/A,N/A,N/A
SXTC,Erro ao buscar dados,-,,,,,,,,N/A,N/A,N/A
SY,Erro ao buscar dados,-,,,,,,,,N/A,N/A,N/A
SYBT,Erro ao buscar dados,-,,,,,,,,N/A,N/A,N/A
SYBX,Erro ao buscar dados,-,,,,,,,,N/A,N/A,N/A
SYF,Erro ao buscar dados,-,,,,,,,,N/A,N/A,N/A
SYF^A,Erro ao buscar dados,-,,,,,,,,N/A,N/A,N/A
SYK,Erro ao buscar dados,-,,,,,,,,N/A,N/A,N/A
SYKE,Erro ao buscar dados,-,,,,,,,,N/A,N/A,N/A
SYNA,Erro ao buscar dados,-,,,,,,,,N/A,N/A,N/A
SYNC,Erro ao buscar dados,-,,,,,,,,N/A,N/A,N/A
SYNH,Erro ao buscar dados,-,,,,,,,,N/A,N/A,N/A
SYNL,Erro ao buscar dados,-,,,,,,,,N/A,N/A,N/A
SYPR,Erro ao buscar dados,-,,,,,,,,N/A,N/A,N/A
SYRS,Erro ao buscar dados,-,,,,,,,,N/A,N/A,N/A
SYTA,Erro ao buscar dados,-,,,,,,,,N/A,N/A,N/A
SYTAW,Erro ao buscar dados,-,,,,,,,,N/A,N/A,N/A
SYX,Erro ao buscar dados,-,,,,,,,,N/A,N/A,N/A
SYY,Erro ao buscar dados,-,,,,,,,,N/A,N/A,N/A
SZC,Erro ao buscar dados,-,,,,,,,,N/A,N/A,N/A
T,Erro ao buscar dados,-,,,,,,,,N/A,N/A,N/A
TA,Erro ao buscar dados,-,,,,,,,,N/A,N/A,N/A
TAC,Erro ao buscar dados,-,,,,,,,,N/A,N/A,N/A
TACA.U,Erro ao buscar dados,-,,,,,,,,N/A,N/A,N/A
TACO,Erro ao buscar dados,-,,,,,,,,N/A,N/A,N/A
TACT,Erro ao buscar dados,-,,,,,,,,N/A,N/A,N/A
TAEE11.SA,Erro ao buscar dados,-,,,,,,,,N/A,N/A,N/A
TAIT,Erro ao buscar dados,-,,,,,,,,N/A,N/A,N/A
TAK,Erro ao buscar dados,-,,,,,,,,N/A,N/A,N/A
TAL,Erro ao buscar dados,-,,,,,,,,N/A,N/A,N/A
TALO,Erro ao buscar dados,-,,,,,,,,N/A,N/A,N/A
TANH,Erro ao buscar dados,-,,,,,,,,N/A,N/A,N/A
TANNI,Erro ao buscar dados,-,,,,,,,,N/A,N/A,N/A
TANNL,Erro ao buscar dados,-,,,,,,,,N/A,N/A,N/A
TANNZ,Erro ao buscar dados,-,,,,,,,,N/A,N/A,N/A
TCBK,Erro ao buscar dados,-,,,,,,,,N/A,N/A,N/A
TCCO,Erro ao buscar dados,-,,,,,,,,N/A,N/A,N/A
TCDA,Erro ao buscar dados,-,,,,,,,,N/A,N/A,N/A
TCEHY,Erro ao buscar dados,-,,,,,,,,N/A,N/A,N/A
TCF,Erro ao buscar dados,-,,,,,,,,N/A,N/A,N/A
TCFC,Erro ao buscar dados,-,,,,,,,,N/A,N/A,N/A
TCFCP,Erro ao buscar dados,-,,,,,,,,N/A,N/A,N/A
TCI,Erro ao buscar dados,-,,,,,,,,N/A,N/A,N/A
TCMD,Erro ao buscar dados,-,,,,,,,,N/A,N/A,N/A
TCOM,Erro ao buscar dados,-,,,,,,,,N/A,N/A,N/A
TCON,Erro ao buscar dados,-,,,,,,,,N/A,N/A,N/A
TCP,Erro ao buscar dados,-,,,,,,,,N/A,N/A,N/A
TCPC,Erro ao buscar dados,-,,,,,,,,N/A,N/A,N/A
TCRR,Erro ao buscar dados,-,,,,,,,,N/A,N/A,N/A
TCS,Erro ao buscar dados,-,,,,,,,,N/A,N/A,N/A
TCX,Erro ao buscar dados,-,,,,,,,,N/A,N/A,N/A
TD,Erro ao buscar dados,-,,,,,,,,N/A,N/A,N/A
TDA,Erro ao buscar dados,-,,,,,,,,N/A,N/A,N/A
TDAC,Erro ao buscar dados,-,,,,,,,,N/A,N/A,N/A
TDACU,Erro ao buscar dados,-,,,,,,,,N/A,N/A,N/A
TDACW,Erro ao buscar dados,-,,,,,,,,N/A,N/A,N/A
TDC,Erro ao buscar dados,-,,,,,,,,N/A,N/A,N/A
TDE,Erro ao buscar dados,-,,,,,,,,N/A,N/A,N/A
TDF,Erro ao buscar dados,-,,,,,,,,N/A,N/A,N/A
TDG,Erro ao buscar dados,-,,,,,,,,N/A,N/A,N/A
TAOP,Erro ao buscar dados,-,,,,,,,,N/A,N/A,N/A
TAP,Erro ao buscar dados,-,,,,,,,,N/A,N/A,N/A
TAP.A,Erro ao buscar dados,-,,,,,,,,N/A,N/A,N/A
TARA,Erro ao buscar dados,-,,,,,,,,N/A,N/A,N/A
TARO,Erro ao buscar dados,-,,,,,,,,N/A,N/A,N/A
TARS,Erro ao buscar dados,-,,,,,,,,N/A,N/A,N/A
TAST,Erro ao buscar dados,-,,,,,,,,N/A,N/A,N/A
TATT,Erro ao buscar dados,-,,,,,,,,N/A,N/A,N/A
TAYD,Erro ao buscar dados,-,,,,,,,,N/A,N/A,N/A
TBA,Erro ao buscar dados,-,,,,,,,,N/A,N/A,N/A
TBB,Erro ao buscar dados,-,,,,,,,,N/A,N/A,N/A
TBBK,Erro ao buscar dados,-,,,,,,,,N/A,N/A,N/A
TBC,Erro ao buscar dados,-,,,,,,,,N/A,N/A,N/A
TBI,Erro ao buscar dados,-,,,,,,,,N/A,N/A,N/A
TBIO,Erro ao buscar dados,-,,,,,,,,N/A,N/A,N/A
TBK,Erro ao buscar dados,-,,,,,,,,N/A,N/A,N/A
TBKCP,Erro ao buscar dados,-,,,,,,,,N/A,N/A,N/A
TBLT,Erro ao buscar dados,-,,,,,,,,N/A,N/A,N/A
TBLTW,Erro ao buscar dados,-,,,,,,,,N/A,N/A,N/A
TBNK,Erro ao buscar dados,-,,,,,,,,N/A,N/A,N/A
TBPH,Erro ao buscar dados,-,,,,,,,,N/A,N/A,N/A
TC,Erro ao buscar dados,-,,,,,,,,N/A,N/A,N/A
TCBI,Erro ao buscar dados,-,,,,,,,,N/A,N/A,N/A
TCBIL,Erro ao buscar dados,-,,,,,,,,N/A,N/A,N/A
TCBIP,Erro ao buscar dados,-,,,,,,,,N/A,N/A,N/A
TDI,Erro ao buscar dados,-,,,,,,,,N/A,N/A,N/A
TDIV,Erro ao buscar dados,-,,,,,,,,N/A,N/A,N/A
TDJ,Erro ao buscar dados,-,,,,,,,,N/A,N/A,N/A
TDOC,Erro ao buscar dados,-,,,,,,,,N/A,N/A,N/A
TDS,Erro ao buscar dados,-,,,,,,,,N/A,N/A,N/A
TDW,Erro ao buscar dados,-,,,,,,,,N/A,N/A,N/A
TDW.WS.A,Erro ao buscar dados,-,,,,,,,,N/A,N/A,N/A
TDW.WS.B,Erro ao buscar dados,-,,,,,,,,N/A,N/A,N/A
TDY,Erro ao buscar dados,-,,,,,,,,N/A,N/A,N/A
TEAF,Erro ao buscar dados,-,,,,,,,,N/A,N/A,N/A
TEAM,Erro ao buscar dados,-,,,,,,,,N/A,N/A,N/A
TECH,Erro ao buscar dados,-,,,,,,,,N/A,N/A,N/A
TECK,Erro ao buscar dados,-,,,,,,,,N/A,N/A,N/A
TECTP,Erro ao buscar dados,-,,,,,,,,N/A,N/A,N/A
TEDU,Erro ao buscar dados,-,,,,,,,,N/A,N/A,N/A
TEF,Erro ao buscar dados,-,,,,,,,,N/A,N/A,N/A
TEI,Erro ao buscar dados,-,,,,,,,,N/A,N/A,N/A
TEKK,Erro ao buscar dados,-,,,,,,,,N/A,N/A,N/A
TEKKU,Erro ao buscar dados,-,,,,,,,,N/A,N/A,N/A
TEKKW,Erro ao buscar dados,-,,,,,,,,N/A,N/A,N/A
TEL,Erro ao buscar dados,-,,,,,,,,N/A,N/A,N/A
TELA,Erro ao buscar dados,-,,,,,,,,N/A,N/A,N/A
TELL,Erro ao buscar dados,-,,,,,,,,N/A,N/A,N/A
TEN,Erro ao buscar dados,-,,,,,,,,N/A,N/A,N/A
TENB,Erro ao buscar dados,-,,,,,,,,N/A,N/A,N/A
TENX,Erro ao buscar dados,-,,,,,,,,N/A,N/A,N/A
TEO,Erro ao buscar dados,-,,,,,,,,N/A,N/A,N/A
TER,Erro ao buscar dados,-,,,,,,,,N/A,N/A,N/A
TESS,Erro ao buscar dados,-,,,,,,,,N/A,N/A,N/A
TEVA,Erro ao buscar dados,-,,,,,,,,N/A,N/A,N/A
TEX,Erro ao buscar dados,-,,,,,,,,N/A,N/A,N/A
TFC,Erro ao buscar dados,-,,,,,,,,N/A,N/A,N/A
TFC^F,Erro ao buscar dados,-,,,,,,,,N/A,N/A,N/A
TFC^G,Erro ao buscar dados,-,,,,,,,,N/A,N/A,N/A
TFC^H,Erro ao buscar dados,-,,,,,,,,N/A,N/A,N/A
TFC^I,Erro ao buscar dados,-,,,,,,,,N/A,N/A,N/A
TFC^O,Erro ao buscar dados,-,,,,,,,,N/A,N/A,N/A
TFC^R,Erro ao buscar dados,-,,,,,,,,N/A,N/A,N/A
TFFP,Erro ao buscar dados,-,,,,,,,,N/A,N/A,N/A
TFII,Erro ao buscar dados,-,,,,,,,,N/A,N/A,N/A
TFSL,Erro ao buscar dados,-,,,,,,,,N/A,N/A,N/A
TFX,Erro ao buscar dados,-,,,,,,,,N/A,N/A,N/A
TG,Erro ao buscar dados,-,,,,,,,,N/A,N/A,N/A
TGA,Erro ao buscar dados,-,,,,,,,,N/A,N/A,N/A
TGH,Erro ao buscar dados,-,,,,,,,,N/A,N/A,N/A
TGI,Erro ao buscar dados,-,,,,,,,,N/A,N/A,N/A
TGLS,Erro ao buscar dados,-,,,,,,,,N/A,N/A,N/A
TGNA,Erro ao buscar dados,-,,,,,,,,N/A,N/A,N/A
TGP,Erro ao buscar dados,-,,,,,,,,N/A,N/A,N/A
TGP^A,Erro ao buscar dados,-,,,,,,,,N/A,N/A,N/A
TGP^B,Erro ao buscar dados,-,,,,,,,,N/A,N/A,N/A
TGS,Erro ao buscar dados,-,,,,,,,,N/A,N/A,N/A
TGT,Erro ao buscar dados,-,,,,,,,,N/A,N/A,N/A
TGTX,Erro ao buscar dados,-,,,,,,,,N/A,N/A,N/A
TH,Erro ao buscar dados,-,,,,,,,,N/A,N/A,N/A
THBR,Erro ao buscar dados,-,,,,,,,,N/A,N/A,N/A
THBRU,Erro ao buscar dados,-,,,,,,,,N/A,N/A,N/A
THBRW,Erro ao buscar dados,-,,,,,,,,N/A,N/A,N/A
THC,Erro ao buscar dados,-,,,,,,,,N/A,N/A,N/A
THCA,Erro ao buscar dados,-,,,,,,,,N/A,N/A,N/A
THCAU,Erro ao buscar dados,-,,,,,,,,N/A,N/A,N/A
THCAW,Erro ao buscar dados,-,,,,,,,,N/A,N/A,N/A
THCB,Erro ao buscar dados,-,,,,,,,,N/A,N/A,N/A
THCBU,Erro ao buscar dados,-,,,,,,,,N/A,N/A,N/A
THCBW,Erro ao buscar dados,-,,,,,,,,N/A,N/A,N/A
THFF,Erro ao buscar dados,-,,,,,,,,N/A,N/A,N/A
THG,Erro ao buscar dados,-,,,,,,,,N/A,N/A,N/A
THMO,Erro ao buscar dados,-,,,,,,,,N/A,N/A,N/A
THO,Erro ao buscar dados,-,,,,,,,,N/A,N/A,N/A
THQ,Erro ao buscar dados,-,,,,,,,,N/A,N/A,N/A
THR,Erro ao buscar dados,-,,,,,,,,N/A,N/A,N/A
THRM,Erro ao buscar dados,-,,,,,,,,N/A,N/A,N/A
THRY,Erro ao buscar dados,-,,,,,,,,N/A,N/A,N/A
THS,Erro ao buscar dados,-,,,,,,,,N/A,N/A,N/A
THTX,Erro ao buscar dados,-,,,,,,,,N/A,N/A,N/A
THW,Erro ao buscar dados,-,,,,,,,,N/A,N/A,N/A
THWWW,Erro ao buscar dados,-,,,,,,,,N/A,N/A,N/A
TIG,Erro ao buscar dados,-,,,,,,,,N/A,N/A,N/A
TIGO,Erro ao buscar dados,-,,,,,,,,N/A,N/A,N/A
TIGR,Erro ao buscar dados,-,,,,,,,,N/A,N/A,N/A
TILE,Erro ao buscar dados,-,,,,,,,,N/A,N/A,N/A
TIMB,Erro ao buscar dados,-,,,,,,,,N/A,N/A,N/A
TIMS3.SA,Erro ao buscar dados,-,,,,,,,,N/A,N/A,N/A
TINV,Erro ao buscar dados,-,,,,,,,,N/A,N/A,N/A
TINV.U,Erro ao buscar dados,-,,,,,,,,N/A,N/A,N/A
TINV.WS,Erro ao buscar dados,-,,,,,,,,N/A,N/A,N/A
TIPT,Erro ao buscar dados,-,,,,,,,,N/A,N/A,N/A
TISI,Erro ao buscar dados,-,,,,,,,,N/A,N/A,N/A
TITN,Erro ao buscar dados,-,,,,,,,,N/A,N/A,N/A
TJX,Erro ao buscar dados,-,,,,,,,,N/A,N/A,N/A
TK,Erro ao buscar dados,-,,,,,,,,N/A,N/A,N/A
TKC,Erro ao buscar dados,-,,,,,,,,N/A,N/A,N/A
TKR,Erro ao buscar dados,-,,,,,,,,N/A,N/A,N/A
TLC,Erro ao buscar dados,-,,,,,,,,N/A,N/A,N/A
TLGT,Erro ao buscar dados,-,,,,,,,,N/A,N/A,N/A
TLK,Erro ao buscar dados,-,,,,,,,,N/A,N/A,N/A
TLMD,Erro ao buscar dados,-,,,,,,,,N/A,N/A,N/A
TLMDW,Erro ao buscar dados,-,,,,,,,,N/A,N/A,N/A
TLND,Erro ao buscar dados,-,,,,,,,,N/A,N/A,N/A
TLRY,Erro ao buscar dados,-,,,,,,,,N/A,N/A,N/A
TLS,Erro ao buscar dados,-,,,,,,,,N/A,N/A,N/A
TLSA,Erro ao buscar dados,-,,,,,,,,N/A,N/A,N/A
TLT,Erro ao buscar dados,-,,,,,,,,N/A,N/A,N/A
TLYS,Erro ao buscar dados,-,,,,,,,,N/A,N/A,N/A
TM,Erro ao buscar dados,-,,,,,,,,N/A,N/A,N/A
TMDI,Erro ao buscar dados,-,,,,,,,,N/A,N/A,N/A
TMDX,Erro ao buscar dados,-,,,,,,,,N/A,N/A,N/A
TME,Erro ao buscar dados,-,,,,,,,,N/A,N/A,N/A
TMHC,Erro ao buscar dados,-,,,,,,,,N/A,N/A,N/A
TMKRU,Erro ao buscar dados,-,,,,,,,,N/A,N/A,N/A
TMO,Erro ao buscar dados,-,,,,,,,,N/A,N/A,N/A
TMPM,Erro ao buscar dados,-,,,,,,,,N/A,N/A,N/A
TMPMU,Erro ao buscar dados,-,,,,,,,,N/A,N/A,N/A
TMPMW,Erro ao buscar dados,-,,,,,,,,N/A,N/A,N/A
TMST,Erro ao buscar dados,-,,,,,,,,N/A,N/A,N/A
TMTS,Erro ao buscar dados,-,,,,,,,,N/A,N/A,N/A
TMTSU,Erro ao buscar dados,-,,,,,,,,N/A,N/A,N/A
TMTSW,Erro ao buscar dados,-,,,,,,,,N/A,N/A,N/A
TMUS,Erro ao buscar dados,-,,,,,,,,N/A,N/A,N/A
TMX,Erro ao buscar dados,-,,,,,,,,N/A,N/A,N/A
TNAV,Erro ao buscar dados,-,,,,,,,,N/A,N/A,N/A
TNC,Erro ao buscar dados,-,,,,,,,,N/A,N/A,N/A
TNDM,Erro ao buscar dados,-,,,,,,,,N/A,N/A,N/A
TNET,Erro ao buscar dados,-,,,,,,,,N/A,N/A,N/A
TNK,Erro ao buscar dados,-,,,,,,,,N/A,N/A,N/A
TPVY,Erro ao buscar dados,-,,,,,,,,N/A,N/A,N/A
TPX,Erro ao buscar dados,-,,,,,,,,N/A,N/A,N/A
TPZ,Erro ao buscar dados,-,,,,,,,,N/A,N/A,N/A
TQQQ,Erro ao buscar dados,-,,,,,,,,N/A,N/A,N/A
TR,Erro ao buscar dados,-,,,,,,,,N/A,N/A,N/A
TRC,Erro ao buscar dados,-,,,,,,,,N/A,N/A,N/A
TRCH,Erro ao buscar dados,-,,,,,,,,N/A,N/A,N/A
TREB,Erro ao buscar dados,-,,,,,,,,N/A,N/A,N/A
TREB.U,Erro ao buscar dados,-,,,,,,,,N/A,N/A,N/A
TREB.WS,Erro ao buscar dados,-,,,,,,,,N/A,N/A,N/A
TREC,Erro ao buscar dados,-,,,,,,,,N/A,N/A,N/A
TREE,Erro ao buscar dados,-,,,,,,,,N/A,N/A,N/A
TREX,Erro ao buscar dados,-,,,,,,,,N/A,N/A,N/A
TRGP,Erro ao buscar dados,-,,,,,,,,N/A,N/A,N/A
TRHC,Erro ao buscar dados,-,,,,,,,,N/A,N/A,N/A
TRI,Erro ao buscar dados,-,,,,,,,,N/A,N/A,N/A
TRIB,Erro ao buscar dados,-,,,,,,,,N/A,N/A,N/A
TRIL,Erro ao buscar dados,-,,,,,,,,N/A,N/A,N/A
TRIP,Erro ao buscar dados,-,,,,,,,,N/A,N/A,N/A
TRIT,Erro ao buscar dados,-,,,,,,,,N/A,N/A,N/A
TRITW,Erro ao buscar dados,-,,,,,,,,N/A,N/A,N/A
TRMB,Erro ao buscar dados,-,,,,,,,,N/A,N/A,N/A
TRMD,Erro ao buscar dados,-,,,,,,,,N/A,N/A,N/A
TRMK,Erro ao buscar dados,-,,,,,,,,N/A,N/A,N/A
TRMT,Erro ao buscar dados,-,,,,,,,,N/A,N/A,N/A
TRN,Erro ao buscar dados,-,,,,,,,,N/A,N/A,N/A
TRNO,Erro ao buscar dados,-,,,,,,,,N/A,N/A,N/A
TRNS,Erro ao buscar dados,-,,,,,,,,N/A,N/A,N/A
TROW,Erro ao buscar dados,-,,,,,,,,N/A,N/A,N/A
TROX,Erro ao buscar dados,-,,,,,,,,N/A,N/A,N/A
TRP,Erro ao buscar dados,-,,,,,,,,N/A,N/A,N/A
TRQ,Erro ao buscar dados,-,,,,,,,,N/A,N/A,N/A
TRS,Erro ao buscar dados,-,,,,,,,,N/A,N/A,N/A
TRST,Erro ao buscar dados,-,,,,,,,,N/A,N/A,N/A
TRTN,Erro ao buscar dados,-,,,,,,,,N/A,N/A,N/A
TRTN^A,Erro ao buscar dados,-,,,,,,,,N/A,N/A,N/A
TRTN^B,Erro ao buscar dados,-,,,,,,,,N/A,N/A,N/A
TRTN^C,Erro ao buscar dados,-,,,,,,,,N/A,N/A,N/A
TRTN^D,Erro ao buscar dados,-,,,,,,,,N/A,N/A,N/A
TRTX,Erro ao buscar dados,-,,,,,,,,N/A,N/A,N/A
TRU,Erro ao buscar dados,-,,,,,,,,N/A,N/A,N/A
TRUE,Erro ao buscar dados,-,,,,,,,,N/A,N/A,N/A
TRUP,Erro ao buscar dados,-,,,,,,,,N/A,N/A,N/A
TRV,Erro ao buscar dados,-,,,,,,,,N/A,N/A,N/A
TRVG,Erro ao buscar dados,-,,,,,,,,N/A,N/A,N/A
TRVI,Erro ao buscar dados,-,,,,,,,,N/A,N/A,N/A
TRVN,Erro ao buscar dados,-,,,,,,,,N/A,N/A,N/A
TS,Erro ao buscar dados,-,,,,,,,,N/A,N/A,N/A
TSBK,Erro ao buscar dados,-,,,,,,,,N/A,N/A,N/A
TSC,Erro ao buscar dados,-,,,,,,,,N/A,N/A,N/A
TNP,Erro ao buscar dados,-,,,,,,,,N/A,N/A,N/A
TNP^D,Erro ao buscar dados,-,,,,,,,,N/A,N/A,N/A
TNP^E,Erro ao buscar dados,-,,,,,,,,N/A,N/A,N/A
TNP^F,Erro ao buscar dados,-,,,,,,,,N/A,N/A,N/A
TNXP,Erro ao buscar dados,-,,,,,,,,N/A,N/A,N/A
TOL,Erro ao buscar dados,-,,,,,,,,N/A,N/A,N/A
TOMZ,Erro ao buscar dados,-,,,,,,,,N/A,N/A,N/A
TOPS,Erro ao buscar dados,-,,,,,,,,N/A,N/A,N/A
TOT,Erro ao buscar dados,-,,,,,,,,N/A,N/A,N/A
TOTS3.SA,Erro ao buscar dados,-,,,,,,,,N/A,N/A,N/A
TOUR,Erro ao buscar dados,-,,,,,,,,N/A,N/A,N/A
TOWN,Erro ao buscar dados,-,,,,,,,,N/A,N/A,N/A
TPB,Erro ao buscar dados,-,,,,,,,,N/A,N/A,N/A
TPC,Erro ao buscar dados,-,,,,,,,,N/A,N/A,N/A
TPCO,Erro ao buscar dados,-,,,,,,,,N/A,N/A,N/A
TPGY,Erro ao buscar dados,-,,,,,,,,N/A,N/A,N/A
TPGY.U,Erro ao buscar dados,-,,,,,,,,N/A,N/A,N/A
TPGY.WS,Erro ao buscar dados,-,,,,,,,,N/A,N/A,N/A
TPH,Erro ao buscar dados,-,,,,,,,,N/A,N/A,N/A
TPIC,Erro ao buscar dados,-,,,,,,,,N/A,N/A,N/A
TPL,Erro ao buscar dados,-,,,,,,,,N/A,N/A,N/A
TPR,Erro ao buscar dados,-,,,,,,,,N/A,N/A,N/A
TPRE,Erro ao buscar dados,-,,,,,,,,N/A,N/A,N/A
TPTX,Erro ao buscar dados,-,,,,,,,,N/A,N/A,N/A
TPVG,Erro ao buscar dados,-,,,,,,,,N/A,N/A,N/A
TSCAP,Erro ao buscar dados,-,,,,,,,,N/A,N/A,N/A
TSCBP,Erro ao buscar dados,-,,,,,,,,N/A,N/A,N/A
TSCO,Erro ao buscar dados,-,,,,,,,,N/A,N/A,N/A
TSE,Erro ao buscar dados,-,,,,,,,,N/A,N/A,N/A
TSEM,Erro ao buscar dados,-,,,,,,,,N/A,N/A,N/A
TSHA,Erro ao buscar dados,-,,,,,,,,N/A,N/A,N/A
TSI,Erro ao buscar dados,-,,,,,,,,N/A,N/A,N/A
TSIA,Erro ao buscar dados,-,,,,,,,,N/A,N/A,N/A
TSIAU,Erro ao buscar dados,-,,,,,,,,N/A,N/A,N/A
TSIAW,Erro ao buscar dados,-,,,,,,,,N/A,N/A,N/A
TSLA,Erro ao buscar dados,-,,,,,,,,N/A,N/A,N/A
TSLX,Erro ao buscar dados,-,,,,,,,,N/A,N/A,N/A
TSM,Erro ao buscar dados,-,,,,,,,,N/A,N/A,N/A
TSN,Erro ao buscar dados,-,,,,,,,,N/A,N/A,N/A
TSQ,Erro ao buscar dados,-,,,,,,,,N/A,N/A,N/A
TSRI,Erro ao buscar dados,-,,,,,,,,N/A,N/A,N/A
TT,Erro ao buscar dados,-,,,,,,,,N/A,N/A,N/A
TTC,Erro ao buscar dados,-,,,,,,,,N/A,N/A,N/A
TTCF,Erro ao buscar dados,-,,,,,,,,N/A,N/A,N/A
TTCFW,Erro ao buscar dados,-,,,,,,,,N/A,N/A,N/A
TTD,Erro ao buscar dados,-,,,,,,,,N/A,N/A,N/A
TTE,Erro ao buscar dados,-,,,,,,,,N/A,N/A,N/A
TTEC,Erro ao buscar dados,-,,,,,,,,N/A,N/A,N/A
TTEK,Erro ao buscar dados,-,,,,,,,,N/A,N/A,N/A
TTGT,Erro ao buscar dados,-,,,,,,,,N/A,N/A,N/A
TTI,Erro ao buscar dados,-,,,,,,,,N/A,N/A,N/A
TTM,Erro ao buscar dados,-,,,,,,,,N/A,N/A,N/A
TTMI,Erro ao buscar dados,-,,,,,,,,N/A,N/A,N/A
TTNP,Erro ao buscar dados,-,,,,,,,,N/A,N/A,N/A
TTOO,Erro ao buscar dados,-,,,,,,,,N/A,N/A,N/A
TTP,Erro ao buscar dados,-,,,,,,,,N/A,N/A,N/A
TTWO,Erro ao buscar dados,-,,,,,,,,N/A,N/A,N/A
TU,Erro ao buscar dados,-,,,,,,,,N/A,N/A,N/A
TUFN,Erro ao buscar dados,-,,,,,,,,N/A,N/A,N/A
TUP,Erro ao buscar dados,-,,,,,,,,N/A,N/A,N/A
TUR,Erro ao buscar dados,-,,,,,,,,N/A,N/A,N/A
TURN,Erro ao buscar dados,-,,,,,,,,N/A,N/A,N/A
TUSA,Erro ao buscar dados,-,,,,,,,,N/A,N/A,N/A
TUSK,Erro ao buscar dados,-,,,,,,,,N/A,N/A,N/A
TV,Erro ao buscar dados,-,,,,,,,,N/A,N/A,N/A
TVACU,Erro ao buscar dados,-,,,,,,,,N/A,N/A,N/A
TVC,Erro ao buscar dados,-,,,,,,,,N/A,N/A,N/A
TVE,Erro ao buscar dados,-,,,,,,,,N/A,N/A,N/A
TVTX,Erro ao buscar dados,-,,,,,,,,N/A,N/A,N/A
TVTY,Erro ao buscar dados,-,,,,,,,,N/A,N/A,N/A
TW,Erro ao buscar dados,-,,,,,,,,N/A,N/A,N/A
TWCT,Erro ao buscar dados,-,,,,,,,,N/A,N/A,N/A
TWCTU,Erro ao buscar dados,-,,,,,,,,N/A,N/A,N/A
TWCTW,Erro ao buscar dados,-,,,,,,,,N/A,N/A,N/A
TWI,Erro ao buscar dados,-,,,,,,,,N/A,N/A,N/A
TWIN,Erro ao buscar dados,-,,,,,,,,N/A,N/A,N/A
TWLO,Erro ao buscar dados,-,,,,,,,,N/A,N/A,N/A
TWN,Erro ao buscar dados,-,,,,,,,,N/A,N/A,N/A
TWND,Erro ao buscar dados,-,,,,,,,,N/A,N/A,N/A
TWND.U,Erro ao buscar dados,-,,,,,,,,N/A,N/A,N/A
TWND.WS,Erro ao buscar dados,-,,,,,,,,N/A,N/A,N/A
TWNK,Erro ao buscar dados,-,,,,,,,,N/A,N/A,N/A
TWNKW,Erro ao buscar dados,-,,,,,,,,N/A,N/A,N/A
TWO,Erro ao buscar dados,-,,,,,,,,N/A,N/A,N/A
TWOU,Erro ao buscar dados,-,,,,,,,,N/A,N/A,N/A
TWO^A,Erro ao buscar dados,-,,,,,,,,N/A,N/A,N/A
TWO^B,Erro ao buscar dados,-,,,,,,,,N/A,N/A,N/A
TWO^C,Erro ao buscar dados,-,,,,,,,,N/A,N/A,N/A
TWO^D,Erro ao buscar dados,-,,,,,,,,N/A,N/A,N/A
TWO^E,Erro ao buscar dados,-,,,,,,,,N/A,N/A,N/A
TWST,Erro ao buscar dados,-,,,,,,,,N/A,N/A,N/A
TWTR,Erro ao buscar dados,-,,,,,,,,N/A,N/A,N/A
TX,Erro ao buscar dados,-,,,,,,,,N/A,N/A,N/A
TXG,Erro ao buscar dados,-,,,,,,,,N/A,N/A,N/A
TXMD,Erro ao buscar dados,-,,,,,,,,N/A,N/A,N/A
TXN,Erro ao buscar dados,-,,,,,,,,N/A,N/A,N/A
TXRH,Erro ao buscar dados,-,,,,,,,,N/A,N/A,N/A
TXT,Erro ao buscar dados,-,,,,,,,,N/A,N/A,N/A
TY,Erro ao buscar dados,-,,,,,,,,N/A,N/A,N/A
TYG,Erro ao buscar dados,-,,,,,,,,N/A,N/A,N/A
TYHT,Erro ao buscar dados,-,,,,,,,,N/A,N/A,N/A
TYL,Erro ao buscar dados,-,,,,,,,,N/A,N/A,N/A
TYME,Erro ao buscar dados,-,,,,,,,,N/A,N/A,N/A
TY^,Erro ao buscar dados,-,,,,,,,,N/A,N/A,N/A
TZOO,Erro ao buscar dados,-,,,,,,,,N/A,N/A,N/A
TZPSU,Erro ao buscar dados,-,,,,,,,,N/A,N/A,N/A
T^A,Erro ao buscar dados,-,,,,,,,,N/A,N/A,N/A
T^C,Erro ao buscar dados,-,,,,,,,,N/A,N/A,N/A
U,Erro ao buscar dados,-,,,,,,,,N/A,N/A,N/A
UA,Erro ao buscar dados,-,,,,,,,,N/A,N/A,N/A
UAA,Erro ao buscar dados,-,,,,,,,,N/A,N/A,N/A
UAE,Erro ao buscar dados,-,,,,,,,,N/A,N/A,N/A
UAL,Erro ao buscar dados,-,,,,,,,,N/A,N/A,N/A
UAN,Erro ao buscar dados,-,,,,,,,,N/A,N/A,N/A
UBA,Erro ao buscar dados,-,,,,,,,,N/A,N/A,N/A
UBCP,Erro ao buscar dados,-,,,,,,,,N/A,N/A,N/A
UBER,Erro ao buscar dados,-,,,,,,,,N/A,N/A,N/A
UBFO,Erro ao buscar dados,-,,,,,,,,N/A,N/A,N/A
UBOH,Erro ao buscar dados,-,,,,,,,,N/A,N/A,N/A
UBP,Erro ao buscar dados,-,,,,,,,,N/A,N/A,N/A
UBP^H,Erro ao buscar dados,-,,,,,,,,N/A,N/A,N/A
UBP^K,Erro ao buscar dados,-,,,,,,,,N/A,N/A,N/A
UBS,Erro ao buscar dados,-,,,,,,,,N/A,N/A,N/A
UBSI,Erro ao buscar dados,-,,,,,,,,N/A,N/A,N/A
UBX,Erro ao buscar dados,-,,,,,,,,N/A,N/A,N/A
UCBI,Erro ao buscar dados,-,,,,,,,,N/A,N/A,N/A
UCBIO,Erro ao buscar dados,-,,,,,,,,N/A,N/A,N/A
UCL,Erro ao buscar dados,-,,,,,,,,N/A,N/A,N/A
UCTT,Erro ao buscar dados,-,,,,,,,,N/A,N/A,N/A
UCYB,Erro ao buscar dados,-,,,,,,,,N/A,N/A,N/A
UDR,Erro ao buscar dados,-,,,,,,,,N/A,N/A,N/A
UE,Erro ao buscar dados,-,,,,,,,,N/A,N/A,N/A
UEIC,Erro ao buscar dados,-,,,,,,,,N/A,N/A,N/A
UEPS,Erro ao buscar dados,-,,,,,,,,N/A,N/A,N/A
UFCS,Erro ao buscar dados,-,,,,,,,,N/A,N/A,N/A
UFI,Erro ao buscar dados,-,,,,,,,,N/A,N/A,N/A
UFO,Erro ao buscar dados,-,,,,,,,,N/A,N/A,N/A
UFPI,Erro ao buscar dados,-,,,,,,,,N/A,N/A,N/A
UFPT,Erro ao buscar dados,-,,,,,,,,N/A,N/A,N/A
UFS,Erro ao buscar dados,-,,,,,,,,N/A,N/A,N/A
UG,Erro ao buscar dados,-,,,,,,,,N/A,N/A,N/A
UGI,Erro ao buscar dados,-,,,,,,,,N/A,N/A,N/A
UGP,Erro ao buscar dados,-,,,,,,,,N/A,N/A,N/A
UGPA3.SA,Erro ao buscar dados,-,,,,,,,,N/A,N/A,N/A
UHAL,Erro ao buscar dados,-,,,,,,,,N/A,N/A,N/A
UHS,Erro ao buscar dados,-,,,,,,,,N/A,N/A,N/A
UHT,Erro ao buscar dados,-,,,,,,,,N/A,N/A,N/A
UI,Erro ao buscar dados,-,,,,,,,,N/A,N/A,N/A
UIHC,Erro ao buscar dados,-,,,,,,,,N/A,N/A,N/A
UIS,Erro ao buscar dados,-,,,,,,,,N/A,N/A,N/A
UK,Erro ao buscar dados,-,,,,,,,,N/A,N/A,N/A
UKOMW,Erro ao buscar dados,-,,,,,,,,N/A,N/A,N/A
UL,Erro ao buscar dados,-,,,,,,,,N/A,N/A,N/A
ULBI,Erro ao buscar dados,-,,,,,,,,N/A,N/A,N/A
ULH,Erro ao buscar dados,-,,,,,,,,N/A,N/A,N/A
ULTA,Erro ao buscar dados,-,,,,,,,,N/A,N/A,N/A
UMBF,Erro ao buscar dados,-,,,,,,,,N/A,N/A,N/A
UMC,Erro ao buscar dados,-,,,,,,,,N/A,N/A,N/A
UMH,Erro ao buscar dados,-,,,,,,,,N/A,N/A,N/A
UMH^C,Erro ao buscar dados,-,,,,,,,,N/A,N/A,N/A
UMH^D,Erro ao buscar dados,-,,,,,,,,N/A,N/A,N/A
UMPQ,Erro ao buscar dados,-,,,,,,,,N/A,N/A,N/A
UNAM,Erro ao buscar dados,-,,,,,,,,N/A,N/A,N/A
UNB,Erro ao buscar dados,-,,,,,,,,N/A,N/A,N/A
UNF,Erro ao buscar dados,-,,,,,,,,N/A,N/A,N/A
UNFI,Erro ao buscar dados,-,,,,,,,,N/A,N/A,N/A
UNH,Erro ao buscar dados,-,,,,,,,,N/A,N/A,N/A
UNIT,Erro ao buscar dados,-,,,,,,,,N/A,N/A,N/A
UNM,Erro ao buscar dados,-,,,,,,,,N/A,N/A,N/A
UNMA,Erro ao buscar dados,-,,,,,,,,N/A,N/A,N/A
UNP,Erro ao buscar dados,-,,,,,,,,N/A,N/A,N/A
UNTY,Erro ao buscar dados,-,,,,,,,,N/A,N/A,N/A
UNVR,Erro ao buscar dados,-,,,,,,,,N/A,N/A,N/A
UONE,Erro ao buscar dados,-,,,,,,,,N/A,N/A,N/A
UONEK,Erro ao buscar dados,-,,,,,,,,N/A,N/A,N/A
UPLD,Erro ao buscar dados,-,,,,,,,,N/A,N/A,N/A
UPS,Erro ao buscar dados,-,,,,,,,,N/A,N/A,N/A
UPST,Erro ao buscar dados,-,,,,,,,,N/A,N/A,N/A
UPWK,Erro ao buscar dados,-,,,,,,,,N/A,N/A,N/A
URBN,Erro ao buscar dados,-,,,,,,,,N/A,N/A,N/A
URGN,Erro ao buscar dados,-,,,,,,,,N/A,N/A,N/A
URI,Erro ao buscar dados,-,,,,,,,,N/A,N/A,N/A
UROV,Erro ao buscar dados,-,,,,,,,,N/A,N/A,N/A
USA,Erro ao buscar dados,-,,,,,,,,N/A,N/A,N/A
USAC,Erro ao buscar dados,-,,,,,,,,N/A,N/A,N/A
USAK,Erro ao buscar dados,-,,,,,,,,N/A,N/A,N/A
USAP,Erro ao buscar dados,-,,,,,,,,N/A,N/A,N/A
USAT,Erro ao buscar dados,-,,,,,,,,N/A,N/A,N/A
USAU,Erro ao buscar dados,-,,,,,,,,N/A,N/A,N/A
USB,Erro ao buscar dados,-,,,,,,,,N/A,N/A,N/A
USB^A,Erro ao buscar dados,-,,,,,,,,N/A,N/A,N/A
USB^H,Erro ao buscar dados,-,,,,,,,,N/A,N/A,N/A
USB^M,Erro ao buscar dados,-,,,,,,,,N/A,N/A,N/A
USB^P,Erro ao buscar dados,-,,,,,,,,N/A,N/A,N/A
USB^Q,Erro ao buscar dados,-,,,,,,,,N/A,N/A,N/A
USCR,Erro ao buscar dados,-,,,,,,,,N/A,N/A,N/A
USDP,Erro ao buscar dados,-,,,,,,,,N/A,N/A,N/A
USEG,Erro ao buscar dados,-,,,,,,,,N/A,N/A,N/A
USFD,Erro ao buscar dados,-,,,,,,,,N/A,N/A,N/A
USIG,Erro ao buscar dados,-,,,,,,,,N/A,N/A,N/A
USIM5.SA,Erro ao buscar dados,-,,,,,,,,N/A,N/A,N/A
USIO,Erro ao buscar dados,-,,,,,,,,N/A,N/A,N/A
USLB,Erro ao buscar dados,-,,,,,,,,N/A,N/A,N/A
USLM,Erro ao buscar dados,-,,,,,,,,N/A,N/A,N/A
USM,Erro ao buscar dados,-,,,,,,,,N/A,N/A,N/A
USMC,Erro ao buscar dados,-,,,,,,,,N/A,N/A,N/A
USNA,Erro ao buscar dados,-,,,,,,,,N/A,N/A,N/A
USOI,Erro ao buscar dados,-,,,,,,,,N/A,N/A,N/A
USPH,Erro ao buscar dados,-,,,,,,,,N/A,N/A,N/A
USWS,Erro ao buscar dados,-,,,,,,,,N/A,N/A,N/A
USWSW,Erro ao buscar dados,-,,,,,,,,N/A,N/A,N/A
USX,Erro ao buscar dados,-,,,,,,,,N/A,N/A,N/A
USXF,Erro ao buscar dados,-,,,,,,,,N/A,N/A,N/A
UTF,Erro ao buscar dados,-,,,,,,,,N/A,N/A,N/A
UTHR,Erro ao buscar dados,-,,,,,,,,N/A,N/A,N/A
UTI,Erro ao buscar dados,-,,,,,,,,N/A,N/A,N/A
UTL,Erro ao buscar dados,-,,,,,,,,N/A,N/A,N/A
UTMD,Erro ao buscar dados,-,,,,,,,,N/A,N/A,N/A
UTSI,Erro ao buscar dados,-,,,,,,,,N/A,N/A,N/A
UTZ,Erro ao buscar dados,-,,,,,,,,N/A,N/A,N/A
UVE,Erro ao buscar dados,-,,,,,,,,N/A,N/A,N/A
UVSP,Erro ao buscar dados,-,,,,,,,,N/A,N/A,N/A
UVV,Erro ao buscar dados,-,,,,,,,,N/A,N/A,N/A
UXIN,Erro ao buscar dados,-,,,,,,,,N/A,N/A,N/A
UZA,Erro ao buscar dados,-,,,,,,,,N/A,N/A,N/A
UZB,Erro ao buscar dados,-,,,,,,,,N/A,N/A,N/A
UZC,Erro ao buscar dados,-,,,,,,,,N/A,N/A,N/A
UZD,Erro ao buscar dados,-,,,,,,,,N/A,N/A,N/A
UZE,Erro ao buscar dados,-,,,,,,,,N/A,N/A,N/A
V,Erro ao buscar dados,-,,,,,,,,N/A,N/A,N/A
VAC,Erro ao buscar dados,-,,,,,,,,N/A,N/A,N/A
VACQ,Erro ao buscar dados,-,,,,,,,,N/A,N/A,N/A
VACQU,Erro ao buscar dados,-,,,,,,,,N/A,N/A,N/A
VACQW,Erro ao buscar dados,-,,,,,,,,N/A,N/A,N/A
VALE,Erro ao buscar dados,-,,,,,,,,N/A,N/A,N/A
VALE3.SA,Erro ao buscar dados,-,,,,,,,,N/A,N/A,N/A
VALU,Erro ao buscar dados,-,,,,,,,,N/A,N/A,N/A
VAPO,Erro ao buscar dados,-,,,,,,,,N/A,N/A,N/A
VAR,Erro ao buscar dados,-,,,,,,,,N/A,N/A,N/A
VBBR3.SA,Erro ao buscar dados,-,,,,,,,,N/A,N/A,N/A
VBF,Erro ao buscar dados,-,,,,,,,,N/A,N/A,N/A
VBFC,Erro ao buscar dados,-,,,,,,,,N/A,N/A,N/A
VBIV,Erro ao buscar dados,-,,,,,,,,N/A,N/A,N/A
VBLT,Erro ao buscar dados,-,,,,,,,,N/A,N/A,N/A
VBND,Erro ao buscar dados,-,,,,,,,,N/A,N/A,N/A
VBTX,Erro ao buscar dados,-,,,,,,,,N/A,N/A,N/A
VC,Erro ao buscar dados,-,,,,,,,,N/A,N/A,N/A
VCEL,Erro ao buscar dados,-,,,,,,,,N/A,N/A,N/A
VCIF,Erro ao buscar dados,-,,,,,,,,N/A,N/A,N/A
VCIT,Erro ao buscar dados,-,,,,,,,,N/A,N/A,N/A
VCKAU,Erro ao buscar dados,-,,,,,,,,N/A,N/A,N/A
VCLT,Erro ao buscar dados,-,,,,,,,,N/A,N/A,N/A
VCNX,Erro ao buscar dados,-,,,,,,,,N/A,N/A,N/A
VCRA,Erro ao buscar dados,-,,,,,,,,N/A,N/A,N/A
VCSH,Erro ao buscar dados,-,,,,,,,,N/A,N/A,N/A
VCTR,Erro ao buscar dados,-,,,,,,,,N/A,N/A,N/A
VCV,Erro ao buscar dados,-,,,,,,,,N/A,N/A,N/A
VCVC,Erro ao buscar dados,-,,,,,,,,N/A,N/A,N/A
VCVCU,Erro ao buscar dados,-,,,,,,,,N/A,N/A,N/A
VCVCW,Erro ao buscar dados,-,,,,,,,,N/A,N/A,N/A
VCYT,Erro ao buscar dados,-,,,,,,,,N/A,N/A,N/A
VEC,Erro ao buscar dados,-,,,,,,,,N/A,N/A,N/A
VECO,Erro ao buscar dados,-,,,,,,,,N/A,N/A,N/A
VEDL,Erro ao buscar dados,-,,,,,,,,N/A,N/A,N/A
VEEV,Erro ao buscar dados,-,,,,,,,,N/A,N/A,N/A
VEL,Erro ao buscar dados,-,,,,,,,,N/A,N/A,N/A
VEON,Erro ao buscar dados,-,,,,,,,,N/A,N/A,N/A
VER,Erro ao buscar dados,-,,,,,,,,N/A,N/A,N/A
VERB,Erro ao buscar dados,-,,,,,,,,N/A,N/A,N/A
VERBW,Erro ao buscar dados,-,,,,,,,,N/A,N/A,N/A
VERI,Erro ao buscar dados,-,,,,,,,,N/A,N/A,N/A
VERO,Erro ao buscar dados,-,,,,,,,,N/A,N/A,N/A
VERU,Erro ao buscar dados,-,,,,,,,,N/A,N/A,N/A
VERX,Erro ao buscar dados,-,,,,,,,,N/A,N/A,N/A
VERY,Erro ao buscar dados,-,,,,,,,,N/A,N/A,N/A
VIGI,Erro ao buscar dados,-,,,,,,,,N/A,N/A,N/A
VIH,Erro ao buscar dados,-,,,,,,,,N/A,N/A,N/A
VIHAU,Erro ao buscar dados,-,,,,,,,,N/A,N/A,N/A
VIHAW,Erro ao buscar dados,-,,,,,,,,N/A,N/A,N/A
VIIA3.SA,Erro ao buscar dados,-,,,,,,,,N/A,N/A,N/A
VIIAU,Erro ao buscar dados,-,,,,,,,,N/A,N/A,N/A
VINC,Erro ao buscar dados,-,,,,,,,,N/A,N/A,N/A
VINCU,Erro ao buscar dados,-,,,,,,,,N/A,N/A,N/A
VINCW,Erro ao buscar dados,-,,,,,,,,N/A,N/A,N/A
VIOT,Erro ao buscar dados,-,,,,,,,,N/A,N/A,N/A
VIPS,Erro ao buscar dados,-,,,,,,,,N/A,N/A,N/A
VIR,Erro ao buscar dados,-,,,,,,,,N/A,N/A,N/A
VIRC,Erro ao buscar dados,-,,,,,,,,N/A,N/A,N/A
VIRI,Erro ao buscar dados,-,,,,,,,,N/A,N/A,N/A
VIRT,Erro ao buscar dados,-,,,,,,,,N/A,N/A,N/A
VISL,Erro ao buscar dados,-,,,,,,,,N/A,N/A,N/A
VIST,Erro ao buscar dados,-,,,,,,,,N/A,N/A,N/A
VITL,Erro ao buscar dados,-,,,,,,,,N/A,N/A,N/A
VIV,Erro ao buscar dados,-,,,,,,,,N/A,N/A,N/A
VIVE,Erro ao buscar dados,-,,,,,,,,N/A,N/A,N/A
VIVO,Erro ao buscar dados,-,,,,,,,,N/A,N/A,N/A
VIVT11.SA,Erro ao buscar dados,-,,,,,,,,N/A,N/A,N/A
VJET,Erro ao buscar dados,-,,,,,,,,N/A,N/A,N/A
VKQ,Erro ao buscar dados,-,,,,,,,,N/A,N/A,N/A
VKTX,Erro ao buscar dados,-,,,,,,,,N/A,N/A,N/A
VER^F,Erro ao buscar dados,-,,,,,,,,N/A,N/A,N/A
VET,Erro ao buscar dados,-,,,,,,,,N/A,N/A,N/A
VETS,Erro ao buscar dados,-,,,,,,,,N/A,N/A,N/A
VFC,Erro ao buscar dados,-,,,,,,,,N/A,N/A,N/A
VFF,Erro ao buscar dados,-,,,,,,,,N/A,N/A,N/A
VG,Erro ao buscar dados,-,,,,,,,,N/A,N/A,N/A
VGAC,Erro ao buscar dados,-,,,,,,,,N/A,N/A,N/A
VGAC.U,Erro ao buscar dados,-,,,,,,,,N/A,N/A,N/A
VGAC.WS,Erro ao buscar dados,-,,,,,,,,N/A,N/A,N/A
VGI,Erro ao buscar dados,-,,,,,,,,N/A,N/A,N/A
VGIT,Erro ao buscar dados,-,,,,,,,,N/A,N/A,N/A
VGLT,Erro ao buscar dados,-,,,,,,,,N/A,N/A,N/A
VGM,Erro ao buscar dados,-,,,,,,,,N/A,N/A,N/A
VGR,Erro ao buscar dados,-,,,,,,,,N/A,N/A,N/A
VGSH,Erro ao buscar dados,-,,,,,,,,N/A,N/A,N/A
VHC,Erro ao buscar dados,-,,,,,,,,N/A,N/A,N/A
VHI,Erro ao buscar dados,-,,,,,,,,N/A,N/A,N/A
VIAC,Erro ao buscar dados,-,,,,,,,,N/A,N/A,N/A
VIACA,Erro ao buscar dados,-,,,,,,,,N/A,N/A,N/A
VIAO,Erro ao buscar dados,-,,,,,,,,N/A,N/A,N/A
VIAV,Erro ao buscar dados,-,,,,,,,,N/A,N/A,N/A
VICI,Erro ao buscar dados,-,,,,,,,,N/A,N/A,N/A
VICR,Erro ao buscar dados,-,,,,,,,,N/A,N/A,N/A
VIDI,Erro ao buscar dados,-,,,,,,,,N/A,N/A,N/A
VIE,Erro ao buscar dados,-,,,,,,,,N/A,N/A,N/A
VKTXW,Erro ao buscar dados,-,,,,,,,,N/A,N/A,N/A
VLDR,Erro ao buscar dados,-,,,,,,,,N/A,N/A,N/A
VLDRW,Erro ao buscar dados,-,,,,,,,,N/A,N/A,N/A
VLGEA,Erro ao buscar dados,-,,,,,,,,N/A,N/A,N/A
VLO,Erro ao buscar dados,-,,,,,,,,N/A,N/A,N/A
VLRS,Erro ao buscar dados,-,,,,,,,,N/A,N/A,N/A
VLT,Erro ao buscar dados,-,,,,,,,,N/A,N/A,N/A
VLY,Erro ao buscar dados,-,,,,,,,,N/A,N/A,N/A
VLYPO,Erro ao buscar dados,-,,,,,,,,N/A,N/A,N/A
VLYPP,Erro ao buscar dados,-,,,,,,,,N/A,N/A,N/A
VMAC,Erro ao buscar dados,-,,,,,,,,N/A,N/A,N/A
VMACU,Erro ao buscar dados,-,,,,,,,,N/A,N/A,N/A
VMACW,Erro ao buscar dados,-,,,,,,,,N/A,N/A,N/A
VMAR,Erro ao buscar dados,-,,,,,,,,N/A,N/A,N/A
VMBS,Erro ao buscar dados,-,,,,,,,,N/A,N/A,N/A
VMC,Erro ao buscar dados,-,,,,,,,,N/A,N/A,N/A
VMD,Erro ao buscar dados,-,,,,,,,,N/A,N/A,N/A
VMI,Erro ao buscar dados,-,,,,,,,,N/A,N/A,N/A
VMO,Erro ao buscar dados,-,,,,,,,,N/A,N/A,N/A
VMW,Erro ao buscar dados,-,,,,,,,,N/A,N/A,N/A
VNCE,Erro ao buscar dados,-,,,,,,,,N/A,N/A,N/A
VNDA,Erro ao buscar dados,-,,,,,,,,N/A,N/A,N/A
VNE,Erro ao buscar dados,-,,,,,,,,N/A,N/A,N/A
VNET,Erro ao buscar dados,-,,,,,,,,N/A,N/A,N/A
VNO,Erro ao buscar dados,-,,,,,,,,N/A,N/A,N/A
VNOM,Erro ao buscar dados,-,,,,,,,,N/A,N/A,N/A
VNO^K,Erro ao buscar dados,-,,,,,,,,N/A,N/A,N/A
VNO^L,Erro ao buscar dados,-,,,,,,,,N/A,N/A,N/A
VNO^M,Erro ao buscar dados,-,,,,,,,,N/A,N/A,N/A
VNO^N,Erro ao buscar dados,-,,,,,,,,N/A,N/A,N/A
VNQI,Erro ao buscar dados,-,,,,,,,,N/A,N/A,N/A
VNT,Erro ao buscar dados,-,,,,,,,,N/A,N/A,N/A
VNTR,Erro ao buscar dados,-,,,,,,,,N/A,N/A,N/A
VOC,Erro ao buscar dados,-,,,,,,,,N/A,N/A,N/A
VOD,Erro ao buscar dados,-,,,,,,,,N/A,N/A,N/A
VONE,Erro ao buscar dados,-,,,,,,,,N/A,N/A,N/A
VONG,Erro ao buscar dados,-,,,,,,,,N/A,N/A,N/A
VONV,Erro ao buscar dados,-,,,,,,,,N/A,N/A,N/A
VOSOU,Erro ao buscar dados,-,,,,,,,,N/A,N/A,N/A
VOXX,Erro ao buscar dados,-,,,,,,,,N/A,N/A,N/A
VOYA,Erro ao buscar dados,-,,,,,,,,N/A,N/A,N/A
VOYA^B,Erro ao buscar dados,-,,,,,,,,N/A,N/A,N/A
VPG,Erro ao buscar dados,-,,,,,,,,N/A,N/A,N/A
VPN,Erro ao buscar dados,-,,,,,,,,N/A,N/A,N/A
VPV,Erro ao buscar dados,-,,,,,,,,N/A,N/A,N/A
VRA,Erro ao buscar dados,-,,,,,,,,N/A,N/A,N/A
VRAY,Erro ao buscar dados,-,,,,,,,,N/A,N/A,N/A
VRCA,Erro ao buscar dados,-,,,,,,,,N/A,N/A,N/A
VRDN,Erro ao buscar dados,-,,,,,,,,N/A,N/A,N/A
VREX,Erro ao buscar dados,-,,,,,,,,N/A,N/A,N/A
VSSYW,Erro ao buscar dados,-,,,,,,,,N/A,N/A,N/A
VST,Erro ao buscar dados,-,,,,,,,,N/A,N/A,N/A
VST.WS.A,Erro ao buscar dados,-,,,,,,,,N/A,N/A,N/A
VSTA,Erro ao buscar dados,-,,,,,,,,N/A,N/A,N/A
VSTM,Erro ao buscar dados,-,,,,,,,,N/A,N/A,N/A
VSTO,Erro ao buscar dados,-,,,,,,,,N/A,N/A,N/A
VTA,Erro ao buscar dados,-,,,,,,,,N/A,N/A,N/A
VTAQU,Erro ao buscar dados,-,,,,,,,,N/A,N/A,N/A
VTC,Erro ao buscar dados,-,,,,,,,,N/A,N/A,N/A
VTGN,Erro ao buscar dados,-,,,,,,,,N/A,N/A,N/A
VTHR,Erro ao buscar dados,-,,,,,,,,N/A,N/A,N/A
VTIP,Erro ao buscar dados,-,,,,,,,,N/A,N/A,N/A
VTIQU,Erro ao buscar dados,-,,,,,,,,N/A,N/A,N/A
VTN,Erro ao buscar dados,-,,,,,,,,N/A,N/A,N/A
VTNR,Erro ao buscar dados,-,,,,,,,,N/A,N/A,N/A
VTOL,Erro ao buscar dados,-,,,,,,,,N/A,N/A,N/A
VTR,Erro ao buscar dados,-,,,,,,,,N/A,N/A,N/A
VTRN,Erro ao buscar dados,-,,,,,,,,N/A,N/A,N/A
VTRS,Erro ao buscar dados,-,,,,,,,,N/A,N/A,N/A
VTRU,Erro ao buscar dados,-,,,,,,,,N/A,N/A,N/A
VTSI,Erro ao buscar dados,-,,,,,,,,N/A,N/A,N/A
VTVT,Erro ao buscar dados,-,,,,,,,,N/A,N/A,N/A
VTWG,Erro ao buscar dados,-,,,,,,,,N/A,N/A,N/A
VTWO,Erro ao buscar dados,-,,,,,,,,N/A,N/A,N/A
VTWV,Erro ao buscar dados,-,,,,,,,,N/A,N/A,N/A
VRIG,Erro ao buscar dados,-,,,,,,,,N/A,N/A,N/A
VRM,Erro ao buscar dados,-,,,,,,,,N/A,N/A,N/A
VRME,Erro ao buscar dados,-,,,,,,,,N/A,N/A,N/A
VRMEW,Erro ao buscar dados,-,,,,,,,,N/A,N/A,N/A
VRNA,Erro ao buscar dados,-,,,,,,,,N/A,N/A,N/A
VRNS,Erro ao buscar dados,-,,,,,,,,N/A,N/A,N/A
VRNT,Erro ao buscar dados,-,,,,,,,,N/A,N/A,N/A
VRRM,Erro ao buscar dados,-,,,,,,,,N/A,N/A,N/A
VRS,Erro ao buscar dados,-,,,,,,,,N/A,N/A,N/A
VRSK,Erro ao buscar dados,-,,,,,,,,N/A,N/A,N/A
VRSN,Erro ao buscar dados,-,,,,,,,,N/A,N/A,N/A
VRT,Erro ao buscar dados,-,,,,,,,,N/A,N/A,N/A
VRTS,Erro ao buscar dados,-,,,,,,,,N/A,N/A,N/A
VRTU,Erro ao buscar dados,-,,,,,,,,N/A,N/A,N/A
VRTV,Erro ao buscar dados,-,,,,,,,,N/A,N/A,N/A
VRTX,Erro ao buscar dados,-,,,,,,,,N/A,N/A,N/A
VS,Erro ao buscar dados,-,,,,,,,,N/A,N/A,N/A
VSAT,Erro ao buscar dados,-,,,,,,,,N/A,N/A,N/A
VSDA,Erro ao buscar dados,-,,,,,,,,N/A,N/A,N/A
VSEC,Erro ao buscar dados,-,,,,,,,,N/A,N/A,N/A
VSH,Erro ao buscar dados,-,,,,,,,,N/A,N/A,N/A
VSMV,Erro ao buscar dados,-,,,,,,,,N/A,N/A,N/A
VSPR,Erro ao buscar dados,-,,,,,,,,N/A,N/A,N/A
VSPRU,Erro ao buscar dados,-,,,,,,,,N/A,N/A,N/A
VSPRW,Erro ao buscar dados,-,,,,,,,,N/A,N/A,N/A
VUSE,Erro ao buscar dados,-,,,,,,,,N/A,N/A,N/A
VUZI,Erro ao buscar dados,-,,,,,,,,N/A,N/A,N/A
VVI,Erro ao buscar dados,-,,,,,,,,N/A,N/A,N/A
VVNT,Erro ao buscar dados,-,,,,,,,,N/A,N/A,N/A
VVOS,Erro ao buscar dados,-,,,,,,,,N/A,N/A,N/A
VVPR,Erro ao buscar dados,-,,,,,,,,N/A,N/A,N/A
VVR,Erro ao buscar dados,-,,,,,,,,N/A,N/A,N/A
VVV,Erro ao buscar dados,-,,,,,,,,N/A,N/A,N/A
VWOB,Erro ao buscar dados,-,,,,,,,,N/A,N/A,N/A
VXRT,Erro ao buscar dados,-,,,,,,,,N/A,N/A,N/A
VXUS,Erro ao buscar dados,-,,,,,,,,N/A,N/A,N/A
VYGG,Erro ao buscar dados,-,,,,,,,,N/A,N/A,N/A
VYGG.U,Erro ao buscar dados,-,,,,,,,,N/A,N/A,N/A
VYGG.WS,Erro ao buscar dados,-,,,,,,,,N/A,N/A,N/A
VYGR,Erro ao buscar dados,-,,,,,,,,N/A,N/A,N/A
VYMI,Erro ao buscar dados,-,,,,,,,,N/A,N/A,N/A
VYNE,Erro ao buscar dados,-,,,,,,,,N/A,N/A,N/A
VZ,Erro ao buscar dados,-,,,,,,,,N/A,N/A,N/A
W,Erro ao buscar dados,-,,,,,,,,N/A,N/A,N/A
WAB,Erro ao buscar dados,-,,,,,,,,N/A,N/A,N/A
WABC,Erro ao buscar dados,-,,,,,,,,N/A,N/A,N/A
WAFD,Erro ao buscar dados,-,,,,,,,,N/A,N/A,N/A
WAFU,Erro ao buscar dados,-,,,,,,,,N/A,N/A,N/A
WAL,Erro ao buscar dados,-,,,,,,,,N/A,N/A,N/A
WALA,Erro ao buscar dados,-,,,,,,,,N/A,N/A,N/A
WASH,Erro ao buscar dados,-,,,,,,,,N/A,N/A,N/A
WAT,Erro ao buscar dados,-,,,,,,,,N/A,N/A,N/A
WATT,Erro ao buscar dados,-,,,,,,,,N/A,N/A,N/A
WB,Erro ao buscar dados,-,,,,,,,,N/A,N/A,N/A
WBA,Erro ao buscar dados,-,,,,,,,,N/A,N/A,N/A
WBAI,Erro ao buscar dados,-,,,,,,,,N/A,N/A,N/A
WBK,Erro ao buscar dados,-,,,,,,,,N/A,N/A,N/A
WBND,Erro ao buscar dados,-,,,,,,,,N/A,N/A,N/A
WBS,Erro ao buscar dados,-,,,,,,,,N/A,N/A,N/A
WBS^F,Erro ao buscar dados,-,,,,,,,,N/A,N/A,N/A
WBT,Erro ao buscar dados,-,,,,,,,,N/A,N/A,N/A
WCC,Erro ao buscar dados,-,,,,,,,,N/A,N/A,N/A
WCC^A,Erro ao buscar dados,-,,,,,,,,N/A,N/A,N/A
WCLD,Erro ao buscar dados,-,,,,,,,,N/A,N/A,N/A
WCN,Erro ao buscar dados,-,,,,,,,,N/A,N/A,N/A
WD,Erro ao buscar dados,-,,,,,,,,N/A,N/A,N/A
WDAY,Erro ao buscar dados,-,,,,,,,,N/A,N/A,N/A
WDC,Erro ao buscar dados,-,,,,,,,,N/A,N/A,N/A
WDFC,Erro ao buscar dados,-,,,,,,,,N/A,N/A,N/A
WDR,Erro ao buscar dados,-,,,,,,,,N/A,N/A,N/A
WEA,Erro ao buscar dados,-,,,,,,,,N/A,N/A,N/A
WEC,Erro ao buscar dados,-,,,,,,,,N/A,N/A,N/A
WEGE3.SA,Erro ao buscar dados,-,,,,,,,,N/A,N/A,N/A
WEI,Erro ao buscar dados,-,,,,,,,,N/A,N/A,N/A
WELL,Erro ao buscar dados,-,,,,,,,,N/A,N/A,N/A
WEN,Erro ao buscar dados,-,,,,,,,,N/A,N/A,N/A
WERN,Erro ao buscar dados,-,,,,,,,,N/A,N/A,N/A
WES,Erro ao buscar dados,-,,,,,,,,N/A,N/A,N/A
WETF,Erro ao buscar dados,-,,,,,,,,N/A,N/A,N/A
WEX,Erro ao buscar dados,-,,,,,,,,N/A,N/A,N/A
WEYS,Erro ao buscar dados,-,,,,,,,,N/A,N/A,N/A
WF,Erro ao buscar dados,-,,,,,,,,N/A,N/A,N/A
WFC,Erro ao buscar dados,-,,,,,,,,N/A,N/A,N/A
WFC^A,Erro ao buscar dados,-,,,,,,,,N/A,N/A,N/A
WFC^L,Erro ao buscar dados,-,,,,,,,,N/A,N/A,N/A
WFC^N,Erro ao buscar dados,-,,,,,,,,N/A,N/A,N/A
WFC^O,Erro ao buscar dados,-,,,,,,,,N/A,N/A,N/A
WFC^P,Erro ao buscar dados,-,,,,,,,,N/A,N/A,N/A
WFC^Q,Erro ao buscar dados,-,,,,,,,,N/A,N/A,N/A
WFC^R,Erro ao buscar dados,-,,,,,,,,N/A,N/A,N/A
WFC^W,Erro ao buscar dados,-,,,,,,,,N/A,N/A,N/A
WFC^X,Erro ao buscar dados,-,,,,,,,,N/A,N/A,N/A
WFC^Y,Erro ao buscar dados,-,,,,,,,,N/A,N/A,N/A
WFC^Z,Erro ao buscar dados,-,,,,,,,,N/A,N/A,N/A
WGO,Erro ao buscar dados,-,,,,,,,,N/A,N/A,N/A
WH,Erro ao buscar dados,-,,,,,,,,N/A,N/A,N/A
WHD,Erro ao buscar dados,-,,,,,,,,N/A,N/A,N/A
WHF,Erro ao buscar dados,-,,,,,,,,N/A,N/A,N/A
WHFBZ,Erro ao buscar dados,-,,,,,,,,N/A,N/A,N/A
WHG,Erro ao buscar dados,-,,,,,,,,N/A,N/A,N/A
WHLM,Erro ao buscar dados,-,,,,,,,,N/A,N/A,N/A
WHLR,Erro ao buscar dados,-,,,,,,,,N/A,N/A,N/A
WHLRD,Erro ao buscar dados,-,,,,,,,,N/A,N/A,N/A
WHLRP,Erro ao buscar dados,-,,,,,,,,N/A,N/A,N/A
WHR,Erro ao buscar dados,-,,,,,,,,N/A,N/A,N/A
WIA,Erro ao buscar dados,-,,,,,,,,N/A,N/A,N/A
WIFI,Erro ao buscar dados,-,,,,,,,,N/A,N/A,N/A
WILC,Erro ao buscar dados,-,,,,,,,,N/A,N/A,N/A
WIMI,Erro ao buscar dados,-,,,,,,,,N/A,N/A,N/A
WINA,Erro ao buscar dados,-,,,,,,,,N/A,N/A,N/A
WINC,Erro ao buscar dados,-,,,,,,,,N/A,N/A,N/A
WING,Erro ao buscar dados,-,,,,,,,,N/A,N/A,N/A
WINT,Erro ao buscar dados,-,,,,,,,,N/A,N/A,N/A
WIRE,Erro ao buscar dados,-,,,,,,,,N/A,N/A,N/A
WISA,Erro ao buscar dados,-,,,,,,,,N/A,N/A,N/A
WISH,Erro ao buscar dados,-,,,,,,,,N/A,N/A,N/A
WIT,Erro ao buscar dados,-,,,,,,,,N/A,N/A,N/A
WIW,Erro ao buscar dados,-,,,,,,,,N/A,N/A,N/A
WIX,Erro ao buscar dados,-,,,,,,,,N/A,N/A,N/A
WK,Erro ao buscar dados,-,,,,,,,,N/A,N/A,N/A
WKEY,Erro ao buscar dados,-,,,,,,,,N/A,N/A,N/A
WKHS,Erro ao buscar dados,-,,,,,,,,N/A,N/A,N/A
WLDN,Erro ao buscar dados,-,,,,,,,,N/A,N/A,N/A
WLFC,Erro ao buscar dados,-,,,,,,,,N/A,N/A,N/A
WLK,Erro ao buscar dados,-,,,,,,,,N/A,N/A,N/A
WPG^H,Erro ao buscar dados,-,,,,,,,,N/A,N/A,N/A
WPG^I,Erro ao buscar dados,-,,,,,,,,N/A,N/A,N/A
WPM,Erro ao buscar dados,-,,,,,,,,N/A,N/A,N/A
WPP,Erro ao buscar dados,-,,,,,,,,N/A,N/A,N/A
WPRT,Erro ao buscar dados,-,,,,,,,,N/A,N/A,N/A
WRAP,Erro ao buscar dados,-,,,,,,,,N/A,N/A,N/A
WRB,Erro ao buscar dados,-,,,,,,,,N/A,N/A,N/A
WRB^C,Erro ao buscar dados,-,,,,,,,,N/A,N/A,N/A
WRB^D,Erro ao buscar dados,-,,,,,,,,N/A,N/A,N/A
WRB^E,Erro ao buscar dados,-,,,,,,,,N/A,N/A,N/A
WRB^F,Erro ao buscar dados,-,,,,,,,,N/A,N/A,N/A
WRB^G,Erro ao buscar dados,-,,,,,,,,N/A,N/A,N/A
WRE,Erro ao buscar dados,-,,,,,,,,N/A,N/A,N/A
WRI,Erro ao buscar dados,-,,,,,,,,N/A,N/A,N/A
WRK,Erro ao buscar dados,-,,,,,,,,N/A,N/A,N/A
WRLD,Erro ao buscar dados,-,,,,,,,,N/A,N/A,N/A
WSBC,Erro ao buscar dados,-,,,,,,,,N/A,N/A,N/A
WSBCP,Erro ao buscar dados,-,,,,,,,,N/A,N/A,N/A
WSBF,Erro ao buscar dados,-,,,,,,,,N/A,N/A,N/A
WSC,Erro ao buscar dados,-,,,,,,,,N/A,N/A,N/A
WSFS,Erro ao buscar dados,-,,,,,,,,N/A,N/A,N/A
WSG,Erro ao buscar dados,-,,,,,,,,N/A,N/A,N/A
WSM,Erro ao buscar dados,-,,,,,,,,N/A,N/A,N/A
WSO,Erro ao buscar dados,-,,,,,,,,N/A,N/A,N/A
WSO.B,Erro ao buscar dados,-,,,,,,,,N/A,N/A,N/A
WLKP,Erro ao buscar dados,-,,,,,,,,N/A,N/A,N/A
WLL,Erro ao buscar dados,-,,,,,,,,N/A,N/A,N/A
WLTW,Erro ao buscar dados,-,,,,,,,,N/A,N/A,N/A
WM,Erro ao buscar dados,-,,,,,,,,N/A,N/A,N/A
WMB,Erro ao buscar dados,-,,,,,,,,N/A,N/A,N/A
WMC,Erro ao buscar dados,-,,,,,,,,N/A,N/A,N/A
WMG,Erro ao buscar dados,-,,,,,,,,N/A,N/A,N/A
WMK,Erro ao buscar dados,-,,,,,,,,N/A,N/A,N/A
WMS,Erro ao buscar dados,-,,,,,,,,N/A,N/A,N/A
WMT,Erro ao buscar dados,-,,,,,,,,N/A,N/A,N/A
WNC,Erro ao buscar dados,-,,,,,,,,N/A,N/A,N/A
WNEB,Erro ao buscar dados,-,,,,,,,,N/A,N/A,N/A
WNS,Erro ao buscar dados,-,,,,,,,,N/A,N/A,N/A
WNW,Erro ao buscar dados,-,,,,,,,,N/A,N/A,N/A
WOOD,Erro ao buscar dados,-,,,,,,,,N/A,N/A,N/A
WOOF,Erro ao buscar dados,-,,,,,,,,N/A,N/A,N/A
WOR,Erro ao buscar dados,-,,,,,,,,N/A,N/A,N/A
WORK,Erro ao buscar dados,-,,,,,,,,N/A,N/A,N/A
WORX,Erro ao buscar dados,-,,,,,,,,N/A,N/A,N/A
WOW,Erro ao buscar dados,-,,,,,,,,N/A,N/A,N/A
WPC,Erro ao buscar dados,-,,,,,,,,N/A,N/A,N/A
WPF,Erro ao buscar dados,-,,,,,,,,N/A,N/A,N/A
WPF.U,Erro ao buscar dados,-,,,,,,,,N/A,N/A,N/A
WPF.WS,Erro ao buscar dados,-,,,,,,,,N/A,N/A,N/A
WPG,Erro ao buscar dados,-,,,,,,,,N/A,N/A,N/A
WSR,Erro ao buscar dados,-,,,,,,,,N/A,N/A,N/A
WST,Erro ao buscar dados,-,,,,,,,,N/A,N/A,N/A
WSTG,Erro ao buscar dados,-,,,,,,,,N/A,N/A,N/A
WTBA,Erro ao buscar dados,-,,,,,,,,N/A,N/A,N/A
WTER,Erro ao buscar dados,-,,,,,,,,N/A,N/A,N/A
WTFC,Erro ao buscar dados,-,,,,,,,,N/A,N/A,N/A
WTFCM,Erro ao buscar dados,-,,,,,,,,N/A,N/A,N/A
WTFCP,Erro ao buscar dados,-,,,,,,,,N/A,N/A,N/A
WTI,Erro ao buscar dados,-,,,,,,,,N/A,N/A,N/A
WTM,Erro ao buscar dados,-,,,,,,,,N/A,N/A,N/A
WTRE,Erro ao buscar dados,-,,,,,,,,N/A,N/A,N/A
WTREP,Erro ao buscar dados,-,,,,,,,,N/A,N/A,N/A
WTRG,Erro ao buscar dados,-,,,,,,,,N/A,N/A,N/A
WTRH,Erro ao buscar dados,-,,,,,,,,N/A,N/A,N/A
WTRU,Erro ao buscar dados,-,,,,,,,,N/A,N/A,N/A
WTS,Erro ao buscar dados,-,,,,,,,,N/A,N/A,N/A
WTTR,Erro ao buscar dados,-,,,,,,,,N/A,N/A,N/A
WU,Erro ao buscar dados,-,,,,,,,,N/A,N/A,N/A
WVE,Erro ao buscar dados,-,,,,,,,,N/A,N/A,N/A
WVFC,Erro ao buscar dados,-,,,,,,,,N/A,N/A,N/A
WVVI,Erro ao buscar dados,-,,,,,,,,N/A,N/A,N/A
WVVIP,Erro ao buscar dados,-,,,,,,,,N/A,N/A,N/A
WW,Erro ao buscar dados,-,,,,,,,,N/A,N/A,N/A
WWD,Erro ao buscar dados,-,,,,,,,,N/A,N/A,N/A
WWE,Erro ao buscar dados,-,,,,,,,,N/A,N/A,N/A
WWR,Erro ao buscar dados,-,,,,,,,,N/A,N/A,N/A
WWW,Erro ao buscar dados,-,,,,,,,,N/A,N/A,N/A
WY,Erro ao buscar dados,-,,,,,,,,N/A,N/A,N/A
WYND,Erro ao buscar dados,-,,,,,,,,N/A,N/A,N/A
WYNN,Erro ao buscar dados,-,,,,,,,,N/A,N/A,N/A
X,Erro ao buscar dados,-,,,,,,,,N/A,N/A,N/A
XAIR,Erro ao buscar dados,-,,,,,,,,N/A,N/A,N/A
XAN,Erro ao buscar dados,-,,,,,,,,N/A,N/A,N/A
XAN^C,Erro ao buscar dados,-,,,,,,,,N/A,N/A,N/A
XBIO,Erro ao buscar dados,-,,,,,,,,N/A,N/A,N/A
XBIOW,Erro ao buscar dados,-,,,,,,,,N/A,N/A,N/A
XBIT,Erro ao buscar dados,-,,,,,,,,N/A,N/A,N/A
XCUR,Erro ao buscar dados,-,,,,,,,,N/A,N/A,N/A
XEC,Erro ao buscar dados,-,,,,,,,,N/A,N/A,N/A
XEL,Erro ao buscar dados,-,,,,,,,,N/A,N/A,N/A
XELA,Erro ao buscar dados,-,,,,,,,,N/A,N/A,N/A
XELB,Erro ao buscar dados,-,,,,,,,,N/A,N/A,N/A
XENE,Erro ao buscar dados,-,,,,,,,,N/A,N/A,N/A
XENT,Erro ao buscar dados,-,,,,,,,,N/A,N/A,N/A
XERS,Erro ao buscar dados,-,,,,,,,,N/A,N/A,N/A
XFLT,Erro ao buscar dados,-,,,,,,,,N/A,N/A,N/A
XFOR,Erro ao buscar dados,-,,,,,,,,N/A,N/A,N/A
XGN,Erro ao buscar dados,-,,,,,,,,N/A,N/A,N/A
XHR,Erro ao buscar dados,-,,,,,,,,N/A,N/A,N/A
XIN,Erro ao buscar dados,-,,,,,,,,N/A,N/A,N/A
ZYXI,Erro ao buscar dados,-,,,,,,,,N/A,N/A,N/A
XL,Erro ao buscar dados,-,,,,,,,,N/A,N/A,N/A
XL.WS,Erro ao buscar dados,-,,,,,,,,N/A,N/A,N/A
XLNX,Erro ao buscar dados,-,,,,,,,,N/A,N/A,N/A
XLRN,Erro ao buscar dados,-,,,,,,,,N/A,N/A,N/A
XNCR,Erro ao buscar dados,-,,,,,,,,N/A,N/A,N/A
XNET,Erro ao buscar dados,-,,,,,,,,N/A,N/A,N/A
XOG,Erro ao buscar dados,-,,,,,,,,N/A,N/A,N/A
XOM,Erro ao buscar dados,-,,,,,,,,N/A,N/A,N/A
XOMA,Erro ao buscar dados,-,,,,,,,,N/A,N/A,N/A
XOMAP,Erro ao buscar dados,-,,,,,,,,N/A,N/A,N/A
XONE,Erro ao buscar dados,-,,,,,,,,N/A,N/A,N/A
XP,Erro ao buscar dados,-,,,,,,,,N/A,N/A,N/A
XPEL,Erro ao buscar dados,-,,,,,,,,N/A,N/A,N/A
XPER,Erro ao buscar dados,-,,,,,,,,N/A,N/A,N/A
XPEV,Erro ao buscar dados,-,,,,,,,,N/A,N/A,N/A
XPO,Erro ao buscar dados,-,,,,,,,,N/A,N/A,N/A
XPOA,Erro ao buscar dados,-,,,,,,,,N/A,N/A,N/A
XPOA.U,Erro ao buscar dados,-,,,,,,,,N/A,N/A,N/A
XPOA.WS,Erro ao buscar dados,-,,,,,,,,N/A,N/A,N/A
XRAY,Erro ao buscar dados,-,,,,,,,,N/A,N/A,N/A
XRX,Erro ao buscar dados,-,,,,,,,,N/A,N/A,N/A
XSPA,Erro ao buscar dados,-,,,,,,,,N/A,N/A,N/A
XT,Erro ao buscar dados,-,,,,,,,,N/A,N/A,N/A
XTLB,Erro ao buscar dados,-,,,,,,,,N/A,N/A,N/A
XYF,Erro ao buscar dados,-,,,,,,,,N/A,N/A,N/A
XYL,Erro ao buscar dados,-,,,,,,,,N/A,N/A,N/A
Y,Erro ao buscar dados,-,,,,,,,,N/A,N/A,N/A
YAC,Erro ao buscar dados,-,,,,,,,,N/A,N/A,N/A
YAC.U,Erro ao buscar dados,-,,,,,,,,N/A,N/A,N/A
YAC.WS,Erro ao buscar dados,-,,,,,,,,N/A,N/A,N/A
YALA,Erro ao buscar dados,-,,,,,,,,N/A,N/A,N/A
YDUQ3.SA,Erro ao buscar dados,-,,,,,,,,N/A,N/A,N/A
YELP,Erro ao buscar dados,-,,,,,,,,N/A,N/A,N/A
YETI,Erro ao buscar dados,-,,,,,,,,N/A,N/A,N/A
YEXT,Erro ao buscar dados,-,,,,,,,,N/A,N/A,N/A
YGMZ,Erro ao buscar dados,-,,,,,,,,N/A,N/A,N/A
YI,Erro ao buscar dados,-,,,,,,,,N/A,N/A,N/A
YJ,Erro ao buscar dados,-,,,,,,,,N/A,N/A,N/A
YLCO,Erro ao buscar dados,-,,,,,,,,N/A,N/A,N/A
YLDE,Erro ao buscar dados,-,,,,,,,,N/A,N/A,N/A
YMAB,Erro ao buscar dados,-,,,,,,,,N/A,N/A,N/A
YMTX,Erro ao buscar dados,-,,,,,,,,N/A,N/A,N/A
YNDX,Erro ao buscar dados,-,,,,,,,,N/A,N/A,N/A
YORW,Erro ao buscar dados,-,,,,,,,,N/A,N/A,N/A
YPF,Erro ao buscar dados,-,,,,,,,,N/A,N/A,N/A
YQ,Erro ao buscar dados,-,,,,,,,,N/A,N/A,N/A
YRCW,Erro ao buscar dados,-,,,,,,,,N/A,N/A,N/A
YRD,Erro ao buscar dados,-,,,,,,,,N/A,N/A,N/A
YSAC,Erro ao buscar dados,-,,,,,,,,N/A,N/A,N/A
YSACU,Erro ao buscar dados,-,,,,,,,,N/A,N/A,N/A
YSACW,Erro ao buscar dados,-,,,,,,,,N/A,N/A,N/A
YSG,Erro ao buscar dados,-,,,,,,,,N/A,N/A,N/A
YTEN,Erro ao buscar dados,-,,,,,,,,N/A,N/A,N/A
YTRA,Erro ao buscar dados,-,,,,,,,,N/A,N/A,N/A
YUM,Erro ao buscar dados,-,,,,,,,,N/A,N/A,N/A
YUMC,Erro ao buscar dados,-,,,,,,,,N/A,N/A,N/A
YVR,Erro ao buscar dados,-,,,,,,,,N/A,N/A,N/A
YY,Erro ao buscar dados,-,,,,,,,,N/A,N/A,N/A
Z,Erro ao buscar dados,-,,,,,,,,N/A,N/A,N/A
ZAGG,Erro ao buscar dados,-,,,,,,,,N/A,N/A,N/A
ZBH,Erro ao buscar dados,-,,,,,,,,N/A,N/A,N/A
ZBRA,Erro ao buscar dados,-,,,,,,,,N/A,N/A,N/A
ZCMD,Erro ao buscar dados,-,,,,,,,,N/A,N/A,N/A
ZEAL,Erro ao buscar dados,-,,,,,,,,N/A,N/A,N/A
ZEN,Erro ao buscar dados,-,,,,,,,,N/A,N/A,N/A
ZEUS,Erro ao buscar dados,-,,,,,,,,N/A,N/A,N/A
ZG,Erro ao buscar dados,-,,,,,,,,N/A,N/A,N/A
ZGNX,Erro ao buscar dados,-,,,,,,,,N/A,N/A,N/A
ZGYH,Erro ao buscar dados,-,,,,,,,,N/A,N/A,N/A
ZGYHR,Erro ao buscar dados,-,,,,,,,,N/A,N/A,N/A
ZGYHU,Erro ao buscar dados,-,,,,,,,,N/A,N/A,N/A
ZGYHW,Erro ao buscar dados,-,,,,,,,,N/A,N/A,N/A
ZI,Erro ao buscar dados,-,,,,,,,,N/A,N/A,N/A
ZION,Erro ao buscar dados,-,,,,,,,,N/A,N/A,N/A
ZIONL,Erro ao buscar dados,-,,,,,,,,N/A,N/A,N/A
ZIONN,Erro ao buscar dados,-,,,,,,,,N/A,N/A,N/A
ZIONO,Erro ao buscar dados,-,,,,,,,,N/A,N/A,N/A
ZIONP,Erro ao buscar dados,-,,,,,,,,N/A,N/A,N/A
ZIOP,Erro ao buscar dados,-,,,,,,,,N/A,N/A,N/A
ZIXI,Erro ao buscar dados,-,,,,,,,,N/A,N/A,N/A
ZKIN,Erro ao buscar dados,-,,,,,,,,N/A,N/A,N/A
ZLAB,Erro ao buscar dados,-,,,,,,,,N/A,N/A,N/A
ZM,Erro ao buscar dados,-,,,,,,,,N/A,N/A,N/A
ZNGA,Erro ao buscar dados,-,,,,,,,,N/A,N/A,N/A
ZNH,Erro ao buscar dados,-,,,,,,,,N/A,N/A,N/A
ZNTE,Erro ao buscar dados,-,,,,,,,,N/A,N/A,N/A
ZNTEU,Erro ao buscar dados,-,,,,,,,,N/A,N/A,N/A
ZNTEW,Erro ao buscar dados,-,,,,,,,,N/A,N/A,N/A
ZNTL,Erro ao buscar dados,-,,,,,,,,N/A,N/A,N/A
ZS,Erro ao buscar dados,-,,,,,,,,N/A,N/A,N/A
ZSAN,Erro ao buscar dados,-,,,,,,,,N/A,N/A,N/A
ZTEST,Erro ao buscar dados,-,,,,,,,,N/A,N/A,N/A
ZTO,Erro ao buscar dados,-,,,,,,,,N/A,N/A,N/A
ZTR,Erro ao buscar dados,-,,,,,,,,N/A,N/A,N/A
ZTS,Erro ao buscar dados,-,,,,,,,,N/A,N/A,N/A
ZUMZ,Erro ao buscar dados,-,,,,,,,,N/A,N/A,N/A
ZUO,Erro ao buscar dados,-,,,,,,,,N/A,N/A,N/A
ZVO,Erro ao buscar dados,-,,,,,,,,N/A,N/A,N/A
ZYME,Erro ao buscar dados,-,,,,,,,,N/A,N/A,N/A
ZYNE,Erro ao buscar dados,-,,,,,,,,N/A,N/A,N/A
